id_carga,id_usuario,tipo_conservacion,rango_inicial_temperatura_requerida,rango_final_temperatura_requerida,ubicacion_origen,fecha_creacion,fecha_actualizacion,observaciones
edc48715-e882-44de-86a4-2cd58a4defc5,fee75ce3-2840-4715-ad14-73aa3be68876,refrigerado,28.54,67.18,Independencia,2025-06-01T00:13:19.652612,2025-06-01T00:13:19.652612,Numquam doloremque atque esse enim porro mollitia porro.
1fe7673a-a14a-4530-86df-a1a7a20ba9e5,bee4e019-ecc8-4cab-9eb1-cd4568291c53,congelado,94.08,53.85,Independencia,2025-06-01T00:23:19.652612,2025-06-01T00:23:19.652612,Quisquam vel alias id similique.
941e4ce8-c0dd-446e-9a8a-8cf37c7dc060,e1fd5b85-b84b-434e-b073-de1d9c81bf25,seco,55.38,32.18,Esmeralda,2025-06-01T00:26:19.652612,2025-06-01T00:26:19.652612,Autem temporibus laborum amet atque assumenda odio reiciendis.
7633b67e-7d3e-40b1-bb96-64a52f4a31e1,8f98c08f-06be-4d6c-9c4c-8bf0192d9985,seco,86.03,29.18,Esmeralda,2025-06-01T00:19:19.652612,2025-06-01T00:19:19.652612,A nemo in ratione.
88830a46-c6ad-4664-9892-acc3cdf05ab7,e492f7e6-295d-42c4-8881-7ff94a725533,congelado,69.67,17.29,Esmeralda,2025-06-01T00:31:19.652612,2025-06-01T00:31:19.652612,Architecto nesciunt quas id dolorem eum cumque provident.
21204719-fadc-4048-aff4-95fb76ef6fdd,5ecf6353-f300-45db-b30c-01edc66c3b26,congelado,89.11,87.27,Huaral,2025-06-01T00:21:19.652612,2025-06-01T00:21:19.652612,Laboriosam mollitia voluptatem consequatur molestias voluptatem cupiditate.
7d727771-75ad-41be-9eb7-00d301635c88,54227fb2-eabe-407b-bafa-475233c6572b,refrigerado,10.81,30.93,Chincha,2025-06-01T00:18:19.652612,2025-06-01T00:18:19.652612,Itaque vel aperiam.
6265dc2b-4ef2-43d9-afd1-3144312aaae2,ff832fea-1ac6-4a2f-8b96-5f67d2045156,refrigerado,32.97,52.5,Chincha,2025-06-01T00:22:19.652612,2025-06-01T00:22:19.652612,Ducimus sit sequi voluptatibus nobis ut.
a86c7d75-2cb2-4292-886e-26449bb71586,f3d0c779-4304-43a1-bf18-71914c3b3c89,seco,5.46,52.94,Independencia,2025-06-01T00:27:19.652612,2025-06-01T00:27:19.652612,Quis fugiat non magnam.
4a014212-0319-41fd-8b4b-6925463299e6,68c88b9a-9e4c-46c2-9a9f-f9b852b1c254,congelado,79.63,63.64,Independencia,2025-06-01T00:28:19.652612,2025-06-01T00:28:19.652612,Accusantium cum id necessitatibus dolorum.
b0ce01f5-0178-4827-a750-9e8d7c813c7d,0675298b-f135-4b90-ac9d-1f7919b7cd93,congelado,63.52,5.7,Chincha,2025-06-01T00:34:19.652612,2025-06-01T00:34:19.652612,Error similique illum vitae possimus laborum aut.
5af11315-fe53-4a04-86bd-173762d4dc6d,176b87d7-0bf5-464c-9de4-4c795f0ef336,refrigerado,41.83,95.59,Independencia,2025-06-01T00:29:19.652612,2025-06-01T00:29:19.652612,Eos veritatis numquam libero.
29361541-6282-44e5-ba22-9441816b9bcd,f8083d2b-3f83-4840-af36-ce810673eea7,seco,17.6,51.11,Chincha,2025-06-01T00:23:19.652612,2025-06-01T00:23:19.652612,Fugit laborum iste sint sed.
a8b7db97-407b-45d2-9a88-1cae9bb94be3,3d12d450-ab72-4396-ae4d-7b4b48ed54aa,congelado,93.01,86.46,Chincha,2025-06-01T00:25:19.652612,2025-06-01T00:25:19.652612,Totam maxime ducimus cum quae animi alias.
f1abff0b-4b7a-4fbf-8965-0cd22cc78d1c,82aac3de-6993-4729-8536-b25c73367ef4,refrigerado,8.75,46.33,Esmeralda,2025-06-01T00:34:19.652612,2025-06-01T00:34:19.652612,Iusto quia impedit consequuntur aliquid vitae nihil.
a8fe1c03-0455-47ac-9c67-a54e3465987a,f1b27759-9dbc-473c-a6ab-8d4c2e132b11,refrigerado,13.74,46.37,Huaral,2025-06-01T00:36:19.652612,2025-06-01T00:36:19.652612,Impedit quis inventore minima ipsum.
17a533fe-aef6-44df-b683-1714935409d0,3d3ea4c7-d4cd-4afa-a416-bbb8ebefe34b,refrigerado,67.69,18.69,Chincha,2025-06-01T00:38:19.652612,2025-06-01T00:38:19.652612,Nihil voluptas provident recusandae facere.
10e3cfe2-430d-4f45-a8db-a5b0e7b81662,b75dc761-d43d-411a-8c59-eb6861403b40,seco,79.73,85.08,Chincha,2025-06-01T00:27:19.652612,2025-06-01T00:27:19.652612,Consectetur accusantium eligendi voluptates error necessitatibus.
cb4bef50-23a1-4a02-8aa0-4e4ce298d729,0e9a3284-1e76-42e1-9c95-a1a6e41201eb,refrigerado,85.63,5.85,Independencia,2025-06-01T00:34:19.652612,2025-06-01T00:34:19.652612,Delectus cupiditate saepe eaque aliquid quam officia tenetur.
d8d841b0-e183-46d7-ad9c-5b70254f70ca,f34b490b-ca66-4f2d-b7b3-778b86951feb,refrigerado,69.95,5.16,Esmeralda,2025-06-01T00:19:19.652612,2025-06-01T00:19:19.652612,Similique atque similique eaque possimus deserunt.
7919dcce-57ee-402b-b6ac-5891ed5b4cd2,8a8da460-8a01-41a1-a04e-38dd75dd3085,seco,93.81,52.25,Chincha,2025-06-01T00:21:19.652612,2025-06-01T00:21:19.652612,Ea illo ipsa porro molestias sed.
8c84aa01-01c7-45c0-830a-6f9e45e2eae9,c27d113d-959d-4496-a042-d71fa91c3239,congelado,49.38,4.65,Huaral,2025-06-01T00:28:19.652612,2025-06-01T00:28:19.652612,Consequatur distinctio odio iusto pariatur.
66dda0aa-0d75-4f9b-b7b4-509b79ad94a4,91f57baa-634f-48f7-83f1-af9839669040,seco,40.93,79.92,Esmeralda,2025-06-01T00:20:19.652612,2025-06-01T00:20:19.652612,Placeat et nemo culpa esse.
7eb7c51d-1324-48c1-be91-0e6f4ebc7516,c3cd6440-2169-4e9a-9ccc-62674641248e,seco,48.83,3.48,Huaral,2025-06-01T00:16:19.652612,2025-06-01T00:16:19.652612,Maiores autem repellendus laboriosam.
a2ee4ffe-22d0-4873-a452-f627731e1459,3d3ea4c7-d4cd-4afa-a416-bbb8ebefe34b,refrigerado,21.34,15.49,Chincha,2025-06-01T00:13:19.652612,2025-06-01T00:13:19.652612,Quisquam cumque aspernatur hic consequatur.
9a6be1e3-a17d-4db7-962e-98f08f1d6653,e39b5846-e8cf-4d74-811a-04f5d5e9c89d,seco,11.54,76.81,Huaral,2025-06-01T00:22:19.652612,2025-06-01T00:22:19.652612,Odit velit sint exercitationem corporis ab quos.
087acee2-9ab3-48ad-8127-69a5e7aa3bac,fd85d3ac-6ad5-42fb-9fd3-77eabfe52bd3,congelado,13.91,78.5,Independencia,2025-06-01T00:18:19.652612,2025-06-01T00:18:19.652612,Eaque totam veritatis deserunt aperiam pariatur placeat.
93c0fa06-2851-46c7-be30-af08598fb709,98e6f282-ee6f-4552-b926-8bedc9277e14,refrigerado,70.82,10.5,Huaral,2025-06-01T00:16:19.652612,2025-06-01T00:16:19.652612,A dicta fugiat itaque earum.
a2710642-a7f0-4521-9a7a-47a10090c8ee,1f25e9e8-6495-45ae-9770-f152dba16582,refrigerado,26.77,31.76,Independencia,2025-06-01T00:32:19.652612,2025-06-01T00:32:19.652612,Laborum adipisci ipsa porro repudiandae ex in.
aacae96d-025a-46d2-b2b7-201a62640437,1aee7c47-fefe-4906-a355-b6e72117fef4,congelado,96.5,24.01,Huaral,2025-06-01T00:23:19.652612,2025-06-01T00:23:19.652612,Hic provident temporibus maxime minima eveniet quam.
483e2e04-9181-49e8-a74b-345769b79a84,810195da-8f81-4eb5-8540-15b843d18f0d,refrigerado,62.26,12.27,Esmeralda,2025-06-01T00:33:19.652612,2025-06-01T00:33:19.652612,Quae minima quis dolore ut.
e3655fac-db63-40ec-a245-7e825919da0b,29de6c13-2913-4b40-965f-bda09a4fc4d9,seco,78.95,92.14,Esmeralda,2025-06-01T00:13:19.652612,2025-06-01T00:13:19.652612,Numquam temporibus quam quas.
f9f29f7f-9542-4d50-8ef2-de5fd2ff74eb,c799ebce-6aa5-4cde-90a4-b38e603947cb,refrigerado,20.26,94.05,Independencia,2025-06-01T00:13:19.652612,2025-06-01T00:13:19.652612,Ratione possimus error soluta.
bc62456c-3f82-468b-8e31-7aa012f466b2,d123b1eb-a154-49a8-9983-3134533db388,seco,8.76,71.76,Esmeralda,2025-06-01T00:38:19.652612,2025-06-01T00:38:19.652612,Sunt delectus sapiente fugit voluptatibus libero velit.
b4533c63-4f25-48e1-918d-1ae1694ff498,d30579d5-1f8a-4e65-b826-72b797b2492a,congelado,42.28,43.19,Chincha,2025-06-01T00:23:19.652612,2025-06-01T00:23:19.652612,Quos suscipit accusantium vitae fugit eaque.
8d46c12f-926f-4d50-a86f-4adcb6e85ede,a5c9a132-0d6d-4629-bc88-d7e3e8c688e7,congelado,72.0,10.81,Independencia,2025-06-01T00:18:19.652612,2025-06-01T00:18:19.652612,Eos eaque velit.
533fb0d7-1a78-4462-8de8-a96553aed52f,b11aadbd-d90f-474c-8787-6343c89975c1,seco,8.07,62.7,Huaral,2025-06-01T00:24:19.652612,2025-06-01T00:24:19.652612,Nesciunt labore recusandae deserunt a quam et quaerat.
cd771dcd-9d3c-423b-8562-1400ca5056b2,7e856126-fd5d-494a-9282-fc8fb2d90b14,refrigerado,14.73,58.3,Esmeralda,2025-06-01T00:20:19.652612,2025-06-01T00:20:19.652612,Eum facilis distinctio dolore dicta deleniti.
e0c1a98c-fd8a-420c-b25b-dc831933c1a7,e904e160-2a60-4bbc-af99-78980c050b1f,seco,7.68,27.54,Chincha,2025-06-01T00:23:19.652612,2025-06-01T00:23:19.652612,Corrupti eligendi quia exercitationem placeat praesentium quaerat.
09c00519-c6d5-46e3-8c78-c0b4b0d559ac,e1e13edc-4276-4517-9cb2-c60e686f9bac,seco,68.44,70.91,Esmeralda,2025-06-01T00:19:19.652612,2025-06-01T00:19:19.652612,Quia sit fugiat iure dignissimos.
d7c50664-f644-4e2b-abf5-ca9d8e56354b,668fd4b3-1234-44ff-9d09-70e9c1596871,seco,80.56,50.67,Huaral,2025-06-01T00:21:19.652612,2025-06-01T00:21:19.652612,Iste sint veritatis doloribus.
380a4ec9-500c-45a0-a2f5-494f8fb89efb,9bcb8be0-3847-4e5a-a231-089901f9e5c1,refrigerado,5.53,40.66,Chincha,2025-06-01T00:27:19.652612,2025-06-01T00:27:19.652612,Nesciunt aliquam debitis provident.
34a132b6-6fd3-42f1-b64a-68be3ef0a546,a059aa7d-5870-447e-85a5-a962d1ef0176,refrigerado,97.73,77.33,Huaral,2025-06-01T00:29:19.652612,2025-06-01T00:29:19.652612,Accusantium repellendus tempore soluta voluptates sapiente sint.
6c356e55-175a-4f0d-8356-f13f09e05476,c1ce271d-30ce-4197-beb0-e38ac09d0579,congelado,33.16,77.75,Huaral,2025-06-01T00:18:19.652612,2025-06-01T00:18:19.652612,Quis ea possimus dolorem ipsa amet.
570a5017-2a25-4a86-898f-9c17b24edfe9,300dba2f-9e12-463f-b380-aabd716ecd3b,refrigerado,25.68,24.11,Huaral,2025-06-01T00:27:19.652612,2025-06-01T00:27:19.652612,Aut doloribus ipsa quaerat.
b5361982-141e-44bb-bbc0-5cf7de418d6a,6f875374-0cb7-4c05-bd9b-21064ba0927d,congelado,51.48,11.35,Independencia,2025-06-01T00:26:19.652612,2025-06-01T00:26:19.652612,Mollitia excepturi animi earum id iste.
75eb113c-cd55-4e6f-885c-b1fd85044ae9,645067ab-7f47-43d9-a1fb-2fc26e734a8a,refrigerado,40.46,75.11,Independencia,2025-06-01T00:18:19.652612,2025-06-01T00:18:19.652612,Mollitia ex qui sint.
14f4c533-2f98-433d-85ee-5259fee529ee,2cadcbfb-44c2-4601-abc0-52fbb7e5a61a,refrigerado,90.14,28.47,Chincha,2025-06-01T00:33:19.652612,2025-06-01T00:33:19.652612,Nam sit nam rerum fugit.
22dcfa9c-9be9-4757-b40f-55f19eeed077,d30579d5-1f8a-4e65-b826-72b797b2492a,seco,27.86,56.27,Esmeralda,2025-06-01T00:15:19.652612,2025-06-01T00:15:19.652612,Voluptatibus quod non animi.
a1155c88-0c3e-4dd4-9b12-fed6a2208a7f,b14ea5f3-7d91-4262-aff6-6b8f19576ae3,congelado,73.16,30.87,Independencia,2025-06-01T00:35:19.652612,2025-06-01T00:35:19.652612,Iste magni vel odit modi porro cupiditate voluptate.
d2d62ffb-da5b-4ee7-9c91-67e7c0dd96df,76f357e4-dd08-44d5-83c5-5cb881882de7,refrigerado,83.12,6.14,Chincha,2025-06-01T00:35:19.652612,2025-06-01T00:35:19.652612,Qui quibusdam deserunt quo.
77e1e364-8c1d-41d8-b078-09a219fcd024,8b14115f-904b-436a-bc8d-60a2276d3d70,seco,77.8,53.84,Independencia,2025-06-01T00:15:19.652612,2025-06-01T00:15:19.652612,Odio blanditiis accusantium temporibus eos.
e3f274c7-27b1-4982-adc6-5f062a9e76d1,f725ef4a-1361-421f-b5c8-351e088499e7,refrigerado,82.03,70.24,Huaral,2025-06-01T00:15:19.652612,2025-06-01T00:15:19.652612,Eum atque quae quia odio.
3f62f284-7bd9-4fdb-95f7-0b2219ef9c09,1d5c27b1-9adb-45ad-b89b-742e10afc1ab,refrigerado,5.14,46.91,Chincha,2025-06-01T00:14:19.652612,2025-06-01T00:14:19.652612,Quas corrupti corrupti occaecati placeat accusamus accusamus.
fed0fe7a-0b35-4ace-8d83-e346bd2e3c0c,0190be6c-bcc5-4c09-b46d-e3fc91706dfe,refrigerado,26.86,17.49,Independencia,2025-06-01T00:36:19.652612,2025-06-01T00:36:19.652612,Sapiente nam vero illo explicabo asperiores laborum.
5dd56e65-7c1f-43d4-94a3-8ec6552f1f6d,85bcaf2d-12fa-4a5e-80ce-6ed72f911c46,congelado,87.66,5.0,Huaral,2025-06-01T00:22:19.652612,2025-06-01T00:22:19.652612,Laudantium hic et repellat adipisci.
86a2b92b-6dc1-45bc-9941-dacb68e0b6f1,d96ab3b7-7e0e-4501-b44b-31c132a34bd3,congelado,68.86,18.19,Independencia,2025-06-01T00:25:19.652612,2025-06-01T00:25:19.652612,Eum consectetur asperiores repudiandae blanditiis.
f320b9c8-9e53-42e7-9e65-f82cd9a44d9c,a9e9110c-3214-4c9e-ba21-e5ffa54d3bab,seco,43.68,28.6,Independencia,2025-06-01T00:24:19.652612,2025-06-01T00:24:19.652612,Vero possimus alias natus alias id quod.
49cb9c0f-3614-42ad-9170-54bf7635b135,2ee70078-624c-44ff-a40d-29475f5a27bb,refrigerado,27.35,59.21,Independencia,2025-06-01T00:18:19.652612,2025-06-01T00:18:19.652612,Rem architecto magni libero.
08f9e59b-714c-48dc-8486-af07e3d8327b,b36f37d4-27bf-456a-b435-c0092e868660,congelado,51.12,39.84,Esmeralda,2025-06-01T00:25:19.652612,2025-06-01T00:25:19.652612,Dolorem a ex cumque enim ducimus.
ea58f925-266b-4025-ba74-90c03863bf7a,5dc4ffbb-4321-4219-aaf9-f3719ed232cb,congelado,92.89,21.23,Chincha,2025-06-01T00:32:19.652612,2025-06-01T00:32:19.652612,Officia dolores deserunt.
bd279a07-710c-44ff-a79d-bb3c8ae64671,b11aadbd-d90f-474c-8787-6343c89975c1,congelado,28.92,22.89,Huaral,2025-06-01T00:38:19.652612,2025-06-01T00:38:19.652612,Minima dignissimos amet qui distinctio praesentium.
6d3544a9-0832-4381-82e8-7bace6750cb1,43dbdb80-f4a0-4b83-816e-1b268de94d65,seco,33.8,43.21,Huaral,2025-06-01T00:31:19.652612,2025-06-01T00:31:19.652612,Nobis sint sed numquam numquam.
acdddb4c-bbc9-41d9-a520-8c46a1503042,55903055-7cfd-4b08-937c-71d02ab562c6,refrigerado,80.3,39.56,Chincha,2025-06-01T00:17:19.652612,2025-06-01T00:17:19.652612,Repellendus quaerat nihil unde vero quo a.
33d1df3a-b2fd-4daf-b0ae-7fce15b416e1,c1ce271d-30ce-4197-beb0-e38ac09d0579,refrigerado,47.99,9.66,Chincha,2025-06-01T00:30:19.652612,2025-06-01T00:30:19.652612,Maiores consequatur consequuntur nisi placeat.
0cf39748-5cfe-4045-b824-ed8fe095629e,26358019-2575-4fa2-9887-6fb4f7774e47,seco,59.47,5.93,Chincha,2025-06-01T00:18:19.652612,2025-06-01T00:18:19.652612,Molestiae dolorem tenetur aspernatur pariatur temporibus.
7259b7ac-8195-42cc-b1c7-fd7a6588bea8,97334f1d-e559-45c4-ae39-a75e2f055687,congelado,1.27,10.78,Chincha,2025-06-01T00:21:19.652612,2025-06-01T00:21:19.652612,Nihil consectetur quisquam molestiae ipsa.
faaf29ce-17c2-4d2d-a416-6cbdbdc54721,eac44f58-fbd2-4042-bb9d-b6a317f538e7,refrigerado,61.51,62.77,Huaral,2025-06-01T00:32:19.652612,2025-06-01T00:32:19.652612,Odio laboriosam in atque nisi iste.
14c73ec5-325a-4400-8db3-4d15ca66f4cc,044af920-ae5b-448c-a146-20db6d383604,refrigerado,43.51,29.63,Esmeralda,2025-06-01T00:33:19.652612,2025-06-01T00:33:19.652612,Tempora modi eius reiciendis eos nemo eligendi maxime.
3c36d8ca-007e-4a22-88aa-d2c4956d2586,8369ee32-a457-47c4-bcd0-7134c02e0993,refrigerado,68.63,41.41,Independencia,2025-06-01T00:22:19.652612,2025-06-01T00:22:19.652612,Illum harum nam quibusdam tempore.
730b4585-d490-4e04-aa86-6e6aef8b5973,1afa0825-eae0-43c0-8b60-0473732076c8,seco,26.27,29.52,Independencia,2025-06-01T00:27:19.652612,2025-06-01T00:27:19.652612,Voluptatem laborum exercitationem quo natus.
39d8d602-bf8e-4181-8f10-08dab4b2ceca,bfa86e4a-bf2c-4657-a5a3-edb33107bccb,congelado,71.02,87.73,Esmeralda,2025-06-01T00:32:19.652612,2025-06-01T00:32:19.652612,Molestias tenetur atque doloremque molestias provident ullam.
4acfaccd-5512-46a2-a0f3-3490c1da931f,2ecaeba2-332c-481f-9716-3b9136629b48,refrigerado,94.7,25.84,Esmeralda,2025-06-01T00:32:19.652612,2025-06-01T00:32:19.652612,Asperiores deleniti aspernatur corporis.
786af01b-6179-49fd-b327-83ea35813250,c8db3472-d99c-4518-9438-c7b78456ac5e,refrigerado,35.03,39.58,Huaral,2025-06-01T00:27:19.652612,2025-06-01T00:27:19.652612,Autem quos excepturi accusamus repellat.
9db840a2-1db1-49bf-aa72-e7a0ddc1a477,7605f5d8-384a-4140-a7c2-b5264f3ac3c3,congelado,67.33,65.65,Independencia,2025-06-01T00:15:19.652612,2025-06-01T00:15:19.652612,Quam officiis minus ratione.
3d9388a7-2903-4e26-a624-5edee476015a,313e74c9-c15f-48ce-9c3c-8fe0bab3dade,congelado,90.95,16.12,Chincha,2025-06-01T00:37:19.652612,2025-06-01T00:37:19.652612,Accusamus saepe blanditiis eaque velit perferendis repudiandae molestias.
3be66bb3-e8a5-44db-aa77-891597ff9bf0,221bac78-7ec4-4166-972a-6ed942a63279,seco,16.46,7.94,Huaral,2025-06-01T00:28:19.652612,2025-06-01T00:28:19.652612,Magnam mollitia velit corrupti dignissimos.
9d5eba61-fe76-4ea1-8864-58d2228387b5,97324d1f-aa3b-4f3e-8119-87e005f7deba,congelado,93.66,86.45,Esmeralda,2025-06-01T00:22:19.652612,2025-06-01T00:22:19.652612,Soluta molestias animi.
31382597-590c-49ea-983f-7d6101876533,d6c39a50-474c-4461-9ad0-ccf7b5956aa7,seco,23.5,2.25,Esmeralda,2025-06-01T00:29:19.652612,2025-06-01T00:29:19.652612,Repellendus similique expedita cum nisi.
afffee61-5642-4ef6-9a42-5939f718eafc,af241b4e-fcc3-4c96-8119-8c4119ace35e,seco,31.95,11.05,Independencia,2025-06-01T00:31:19.652612,2025-06-01T00:31:19.652612,Suscipit odit impedit et.
eaf54c96-c564-4b04-818b-5ee1e994783a,a7df93bf-13e7-48ea-bd9c-393e071ebe1f,refrigerado,93.97,18.6,Independencia,2025-06-01T00:22:19.652612,2025-06-01T00:22:19.652612,Natus quos aut veritatis iste est.
b2ecd043-3018-487b-a8fa-bb5271909b05,fdafe91c-3460-4edf-828e-c6e65fa44856,refrigerado,82.5,28.74,Esmeralda,2025-06-01T00:37:19.652612,2025-06-01T00:37:19.652612,Dolores minus laborum debitis iste ad.
63147135-4604-446f-9625-04259c0871da,2ad8c2fd-4258-4dd1-aff6-9b3ebc320af0,congelado,11.91,70.8,Huaral,2025-06-01T00:19:19.652612,2025-06-01T00:19:19.652612,Culpa aliquam nisi aut at minima.
b3e18f94-8042-4946-9d27-7aaa01ac12de,df15a814-78a1-43bf-b533-361d16931f58,refrigerado,82.5,89.63,Esmeralda,2025-06-01T00:21:19.652612,2025-06-01T00:21:19.652612,Quasi repellat commodi id.
600cbab4-08b1-4659-905a-13793751206f,340d4655-9af1-4438-8474-0d70afac807e,refrigerado,14.37,27.61,Independencia,2025-06-01T00:24:19.652612,2025-06-01T00:24:19.652612,Consequuntur aliquid perspiciatis optio fugit magni libero.
5479f5e8-5e2f-4732-9918-e7df76bfc94b,8638df49-1364-41a7-ba79-e6643e912ca4,congelado,92.72,40.07,Chincha,2025-06-01T00:28:19.652612,2025-06-01T00:28:19.652612,Repellendus sequi animi magnam asperiores non.
145f12c2-783a-4fff-9ffc-bc979e5ba757,f547bd89-ed38-4dc6-982a-650331b66221,congelado,22.03,13.94,Chincha,2025-06-01T00:28:19.652612,2025-06-01T00:28:19.652612,Corporis eveniet adipisci molestiae nihil.
04d0ea7a-d8c5-45e0-a660-359c969209de,8d347fcd-6150-420f-b677-55fca7d6c3be,congelado,12.08,53.63,Independencia,2025-06-01T00:37:19.652612,2025-06-01T00:37:19.652612,Repudiandae fuga voluptates provident similique iusto.
ce951d46-32fe-4e03-87f4-35deb7853aa0,e1cd2056-ddc1-4203-9d6d-911eee509c13,congelado,95.19,10.5,Huaral,2025-06-01T00:37:19.652612,2025-06-01T00:37:19.652612,Voluptatem sint architecto dolorem placeat harum velit libero.
3192913e-d48c-4afa-bf5d-73253dfbce77,f8083d2b-3f83-4840-af36-ce810673eea7,seco,47.03,46.15,Huaral,2025-06-01T00:16:19.652612,2025-06-01T00:16:19.652612,Debitis facere placeat reiciendis.
69ec0e80-6ccb-4778-91ec-6de682972597,f547bd89-ed38-4dc6-982a-650331b66221,seco,46.12,31.71,Esmeralda,2025-06-01T00:34:19.652612,2025-06-01T00:34:19.652612,Tenetur hic eligendi quaerat excepturi laboriosam officia.
6f41e5a5-ab0d-4619-9e58-fd72bd0b9b9f,958a96fd-df1c-4b2f-af15-eee3f985ede5,refrigerado,46.94,15.63,Independencia,2025-06-01T00:32:19.652612,2025-06-01T00:32:19.652612,Nihil qui beatae.
6abc22bd-d107-443c-a1c6-2731e80dfc9a,ff14f17d-2121-4498-8b36-e846534577b2,congelado,52.6,42.23,Huaral,2025-06-01T00:24:19.652612,2025-06-01T00:24:19.652612,Impedit veniam laudantium officiis dolore.
f2fb39e6-6af2-4e8e-9cfd-f522d39ff423,30cb274b-af31-4613-bc4d-f42d1979f794,refrigerado,86.01,90.01,Chincha,2025-06-01T00:34:19.652612,2025-06-01T00:34:19.652612,Facilis rerum laboriosam commodi ex ullam aliquid nihil.
2650728e-e74f-4403-b242-904ec39955cc,5dc4ffbb-4321-4219-aaf9-f3719ed232cb,seco,38.21,24.97,Esmeralda,2025-06-01T00:32:19.652612,2025-06-01T00:32:19.652612,Facere quos harum aut.
54dbf109-adda-4cfc-8df5-bea3dba3c366,2eee8c70-7ac2-4109-856f-9e5698f13794,refrigerado,42.8,61.85,Chincha,2025-06-01T00:23:19.652612,2025-06-01T00:23:19.652612,Numquam magnam occaecati assumenda debitis minima.
9be2c5a3-3290-4bfd-9e18-cdab17e1a347,837fef48-f3af-41fc-af54-4677427a66b8,refrigerado,39.19,59.91,Chincha,2025-06-01T00:13:19.652612,2025-06-01T00:13:19.652612,Accusamus odit minima.
28753f0d-b70c-4bb8-a511-a665489a0d5f,e492f7e6-295d-42c4-8881-7ff94a725533,congelado,69.79,37.35,Huaral,2025-06-01T00:15:19.652612,2025-06-01T00:15:19.652612,Sed blanditiis consequatur ducimus.
33673e1a-4d92-4ddb-a8de-21e743c99398,7605f5d8-384a-4140-a7c2-b5264f3ac3c3,refrigerado,97.74,57.25,Chincha,2025-06-01T00:26:19.652612,2025-06-01T00:26:19.652612,Tempora adipisci sint temporibus consequuntur assumenda quod nam.
6372ed32-94bc-4d57-9ec8-de6cbc636130,4dcbc702-28ad-4e13-8757-f39a37af0157,congelado,68.99,82.56,Huaral,2025-06-01T00:36:19.652612,2025-06-01T00:36:19.652612,Earum quas eum.
cf615db9-cb3b-417c-b8c5-f672b7637283,cb75f495-50d2-462b-a62c-777370c33cc8,refrigerado,57.38,65.38,Independencia,2025-06-01T00:36:19.652612,2025-06-01T00:36:19.652612,In ducimus ipsa commodi suscipit reiciendis.
231aac11-6529-44a4-8337-6cfbda8c4e0f,221bac78-7ec4-4166-972a-6ed942a63279,seco,46.1,55.09,Chincha,2025-06-01T00:38:19.652612,2025-06-01T00:38:19.652612,Mollitia molestiae rerum.
c89988fd-aa4d-4b6b-ad9d-fb86b8dad63d,5c97b1e8-2c81-4699-a18b-126f5a889b29,seco,37.68,26.01,Independencia,2025-06-01T00:21:19.652612,2025-06-01T00:21:19.652612,Accusantium consequuntur voluptatem magni.
40196a6b-bb71-4735-807a-45fe414c7848,9672bd1d-ca59-4099-8c8a-d0eb84334b04,refrigerado,8.04,21.92,Chincha,2025-06-01T00:17:19.652612,2025-06-01T00:17:19.652612,Adipisci delectus sed quidem non iste placeat et.
2226d4a0-0dd0-4046-a459-8285afccf0cb,f0a163c3-7b25-4e1f-ab72-faabc5039b26,refrigerado,54.0,45.73,Esmeralda,2025-06-01T00:19:19.652612,2025-06-01T00:19:19.652612,Perspiciatis minima minus doloribus provident corrupti a.
ab314b7c-8595-42e2-9e31-3e9f0bd5b96a,9bcb8be0-3847-4e5a-a231-089901f9e5c1,seco,9.85,76.43,Chincha,2025-06-01T00:17:19.652612,2025-06-01T00:17:19.652612,Cum rem dolorem eius exercitationem eveniet adipisci tenetur.
a1d3041f-2da8-48d0-81c5-86bc9e17a4e4,2c498ddd-fdf6-4406-8e82-b4572a205946,congelado,20.15,15.25,Independencia,2025-06-01T00:37:19.652612,2025-06-01T00:37:19.652612,Ab libero alias rerum praesentium voluptatibus minus cupiditate.
32e8dd44-fe3a-4e3d-9fe3-f9dfb5e8d687,e492f7e6-295d-42c4-8881-7ff94a725533,seco,50.96,33.79,Huaral,2025-06-01T00:34:19.652612,2025-06-01T00:34:19.652612,Blanditiis maxime dolore perferendis enim.
8cb1c1df-b379-4169-b6e4-ab65d9ec492c,5ecf6353-f300-45db-b30c-01edc66c3b26,refrigerado,25.2,61.26,Independencia,2025-06-01T00:20:19.652612,2025-06-01T00:20:19.652612,Repudiandae sequi labore corporis ut.
bdff48a4-7ba7-4f17-8e49-8e707362108e,e1fd5b85-b84b-434e-b073-de1d9c81bf25,congelado,53.03,94.42,Esmeralda,2025-06-01T00:16:19.652612,2025-06-01T00:16:19.652612,Ipsa error sunt fuga quam quidem.
6953eed9-d9b0-4e61-b9d3-62bc6cf51d3a,c3cd6440-2169-4e9a-9ccc-62674641248e,refrigerado,2.11,3.57,Huaral,2025-06-01T00:18:19.652612,2025-06-01T00:18:19.652612,Quisquam a quos sit necessitatibus.
d2632390-ef20-4cfb-8b6f-60e7dd7faf12,9bcb8be0-3847-4e5a-a231-089901f9e5c1,seco,97.51,74.09,Esmeralda,2025-06-01T00:21:19.652612,2025-06-01T00:21:19.652612,Rerum consectetur eius eligendi.
e519ffb3-d357-44a0-b98d-aefc6131c97b,f3d0c779-4304-43a1-bf18-71914c3b3c89,seco,6.06,1.91,Esmeralda,2025-06-01T00:37:19.652612,2025-06-01T00:37:19.652612,Temporibus dolor saepe ut voluptas accusantium officia.
af907649-1bb4-477c-8dbf-10927099b675,497349d1-0102-47bf-8a33-25c239530ea5,congelado,56.7,96.08,Chincha,2025-06-01T00:17:19.652612,2025-06-01T00:17:19.652612,Tenetur nemo saepe cupiditate vitae dicta.
3b9b4423-2e0f-4dde-8378-235e6329cc88,0e9a3284-1e76-42e1-9c95-a1a6e41201eb,refrigerado,20.12,50.69,Chincha,2025-06-01T00:23:19.652612,2025-06-01T00:23:19.652612,Reiciendis eaque soluta.
36a9d34f-5c66-4116-bdb8-59f6cf04a8ec,fd29009a-1ab9-48e6-953b-188f32ca2f12,seco,41.93,25.65,Esmeralda,2025-06-01T00:13:19.652612,2025-06-01T00:13:19.652612,Autem repellat accusantium unde accusamus suscipit maxime.
a1c67dc8-29a3-4328-8f34-b9e92c6e031f,ec2ea81f-e84b-4bf2-a0d4-d5e9a6bd0b03,seco,91.4,44.67,Huaral,2025-06-01T00:25:19.652612,2025-06-01T00:25:19.652612,Ea enim doloremque quibusdam ipsa magnam.
35a52b0f-4b69-4c3e-aef4-fc6a52eef2ad,1881e4cd-7c8d-4a25-a4eb-2574558dc79f,congelado,94.76,52.69,Esmeralda,2025-06-01T00:14:19.652612,2025-06-01T00:14:19.652612,Rem laborum hic unde labore quae.
f43c61d5-1f31-4c3d-8618-35c6085042ce,f0e3c66b-8fd0-4f71-a396-241df9502712,refrigerado,21.27,16.27,Huaral,2025-06-01T00:28:19.652612,2025-06-01T00:28:19.652612,Quos consequuntur labore nobis repudiandae autem quis.
0e45f724-0420-4f9d-9a60-27385fd730b2,2ee70078-624c-44ff-a40d-29475f5a27bb,refrigerado,89.2,59.46,Chincha,2025-06-01T00:17:19.652612,2025-06-01T00:17:19.652612,Quae quas sit error iusto nisi.
ec4baa29-2b99-4834-9db8-639a3153ee86,2eee8c70-7ac2-4109-856f-9e5698f13794,seco,81.66,77.41,Esmeralda,2025-06-01T00:32:19.652612,2025-06-01T00:32:19.652612,Voluptates fugit corporis error.
1d182687-3c14-4793-8198-65a353ff5a67,668fd4b3-1234-44ff-9d09-70e9c1596871,seco,31.75,66.57,Independencia,2025-06-01T00:38:19.652612,2025-06-01T00:38:19.652612,Incidunt porro perferendis modi soluta.
8d2c397f-ae2f-4cc0-a30f-c72c244c9dd6,a9ecb8c3-40d0-4761-8773-93f5fa62ab9e,congelado,42.08,19.97,Chincha,2025-06-01T00:18:19.652612,2025-06-01T00:18:19.652612,Soluta cumque corporis placeat modi.
ddb32808-a874-4de2-9e53-9e096448ced6,9b6d1931-2d3a-45bd-8bec-40d3afd2f115,seco,75.02,41.8,Independencia,2025-06-01T00:37:19.652612,2025-06-01T00:37:19.652612,Amet eum enim porro.
73027767-6823-42f9-9763-a12401e1f181,8f98c08f-06be-4d6c-9c4c-8bf0192d9985,seco,19.63,15.99,Huaral,2025-06-01T00:28:19.652612,2025-06-01T00:28:19.652612,Quis aspernatur quia quae.
87497b69-8db4-4ded-b247-0774915465ef,fee75ce3-2840-4715-ad14-73aa3be68876,congelado,20.78,87.07,Chincha,2025-06-01T00:18:19.652612,2025-06-01T00:18:19.652612,Enim vel nam eum.
e59c6589-863f-4b81-8c1b-26de5acd6c65,43ef1852-5036-4af8-952c-ebe9f5455cc6,congelado,42.39,26.23,Chincha,2025-06-01T00:17:19.652612,2025-06-01T00:17:19.652612,Rem debitis consequatur fuga magnam non.
45d52638-4a2b-4690-b98a-f190d8acab5d,1d116a08-cf5d-4a73-852e-e3d534c68cac,congelado,8.53,2.94,Esmeralda,2025-06-01T00:16:19.652612,2025-06-01T00:16:19.652612,Minus adipisci aperiam.
981041a1-4bf9-429c-91bc-daafcee41716,6c729ce4-2484-4722-b114-cd862cb6e2f2,refrigerado,4.94,38.79,Esmeralda,2025-06-01T00:34:19.652612,2025-06-01T00:34:19.652612,Iure optio fugiat adipisci illo beatae quod placeat.
5160d3dd-980a-4dbf-b07b-fa4f5085781a,43ef1852-5036-4af8-952c-ebe9f5455cc6,seco,42.65,16.57,Chincha,2025-06-01T00:29:19.652612,2025-06-01T00:29:19.652612,Exercitationem ab quasi quia voluptatibus at quibusdam provident.
b74dc803-bc8b-4b8c-b459-9a071dcd437e,1fca5c1c-cbb4-4814-ad2b-df104ce54956,congelado,37.35,21.31,Esmeralda,2025-06-01T00:32:19.652612,2025-06-01T00:32:19.652612,Nulla nihil eveniet quae voluptatem possimus in.
fa0cf1d2-a10f-460a-9538-4357f61208a7,113b42ff-eecb-4a56-b6c3-fd644ae5f3f5,refrigerado,3.06,6.96,Esmeralda,2025-06-01T00:26:19.652612,2025-06-01T00:26:19.652612,Autem soluta modi doloremque facilis.
b563f4bc-81d0-47af-af58-02fc8d26e1c2,824658e2-b1e0-438d-9860-afb580e69ac8,seco,57.19,84.95,Chincha,2025-06-01T00:32:19.652612,2025-06-01T00:32:19.652612,Id vero quisquam rerum.
e2d98dc9-aa2c-42b3-a2d2-b450d79cebe5,837fef48-f3af-41fc-af54-4677427a66b8,seco,89.62,17.92,Independencia,2025-06-01T00:26:19.652612,2025-06-01T00:26:19.652612,Laborum itaque facilis laborum.
0f0e89e8-e737-46af-bafe-46b0510bef24,0843a809-9f88-4b65-88e0-c78db5c72b78,congelado,99.16,64.41,Independencia,2025-06-01T00:27:19.652612,2025-06-01T00:27:19.652612,Consequatur iste distinctio maiores.
68781ca0-497f-4133-a4a7-7c57fed70a3c,d7c0d5a3-9e87-4ef7-a649-565a79d22fc1,refrigerado,93.82,47.19,Esmeralda,2025-06-01T00:32:19.652612,2025-06-01T00:32:19.652612,Fugit tenetur deserunt sapiente voluptatum.
91e61dde-c0e6-4cc5-becc-42cf9f52ed8d,bee4e019-ecc8-4cab-9eb1-cd4568291c53,seco,25.51,6.88,Esmeralda,2025-06-01T00:35:19.652612,2025-06-01T00:35:19.652612,Accusamus quae quae sed molestias aliquid sed incidunt.
a3a04098-1fc2-48bd-b0de-53ab329ce5fd,645067ab-7f47-43d9-a1fb-2fc26e734a8a,congelado,4.92,61.75,Chincha,2025-06-01T00:26:19.652612,2025-06-01T00:26:19.652612,Esse aperiam inventore error nulla commodi nulla illum.
769e0ef8-5112-4170-8276-bc5e9321f1bb,d6c39a50-474c-4461-9ad0-ccf7b5956aa7,congelado,45.83,54.16,Chincha,2025-06-01T00:36:19.652612,2025-06-01T00:36:19.652612,Repellendus deleniti esse voluptatibus odio.
81be38f9-7a52-4567-83e7-781bed66d651,3d12d450-ab72-4396-ae4d-7b4b48ed54aa,seco,75.79,67.53,Esmeralda,2025-06-01T00:16:19.652612,2025-06-01T00:16:19.652612,Animi amet aliquid voluptatem distinctio.
830966d1-88b7-4519-bb35-9bdbb119eef4,37245c6f-e2e8-4fa8-9f99-f53143a4ee3d,congelado,86.16,28.46,Esmeralda,2025-06-01T00:28:19.652612,2025-06-01T00:28:19.652612,Tempore deleniti sed possimus cumque.
cd3237c6-b28b-468c-9668-97b35cf2f71e,645067ab-7f47-43d9-a1fb-2fc26e734a8a,seco,78.14,20.44,Chincha,2025-06-01T00:13:19.652612,2025-06-01T00:13:19.652612,Amet perferendis laborum tempore nesciunt unde optio.
2d52b2ba-39f0-4907-a107-4338a27bebbf,e1c534c2-7c5c-4879-97f9-2a2227f761c8,refrigerado,38.16,71.15,Esmeralda,2025-06-01T00:23:19.652612,2025-06-01T00:23:19.652612,Quos libero expedita nam eum hic.
b35ae860-11bc-4881-8e0f-6b608f8ab8fe,001cc940-183d-42ae-b139-759a448d712b,seco,81.63,70.95,Chincha,2025-06-01T00:23:19.652612,2025-06-01T00:23:19.652612,Debitis tenetur accusamus exercitationem harum occaecati incidunt mollitia.
e38070a5-8070-4336-84d1-e002f5aa6634,fd85d3ac-6ad5-42fb-9fd3-77eabfe52bd3,seco,83.73,11.44,Chincha,2025-06-01T00:35:19.652612,2025-06-01T00:35:19.652612,Dolorum quia nisi quam.
92fb68a9-c2a6-433a-bd4b-51f70941b9e3,c27d113d-959d-4496-a042-d71fa91c3239,seco,31.22,36.54,Chincha,2025-06-01T00:13:19.652612,2025-06-01T00:13:19.652612,Odio quae officiis voluptatum voluptatibus eligendi autem.
f099a6c5-ca8f-4e46-9d9c-41da94c6f441,e492f7e6-295d-42c4-8881-7ff94a725533,congelado,20.94,47.11,Huaral,2025-06-01T00:28:19.652612,2025-06-01T00:28:19.652612,Dignissimos illo unde pariatur optio.
d235d77b-1cf9-4815-963d-106111636977,4a607e6f-4b86-46e1-a29d-73393d191bc3,refrigerado,95.07,35.61,Esmeralda,2025-06-01T00:33:19.652612,2025-06-01T00:33:19.652612,Culpa placeat nisi dolorum.
81b570ef-cf83-41ae-b6b5-3bef779cdb53,f08f3d62-de3e-4719-ab6c-999c5aaaf9f5,congelado,55.41,64.83,Esmeralda,2025-06-01T00:34:19.652612,2025-06-01T00:34:19.652612,Laborum eum explicabo repellat molestiae enim voluptatem.
f27f4b9e-3ec1-4e96-82e7-010ad0ef6d07,43dae8a1-57fd-468a-8dfd-f570b5b1f9c4,refrigerado,6.41,84.47,Huaral,2025-06-01T00:36:19.652612,2025-06-01T00:36:19.652612,Nostrum illum alias suscipit libero quibusdam adipisci.
f2ecbcce-6c3e-4507-a43c-a2408e3d9b39,d6fa77ed-3582-4e3a-83ef-85ba30dc7010,congelado,14.8,86.03,Chincha,2025-06-01T00:29:19.652612,2025-06-01T00:29:19.652612,Assumenda quod cum esse.
e9f7ae42-5adc-43c2-b687-acd0f01eccbf,26a8ed80-550b-421b-92bd-450710d38016,congelado,25.39,8.87,Esmeralda,2025-06-01T00:25:19.652612,2025-06-01T00:25:19.652612,Odio excepturi enim placeat neque ducimus autem labore.
b88810ad-d187-40a6-8d11-04c67c886fbe,166ffb4e-3dc0-455c-b782-8abf26479433,refrigerado,28.37,63.85,Independencia,2025-06-01T00:17:19.652612,2025-06-01T00:17:19.652612,Error consequatur repellat possimus quos debitis.
d0332be5-5cd0-4cdc-a100-0645bb50ce15,4fd1d128-a869-428b-b219-bfbe0f301bee,seco,4.98,38.63,Chincha,2025-06-01T00:33:19.652612,2025-06-01T00:33:19.652612,Quaerat saepe at a molestiae sunt eum.
c72f0794-92e0-4d10-b51f-e1ed43404cab,166ffb4e-3dc0-455c-b782-8abf26479433,seco,20.68,80.11,Chincha,2025-06-01T00:14:19.652612,2025-06-01T00:14:19.652612,Animi aspernatur numquam aliquid laborum qui.
1baef1d6-90b0-4a76-b27c-eae2cb5721fb,fe0ed0da-2411-450b-85a1-dd7ef077564c,seco,8.19,79.21,Esmeralda,2025-06-01T00:32:19.652612,2025-06-01T00:32:19.652612,Distinctio cupiditate commodi harum.
8cb6554e-6b46-4a00-9f2d-6836e4c88174,645067ab-7f47-43d9-a1fb-2fc26e734a8a,seco,73.35,84.3,Independencia,2025-06-01T00:28:19.652612,2025-06-01T00:28:19.652612,Ipsam consectetur dolor est similique corrupti dolor.
46ca4853-d0b0-48a0-bf82-297ba2c3ada2,2aa21b82-d67d-470d-bee8-30a139eab0e5,congelado,26.12,95.61,Huaral,2025-06-01T00:26:19.652612,2025-06-01T00:26:19.652612,Magni quod debitis aperiam quod ipsa odit.
d179f7b0-6ee1-4ef7-af9f-82393111a8cd,f69b60e3-74d4-4f0b-be06-9ff54d84a66d,refrigerado,95.62,11.14,Huaral,2025-06-01T00:14:19.652612,2025-06-01T00:14:19.652612,Pariatur voluptates fuga dolores autem.
7b46a3f1-503c-4a63-a083-dfe87ec4dcad,edd15fdc-1a58-4010-ad53-fc95782a06f0,seco,89.25,81.56,Independencia,2025-06-01T00:14:19.652612,2025-06-01T00:14:19.652612,Esse quam similique quos.
000aceaf-f3f6-4514-b8d5-9d5bb0148c7b,1758b530-cb28-4b41-8fc5-ee8443200dd7,congelado,65.78,45.14,Huaral,2025-06-01T00:28:19.652612,2025-06-01T00:28:19.652612,Totam nostrum ut praesentium asperiores.
28415f31-1117-4a64-8056-113a262c0bbb,2d21d2ea-6209-4462-bba2-6da5a7aa03d4,congelado,97.41,31.47,Esmeralda,2025-06-01T00:26:19.652612,2025-06-01T00:26:19.652612,Ipsa dicta officia voluptatum impedit esse inventore.
7adf3d97-62e5-4d29-a932-dfc641fe62a8,001cc940-183d-42ae-b139-759a448d712b,congelado,61.45,33.98,Chincha,2025-06-01T00:17:19.652612,2025-06-01T00:17:19.652612,Minima ut similique.
6dc7188f-f65f-4bd1-a279-7ee64d34c6e4,32aae54c-4c41-4aac-a8f1-7ad450d5c182,refrigerado,10.51,19.65,Chincha,2025-06-01T00:18:19.652612,2025-06-01T00:18:19.652612,Consequuntur dicta iusto vero consectetur eius beatae.
d8dec3fa-5d42-4f77-a2ca-b0e1634213c0,27702c58-284b-462d-ae22-11354d2fc9cd,congelado,91.59,44.29,Huaral,2025-06-01T00:16:19.652612,2025-06-01T00:16:19.652612,Officia velit voluptates.
065ab0c2-5674-44d7-ad48-2f9c860f36f5,29de6c13-2913-4b40-965f-bda09a4fc4d9,seco,31.85,9.92,Chincha,2025-06-01T00:15:19.652612,2025-06-01T00:15:19.652612,Eos est dicta.
00b25edb-36dc-41ee-a9c3-067e1a4ad1db,2ad8c2fd-4258-4dd1-aff6-9b3ebc320af0,refrigerado,87.44,28.58,Esmeralda,2025-06-01T00:38:19.652612,2025-06-01T00:38:19.652612,Accusamus et praesentium nisi qui illo.
6d1db063-811c-4040-8749-03954626b0e6,786cdb53-b307-4b3e-b14e-10de302c3b70,congelado,26.58,15.61,Chincha,2025-06-01T00:30:19.652612,2025-06-01T00:30:19.652612,Magnam sit dignissimos nam ducimus quos.
46b54913-54e5-4a06-9fc8-3c10969de57f,958a96fd-df1c-4b2f-af15-eee3f985ede5,seco,56.56,6.85,Esmeralda,2025-06-01T00:16:19.652612,2025-06-01T00:16:19.652612,Quis exercitationem ipsam magni ad sunt nihil.
b887f29b-1392-4c23-92bc-60f9f768b283,9bcb8be0-3847-4e5a-a231-089901f9e5c1,congelado,97.26,34.84,Independencia,2025-06-01T00:21:19.652612,2025-06-01T00:21:19.652612,Soluta sit molestiae a.
bf8778ac-5b32-4098-9cad-106ce1d8f0fd,73509ad7-c973-4e87-a1a0-7d7cb22e1cbb,refrigerado,61.92,37.19,Esmeralda,2025-06-01T00:23:19.652612,2025-06-01T00:23:19.652612,Aut quae id sint provident blanditiis voluptates mollitia.
07c191e3-4312-4357-8b83-002f246abdc6,d3d4215d-2549-4a60-90ae-5673fe6147a2,seco,80.19,64.77,Esmeralda,2025-06-01T00:32:19.652612,2025-06-01T00:32:19.652612,Rem distinctio ex molestiae hic praesentium ipsa.
bf75eafa-2b5f-40e7-96e2-fa5e5364bb61,04a1bbe3-2a6f-4eb4-b969-edc86d0e31b3,seco,88.49,97.64,Huaral,2025-06-01T00:25:19.652612,2025-06-01T00:25:19.652612,Nisi id dolorum odio.
3339b818-caf5-46e4-8746-7023b2ec77e7,d121bfd9-08e7-441e-b97f-2ade2620333a,refrigerado,24.72,11.12,Huaral,2025-06-01T00:30:19.652612,2025-06-01T00:30:19.652612,In repellat modi ad.
6c9c006a-9438-452e-abcc-208f05e0b9f0,697683ef-a377-4ad4-bdfd-6ec8268a58af,congelado,72.86,89.91,Huaral,2025-06-01T00:20:19.652612,2025-06-01T00:20:19.652612,Natus sunt molestias possimus expedita deleniti nisi.
6d4b4589-43ea-42e5-8b9a-d828668b924b,69d30068-3f2e-459c-bcc7-87b64c930d96,seco,47.21,68.45,Huaral,2025-06-01T00:31:19.652612,2025-06-01T00:31:19.652612,Est molestiae accusantium id.
2be0839c-8f79-47b5-b639-2633c319fe09,aaee9314-0d15-4d56-8eb8-232a541a2ebe,congelado,57.3,75.1,Huaral,2025-06-01T00:19:19.652612,2025-06-01T00:19:19.652612,Aliquid nisi facilis sunt amet.
26b3c029-03d8-4c4a-91ec-e5e0d1ff9968,1716753f-d415-4fd2-9897-c1db99f7ee6b,seco,91.38,22.63,Independencia,2025-06-01T00:27:19.652612,2025-06-01T00:27:19.652612,Voluptates facere velit quos repellat atque officiis.
706e566a-82f3-41bb-8030-bba63dfa87cb,84b4dec3-2fdf-478c-ad7c-34917663b6e9,refrigerado,5.78,34.22,Huaral,2025-06-01T00:36:19.652612,2025-06-01T00:36:19.652612,Culpa ea atque.
438a7dc5-af27-49a9-8ad1-9dbee1377bd6,2855ed30-46d5-4879-8e19-8bdde8e4955e,congelado,6.08,15.4,Esmeralda,2025-06-01T00:34:19.652612,2025-06-01T00:34:19.652612,Mollitia est fuga blanditiis.
2ca093c1-25b5-4b10-bb90-faea37f1936b,b961b5f3-df31-4687-8da8-c4fd9f5c15f5,congelado,11.51,25.29,Huaral,2025-06-01T00:24:19.652612,2025-06-01T00:24:19.652612,Placeat officia eveniet.
bc6c2c48-a866-44d6-a29a-6c5c19893f8a,e1082cf1-0930-40d9-8249-a861364bdac4,refrigerado,56.1,54.7,Independencia,2025-06-01T00:31:19.652612,2025-06-01T00:31:19.652612,Cum quisquam alias incidunt id expedita pariatur.
b460c817-b9bf-4748-977a-45405f40b680,70e33cf5-b109-4662-9262-4cbd45a4d0cd,seco,51.68,47.67,Huaral,2025-06-01T00:36:19.652612,2025-06-01T00:36:19.652612,Architecto et quas ea ullam veritatis sapiente.
40833c5d-676a-44f0-b617-0bfcf2437f7b,1dbac2d5-5649-4985-992e-7dce91bde3ec,congelado,17.02,81.82,Huaral,2025-06-01T00:34:19.652612,2025-06-01T00:34:19.652612,Molestiae eveniet enim quam saepe.
202632da-72e0-4581-a1b4-5b80c501a4c1,43b471cb-71e8-42ad-8ef5-6c0501933f44,refrigerado,61.54,92.53,Chincha,2025-06-01T00:31:19.652612,2025-06-01T00:31:19.652612,Optio eaque voluptatem ipsum quam unde.
3ecb7c76-d3e4-457b-989e-dd5f93de360b,a9ecb8c3-40d0-4761-8773-93f5fa62ab9e,refrigerado,99.77,61.15,Independencia,2025-06-01T00:13:19.652612,2025-06-01T00:13:19.652612,Nam voluptate harum suscipit.
79234f6d-cc8c-4f29-846e-85e9a6475e47,677eceaa-cd6d-4ed4-9d6a-49f78f08d55e,refrigerado,98.88,38.15,Independencia,2025-06-01T00:31:19.652612,2025-06-01T00:31:19.652612,Alias incidunt libero ipsa illo in vero.
8a923871-688f-49ed-ac98-f5038faba630,ff832fea-1ac6-4a2f-8b96-5f67d2045156,seco,84.26,88.06,Independencia,2025-06-01T00:28:19.652612,2025-06-01T00:28:19.652612,Numquam autem repellat hic ullam.
4315c363-410d-47bb-8564-136ebf0784b3,27d13881-ee33-46a7-bd9f-6a8e9a082c96,seco,7.85,14.85,Independencia,2025-06-01T00:24:19.652612,2025-06-01T00:24:19.652612,Hic incidunt placeat maiores omnis.
2d002a7b-96e3-41a8-8bcf-a516cd0fae49,e98eafeb-cc5b-4f23-8804-77a9fe1357e3,refrigerado,42.96,99.54,Independencia,2025-06-01T00:26:19.652612,2025-06-01T00:26:19.652612,Accusamus assumenda ea doloremque.
d1c07c61-e741-4997-86f9-f2353384a307,313e74c9-c15f-48ce-9c3c-8fe0bab3dade,refrigerado,33.25,69.99,Huaral,2025-06-01T00:34:19.652612,2025-06-01T00:34:19.652612,Occaecati nemo dicta eos veritatis eum adipisci quidem.
980c4371-4e48-4649-aac4-7e34448c7362,2ecaeba2-332c-481f-9716-3b9136629b48,refrigerado,77.79,82.82,Huaral,2025-06-01T00:23:19.652612,2025-06-01T00:23:19.652612,Sit provident nihil tempore.
30e7b5fe-badb-4a6c-9df0-cb92ad0d53d8,8d538381-f8e7-4966-9a7d-75a053b64e03,refrigerado,44.36,73.85,Chincha,2025-06-01T00:38:19.652612,2025-06-01T00:38:19.652612,Ratione ut cupiditate.
372c0ce7-beae-431b-8d0e-bc3e5fd57180,56c6189d-9412-4e39-9ea0-ec96463d5622,seco,29.62,81.12,Chincha,2025-06-01T00:37:19.652612,2025-06-01T00:37:19.652612,Rerum quam autem.
026f468f-3430-4afd-9c9f-f7af43a0e263,c2a7be29-5088-4402-a4ce-9a1b2bbf7ff5,congelado,28.78,45.94,Chincha,2025-06-01T00:30:19.652612,2025-06-01T00:30:19.652612,Exercitationem fugiat veritatis delectus aspernatur recusandae aperiam culpa.
0c5bb113-f021-40cb-807d-0a0118d2d0f4,70e33cf5-b109-4662-9262-4cbd45a4d0cd,seco,59.33,67.3,Esmeralda,2025-06-01T00:19:19.652612,2025-06-01T00:19:19.652612,Dignissimos sint perferendis nulla enim.
fce516dc-b3cc-48fb-bac8-7ad841b7e997,d7c0d5a3-9e87-4ef7-a649-565a79d22fc1,seco,99.96,27.58,Chincha,2025-06-01T00:14:19.652612,2025-06-01T00:14:19.652612,Maiores sequi commodi odio.
5d3d5ac7-ed36-4440-9277-2073759aa91f,3983c8a7-6165-413f-b567-7063f508c17c,seco,43.36,98.75,Independencia,2025-06-01T00:33:19.652612,2025-06-01T00:33:19.652612,Perspiciatis assumenda earum provident.
8cd118ce-54aa-4a36-b42d-7a7ca0d73794,342d1d68-52bd-4301-840e-40702f66d9b0,congelado,21.34,64.12,Independencia,2025-06-01T00:21:19.652612,2025-06-01T00:21:19.652612,Magni delectus vitae recusandae.
98f79472-2788-4b5f-a37a-760c84b4e46e,fe0ed0da-2411-450b-85a1-dd7ef077564c,congelado,21.44,85.04,Huaral,2025-06-01T00:28:19.652612,2025-06-01T00:28:19.652612,Maxime iusto nulla ipsam nisi.
76fde694-385a-4f7e-9fbc-3956c6c39eda,211ba499-d814-468e-aa1b-c19386da803c,congelado,86.05,92.43,Independencia,2025-06-01T00:26:19.652612,2025-06-01T00:26:19.652612,Sit eum quibusdam sequi.
9b815cc5-85b3-4e96-9ece-304a0969cbff,2ecaeba2-332c-481f-9716-3b9136629b48,refrigerado,41.48,79.83,Huaral,2025-06-01T00:19:19.652612,2025-06-01T00:19:19.652612,Eos magnam libero explicabo reprehenderit eveniet sit.
678dfc8f-3c01-4ea7-9ab2-173a19d79458,958a96fd-df1c-4b2f-af15-eee3f985ede5,refrigerado,35.47,81.49,Independencia,2025-06-01T00:21:19.652612,2025-06-01T00:21:19.652612,Quibusdam soluta consequatur voluptate aspernatur error voluptatem.
904c0080-b2aa-41fe-a11e-53bd21a4cfb5,958a96fd-df1c-4b2f-af15-eee3f985ede5,seco,56.12,39.29,Chincha,2025-06-01T00:18:19.652612,2025-06-01T00:18:19.652612,Dolorem impedit rem corrupti iusto laboriosam.
d1b4dfa3-14cb-4d01-84ad-0c51f81a4a73,4a3bdf88-e320-49f7-af29-07e528ac40fe,congelado,10.9,40.96,Independencia,2025-06-01T00:27:19.652612,2025-06-01T00:27:19.652612,Repudiandae voluptates assumenda.
50e5142f-dba1-4ca8-bf8d-25a2b3d7296e,d3d4215d-2549-4a60-90ae-5673fe6147a2,refrigerado,53.07,97.43,Huaral,2025-06-01T00:30:19.652612,2025-06-01T00:30:19.652612,Eligendi quasi possimus ipsa est saepe hic saepe.
d16d5d7e-5d25-4dfd-a2e3-a61aaac91043,166ffb4e-3dc0-455c-b782-8abf26479433,refrigerado,47.36,32.74,Esmeralda,2025-06-01T00:27:19.652612,2025-06-01T00:27:19.652612,Earum culpa placeat.
48a69e35-b6c0-4ba8-9954-4d452a6622e8,43ef1852-5036-4af8-952c-ebe9f5455cc6,refrigerado,74.12,74.8,Huaral,2025-06-01T00:25:19.652612,2025-06-01T00:25:19.652612,Ut facere praesentium perferendis exercitationem itaque debitis saepe.
e33a31d3-b544-4eec-bcb9-413b4ba5836b,9b6d1931-2d3a-45bd-8bec-40d3afd2f115,seco,32.22,69.89,Huaral,2025-06-01T00:38:19.652612,2025-06-01T00:38:19.652612,Inventore consequuntur voluptatum suscipit eligendi doloremque.
c4197ed2-0fea-48a9-b489-2c837fe5d54c,45473c0d-fd92-4c53-8362-41e73a7101d4,congelado,69.58,71.97,Esmeralda,2025-06-01T00:13:19.652612,2025-06-01T00:13:19.652612,Mollitia aspernatur facilis alias occaecati accusantium commodi.
68916080-6117-45fd-8796-d02b9864b64c,9bcb8be0-3847-4e5a-a231-089901f9e5c1,congelado,4.5,98.29,Independencia,2025-06-01T00:27:19.652612,2025-06-01T00:27:19.652612,Iusto dolor ab eum maiores tenetur ipsum ipsum.
f7d1073f-1ff8-48bf-94aa-e130919e0742,f0a163c3-7b25-4e1f-ab72-faabc5039b26,refrigerado,13.01,39.51,Esmeralda,2025-06-01T00:20:19.652612,2025-06-01T00:20:19.652612,Necessitatibus fugit odit itaque dolorem animi temporibus.
d2740671-672b-4f6d-9c56-e878a4d714a4,fe0ed0da-2411-450b-85a1-dd7ef077564c,congelado,55.6,46.91,Huaral,2025-06-01T00:17:19.652612,2025-06-01T00:17:19.652612,Molestias odit itaque omnis ratione.
dd357998-4ce1-4dfc-8ba7-81c2ea0e25d5,d71c9716-af16-48e3-a010-6d3d0f8ba63e,refrigerado,34.07,20.27,Chincha,2025-06-01T00:28:19.652612,2025-06-01T00:28:19.652612,Dignissimos numquam ut facere inventore.
96e17650-3c45-4238-ad53-d3dd88a87605,70d573f4-c60d-4f10-b1bf-06c473782203,seco,33.95,36.5,Independencia,2025-06-01T00:25:19.652612,2025-06-01T00:25:19.652612,Suscipit molestiae quia dolore blanditiis sequi nulla eius.
3994e2f7-5019-4bbc-949a-6be6380957c1,8f98c08f-06be-4d6c-9c4c-8bf0192d9985,refrigerado,7.06,17.01,Huaral,2025-06-01T00:25:19.652612,2025-06-01T00:25:19.652612,Nulla praesentium ad vitae quaerat eaque.
0b418f16-5fcd-4b1e-aedc-58327daf0524,2ee70078-624c-44ff-a40d-29475f5a27bb,refrigerado,93.5,47.11,Huaral,2025-06-01T00:30:19.652612,2025-06-01T00:30:19.652612,Vero aliquam harum.
97c54796-fb90-4da2-9162-6f81f765471e,097cb2f6-bc8e-4ad5-927f-7a25a23f61f3,congelado,15.67,56.09,Independencia,2025-06-01T00:17:19.652612,2025-06-01T00:17:19.652612,Corporis quae possimus assumenda.
264cf1a3-03cc-4341-bd53-ef793c30ab6b,45473c0d-fd92-4c53-8362-41e73a7101d4,refrigerado,52.88,64.17,Independencia,2025-06-01T00:37:19.652612,2025-06-01T00:37:19.652612,Voluptas nulla explicabo facere rem velit.
3bd7e3da-005c-461d-bd5e-740f3e1e6f5b,d96ab3b7-7e0e-4501-b44b-31c132a34bd3,congelado,42.82,98.8,Chincha,2025-06-01T00:16:19.652612,2025-06-01T00:16:19.652612,Recusandae odio iure nihil.
a1b68f6c-9392-42e7-b689-9d35ac6925d0,2302ffd7-9fde-4272-a1f0-a03e5ad284e4,congelado,32.25,12.0,Esmeralda,2025-06-01T00:23:19.652612,2025-06-01T00:23:19.652612,Quidem quaerat occaecati impedit.
66a287b8-7039-414a-aa2d-84fd3cd1f65b,ec3320a9-69eb-480a-89cc-3ea03f271a1e,seco,80.11,87.48,Chincha,2025-06-01T00:14:19.652612,2025-06-01T00:14:19.652612,Animi fuga fugiat reiciendis earum.
ac13b146-363e-4f70-80dc-472da4d1c965,697683ef-a377-4ad4-bdfd-6ec8268a58af,refrigerado,68.09,66.83,Independencia,2025-06-01T00:36:19.652612,2025-06-01T00:36:19.652612,Fuga ipsum deleniti dignissimos fugit.
9be92436-ceac-44be-a9e0-0db3cdb4e68a,2ee70078-624c-44ff-a40d-29475f5a27bb,refrigerado,31.78,90.93,Independencia,2025-06-01T00:22:19.652612,2025-06-01T00:22:19.652612,Fuga sunt dolor perferendis tempora voluptatibus.
2821ec42-abf2-4c6d-bd8d-82798bed344a,c1ce271d-30ce-4197-beb0-e38ac09d0579,congelado,93.17,61.52,Independencia,2025-06-01T00:35:19.652612,2025-06-01T00:35:19.652612,Tempore quibusdam minima accusantium animi pariatur eos.
8fa586f8-aee2-4368-8948-6d04542c9f60,51a4a869-b4d7-44c9-bd24-f818612ebff8,congelado,15.92,89.48,Independencia,2025-06-01T00:26:19.652612,2025-06-01T00:26:19.652612,Recusandae explicabo atque ratione occaecati.
420bd0f9-6f5d-4c45-907e-99b84c31da2b,7ec7da82-9ebb-4be2-89f9-6c972e442265,seco,49.83,64.76,Esmeralda,2025-06-01T00:30:19.652612,2025-06-01T00:30:19.652612,Deleniti tenetur velit.
dfd281e1-c938-424e-ac0a-5f48ab43e81a,88e3af56-9a14-438b-87dd-80de1c662fbf,refrigerado,48.3,8.04,Esmeralda,2025-06-01T00:21:19.652612,2025-06-01T00:21:19.652612,Repellendus sunt natus.
fb10eb92-b6de-4670-a8df-e6da70f8f6ef,69d30068-3f2e-459c-bcc7-87b64c930d96,seco,65.66,57.78,Independencia,2025-06-01T00:22:19.652612,2025-06-01T00:22:19.652612,Veniam eum velit corporis.
f00cbfba-ce7b-46af-b067-2040040b17a2,fee75ce3-2840-4715-ad14-73aa3be68876,refrigerado,67.21,3.21,Esmeralda,2025-06-01T00:22:19.652612,2025-06-01T00:22:19.652612,Nisi voluptatem praesentium nostrum est unde.
ce98ce6f-be71-4e87-b4ac-9a74eacb774c,2302ffd7-9fde-4272-a1f0-a03e5ad284e4,refrigerado,75.97,37.54,Huaral,2025-06-01T00:18:19.652612,2025-06-01T00:18:19.652612,Minima impedit libero aliquam.
fca443d8-5613-4258-a808-9b69f40b63f5,f6469f46-79b4-44d4-b214-c3e1267ba3a5,congelado,99.45,1.75,Independencia,2025-06-01T00:31:19.652612,2025-06-01T00:31:19.652612,Cum repellendus mollitia reiciendis debitis excepturi minus ea.
06eb057e-f6a9-48ed-b180-1edbc2bdc2ff,e1082cf1-0930-40d9-8249-a861364bdac4,seco,54.97,22.15,Chincha,2025-06-01T00:25:19.652612,2025-06-01T00:25:19.652612,Eveniet earum maiores placeat quaerat et occaecati.
9cfa16a8-e195-468f-adf8-27959f849832,0baaebef-1d25-41c2-a54b-07bda16cd83c,seco,84.51,92.19,Independencia,2025-06-01T00:15:19.652612,2025-06-01T00:15:19.652612,Facere quisquam hic modi deserunt.
db77633b-2360-4197-94d5-41f8a3b9569a,6a4183e8-2150-45aa-b844-cfd8cb2ba6c4,congelado,30.69,27.97,Esmeralda,2025-06-01T00:18:19.652612,2025-06-01T00:18:19.652612,Fugit eveniet esse vero quis itaque excepturi.
8520f89b-2478-4bc4-be57-dbfda16cf8b7,f8e77acc-0671-43f6-a97a-203d592f9d13,congelado,68.11,94.61,Chincha,2025-06-01T00:26:19.652612,2025-06-01T00:26:19.652612,Accusamus minima beatae sunt.
2cc0e3d0-ab8e-43e2-a791-4584e1c09cc6,5ecf6353-f300-45db-b30c-01edc66c3b26,congelado,37.03,29.37,Chincha,2025-06-01T00:36:19.652612,2025-06-01T00:36:19.652612,Rem ad eveniet laboriosam nam.
b542f8fa-4c37-4bae-8111-2b0e52a48ad9,91f65af7-bbd9-4494-8c3d-a3b8bcdf9e19,congelado,2.78,73.4,Esmeralda,2025-06-01T00:38:19.652612,2025-06-01T00:38:19.652612,Culpa autem fugiat ut repellendus esse.
88a07727-452c-429b-8b4f-0aaa2b1a66b0,98e6f282-ee6f-4552-b926-8bedc9277e14,congelado,89.6,59.78,Chincha,2025-06-01T00:21:19.652612,2025-06-01T00:21:19.652612,Quis quis aut nobis voluptatibus quam.
f0b52707-94b3-411c-8886-824cc73ccccb,9826dcbf-a43c-4a8d-8310-24b038087f27,seco,34.08,40.42,Esmeralda,2025-06-01T00:38:19.652612,2025-06-01T00:38:19.652612,Maiores qui cupiditate eveniet.
f3c2bcdf-6df2-49ff-8e7d-c2784857df4b,b36f37d4-27bf-456a-b435-c0092e868660,congelado,24.94,7.34,Independencia,2025-06-01T00:33:19.652612,2025-06-01T00:33:19.652612,Assumenda sapiente accusantium laborum nihil.
2f1bdbef-5b4e-492a-93c6-894b6cda4839,cb75f495-50d2-462b-a62c-777370c33cc8,seco,5.8,68.04,Huaral,2025-06-01T00:21:19.652612,2025-06-01T00:21:19.652612,Rerum ratione excepturi.
bc1314c1-5079-4fc4-b689-2f1f0ede6c6c,2ecaeba2-332c-481f-9716-3b9136629b48,congelado,96.78,27.73,Independencia,2025-06-01T00:17:19.652612,2025-06-01T00:17:19.652612,Veritatis eveniet autem minima suscipit voluptatem at.
a867266c-949a-491e-86a4-618f96299eda,fdafe91c-3460-4edf-828e-c6e65fa44856,congelado,93.84,20.66,Independencia,2025-06-01T00:28:19.652612,2025-06-01T00:28:19.652612,Nisi cum iusto architecto.
b9f81f36-959b-4a77-ad8c-b8af5ad133e3,635e34cf-a03e-4725-8dd7-ecbcf1809c09,seco,64.91,62.93,Huaral,2025-06-01T00:33:19.652612,2025-06-01T00:33:19.652612,Explicabo optio vitae id incidunt esse.
ba965f3b-07d3-4510-a862-5e0a3429784a,d6389ad0-ce17-413c-a613-6e7f80c22557,refrigerado,4.22,39.55,Chincha,2025-06-01T00:27:19.652612,2025-06-01T00:27:19.652612,Explicabo minima dolorum eveniet enim distinctio voluptate saepe.
6290f149-a987-4381-a1e3-22ca52e52be5,91f57baa-634f-48f7-83f1-af9839669040,refrigerado,20.79,30.3,Huaral,2025-06-01T00:14:19.652612,2025-06-01T00:14:19.652612,Omnis voluptatum voluptatum.
ac65f982-8493-4baa-aebf-6b53f8a009da,3dc74b99-91cf-4827-8c59-88a9cd9d3156,refrigerado,61.57,61.7,Chincha,2025-06-01T00:35:19.652612,2025-06-01T00:35:19.652612,Doloribus omnis aliquam consequatur.
a61c61cd-2d24-4bbe-a079-be5982afeffb,9e2081ca-8843-4d8a-a0b0-bc2425736069,seco,43.85,9.16,Huaral,2025-06-01T00:32:19.652612,2025-06-01T00:32:19.652612,Consectetur id eius vero ea.
adb8f9e0-dc59-482c-b46d-3dabd5ddb3d4,8369ee32-a457-47c4-bcd0-7134c02e0993,congelado,92.95,77.77,Huaral,2025-06-01T00:32:19.652612,2025-06-01T00:32:19.652612,Quia reprehenderit sit libero.
b970b451-e7f2-4e62-8ca1-4d08d37a0fb6,b6491079-787c-4e13-b909-2ab7303d55cc,congelado,48.29,51.06,Chincha,2025-06-01T00:29:19.652612,2025-06-01T00:29:19.652612,Optio unde aperiam doloremque.
49851080-334b-426a-a2da-a47b3e63bbea,89aa59de-c742-4c9d-b70b-9d84775118ef,congelado,3.66,33.91,Esmeralda,2025-06-01T00:28:19.652612,2025-06-01T00:28:19.652612,Dolore repellendus optio cumque repudiandae natus.
2bd382fd-03b3-46f7-969f-e384d6735b32,645067ab-7f47-43d9-a1fb-2fc26e734a8a,congelado,7.64,10.38,Huaral,2025-06-01T00:15:19.652612,2025-06-01T00:15:19.652612,Molestias vero quo rerum accusamus eum debitis.
334a047e-1489-43c4-8162-f95eb81dc728,8c2e21f3-658c-4d23-9285-728d9d383e78,refrigerado,49.96,19.6,Huaral,2025-06-01T00:37:19.652612,2025-06-01T00:37:19.652612,Distinctio delectus temporibus accusamus asperiores quas assumenda.
c056f54f-7696-4891-a4f6-f3a76f0b865a,1c3f563c-6146-4feb-bd76-4d93225a2ce7,congelado,3.47,82.36,Esmeralda,2025-06-01T00:25:19.652612,2025-06-01T00:25:19.652612,Expedita eaque harum soluta laboriosam ex sint.
620839c5-fd99-4f08-8bb7-e160aa12c387,87f986b1-7d73-4432-8ef7-8c8af8710785,congelado,16.53,72.12,Chincha,2025-06-01T00:24:19.652612,2025-06-01T00:24:19.652612,Maiores non vero officiis.
d8653af9-b546-4566-aee9-f60d89bc444f,f547bd89-ed38-4dc6-982a-650331b66221,seco,56.3,61.58,Independencia,2025-06-01T00:27:19.652612,2025-06-01T00:27:19.652612,Cum quam a laboriosam suscipit.
2c3605a0-be73-4da2-9ad2-296284a4fe3f,0190be6c-bcc5-4c09-b46d-e3fc91706dfe,refrigerado,38.54,47.69,Chincha,2025-06-01T00:26:19.652612,2025-06-01T00:26:19.652612,Perspiciatis iure dicta provident repellat expedita accusamus iusto.
48e1db11-2f2b-4b5e-ad95-75c75c23e330,e904e160-2a60-4bbc-af99-78980c050b1f,seco,39.29,59.75,Chincha,2025-06-01T00:28:19.652612,2025-06-01T00:28:19.652612,Ex vel unde quod perspiciatis.
4d573929-c0f2-4dd3-8344-6346240b945c,f0e3c66b-8fd0-4f71-a396-241df9502712,refrigerado,88.02,90.7,Esmeralda,2025-06-01T00:36:19.652612,2025-06-01T00:36:19.652612,Autem eum laboriosam suscipit laboriosam illo.
eaf38bd5-e052-4724-8e68-fb4491648346,51a4a869-b4d7-44c9-bd24-f818612ebff8,congelado,81.5,76.9,Huaral,2025-06-01T00:28:19.652612,2025-06-01T00:28:19.652612,Ad rem quae reprehenderit.
32a2b36f-f479-4509-9a6a-3d9c3fa11002,d06cd773-f809-4449-a156-3ca4fa358775,refrigerado,12.62,96.92,Huaral,2025-06-01T00:25:19.652612,2025-06-01T00:25:19.652612,Soluta tempora molestias aut repellendus sunt.
eeeb4d59-d60e-46c0-8346-b064fde1b13c,707ef963-2712-48d7-91f3-ad65061f8fc9,refrigerado,53.42,91.86,Chincha,2025-06-01T00:19:19.652612,2025-06-01T00:19:19.652612,Dolorem quidem dignissimos perferendis animi maxime.
788917b4-da84-4144-8bee-570341754722,d5ee2479-474a-4d9b-9ae6-dc470a67befb,congelado,59.54,17.47,Esmeralda,2025-06-01T00:29:19.652612,2025-06-01T00:29:19.652612,Ea fuga nisi illo voluptatem at.
cfe53f5e-9ea6-47b2-aa91-1752aa32d969,04a1bbe3-2a6f-4eb4-b969-edc86d0e31b3,congelado,21.08,6.75,Esmeralda,2025-06-01T00:32:19.652612,2025-06-01T00:32:19.652612,Quis eum aliquid nulla excepturi delectus.
a14f93cf-7532-4696-8268-89029ef66cee,6c729ce4-2484-4722-b114-cd862cb6e2f2,seco,72.22,61.2,Esmeralda,2025-06-01T00:37:19.652612,2025-06-01T00:37:19.652612,Architecto iusto deleniti vitae repellendus voluptas voluptatum reprehenderit.
f2ec9454-934b-4f9c-9dfc-f64371282e42,b759050f-accc-49b1-95f9-be7a930aae8b,refrigerado,76.33,10.56,Independencia,2025-06-01T00:32:19.652612,2025-06-01T00:32:19.652612,Corrupti provident adipisci ad ullam molestias expedita.
6bfb3d09-127c-41c0-a467-b4db8f172cfb,61c01d60-89cc-4372-9151-fc7820a42a08,congelado,66.44,46.87,Esmeralda,2025-06-01T00:38:19.652612,2025-06-01T00:38:19.652612,Omnis laborum est.
19c017d2-3eff-412f-a8b3-f9de1ab94e22,6f875374-0cb7-4c05-bd9b-21064ba0927d,congelado,14.22,43.7,Independencia,2025-06-01T00:20:19.652612,2025-06-01T00:20:19.652612,Quos ea quod mollitia assumenda.
cb5d54c7-6f46-4ca2-8e70-c3f470666113,a4042a3a-6ef2-4bf2-b599-a4fd4e8ce317,seco,1.72,25.1,Independencia,2025-06-01T00:30:19.652612,2025-06-01T00:30:19.652612,Expedita doloribus id enim.
ab2de074-b1c5-4cdc-8bd1-54f5a847f4e8,1aee7c47-fefe-4906-a355-b6e72117fef4,refrigerado,2.58,24.47,Huaral,2025-06-01T00:19:19.652612,2025-06-01T00:19:19.652612,Eum esse quis cumque aliquam omnis sit.
848084a2-1c0f-4df1-9a76-fe41cafa4518,513a64a6-c725-49c2-94c3-938f5ad32c00,congelado,22.86,70.78,Independencia,2025-06-01T00:27:19.652612,2025-06-01T00:27:19.652612,A assumenda dolore veniam autem accusantium.
68069e1e-4dca-45e1-849d-c55c7c40b8cd,fee75ce3-2840-4715-ad14-73aa3be68876,seco,51.57,29.5,Chincha,2025-06-01T00:23:19.652612,2025-06-01T00:23:19.652612,Velit aliquam quidem ipsa voluptate.
596951c4-6621-420d-b554-183b03086774,29de6c13-2913-4b40-965f-bda09a4fc4d9,refrigerado,57.28,78.83,Independencia,2025-06-01T00:20:19.652612,2025-06-01T00:20:19.652612,Excepturi pariatur fugit aliquam.
e321e8c5-04e2-4165-a709-f2bf18fe1239,70e33cf5-b109-4662-9262-4cbd45a4d0cd,seco,53.59,43.95,Chincha,2025-06-01T00:30:19.652612,2025-06-01T00:30:19.652612,Voluptate sint ipsa dolorum aliquid aut.
98b5c0d0-a818-4ac1-a4f0-bd63f15490ea,87dfc384-a801-4d15-b339-6fc3c4215975,congelado,41.8,83.93,Chincha,2025-06-01T00:15:19.652612,2025-06-01T00:15:19.652612,Labore eos corporis natus maxime.
0d0a91b9-34d3-4691-a271-5138b29a68dd,d5674a35-da4f-4590-996e-99e6736260d3,refrigerado,59.56,39.92,Independencia,2025-06-01T00:16:19.652612,2025-06-01T00:16:19.652612,Voluptas fugit eveniet voluptatem iusto.
1e736ba8-61d5-494f-90c9-49dbfef2d426,b2d82549-0531-4228-8f35-4e6709cec415,refrigerado,16.94,60.6,Huaral,2025-06-01T00:37:19.652612,2025-06-01T00:37:19.652612,Quo odio delectus quam aspernatur nulla harum.
f134c251-9817-4c0c-ad28-91f375c232d0,0e9a3284-1e76-42e1-9c95-a1a6e41201eb,congelado,49.11,38.11,Huaral,2025-06-01T00:27:19.652612,2025-06-01T00:27:19.652612,Veniam vel aut debitis tempore laudantium ullam.
648354e3-9818-404a-8ab2-689878c98933,5e8037e9-71d6-4a68-bd5b-815f5677fb0b,refrigerado,18.34,79.39,Huaral,2025-06-01T00:25:19.652612,2025-06-01T00:25:19.652612,Animi nulla corporis nam odit.
a884f569-4a64-42e1-9c19-0e495aca1310,a9ecb8c3-40d0-4761-8773-93f5fa62ab9e,refrigerado,64.56,7.14,Independencia,2025-06-01T00:35:19.652612,2025-06-01T00:35:19.652612,Error magni necessitatibus inventore beatae explicabo.
efe95d54-9270-4e70-b09d-29b078cea08d,eac44f58-fbd2-4042-bb9d-b6a317f538e7,congelado,7.31,73.26,Esmeralda,2025-06-01T00:36:19.652612,2025-06-01T00:36:19.652612,Quam aliquid veritatis voluptas.
d292195e-f3f7-4a20-aee2-c7e83d876fb4,3d3ea4c7-d4cd-4afa-a416-bbb8ebefe34b,refrigerado,20.7,88.67,Huaral,2025-06-01T00:14:19.652612,2025-06-01T00:14:19.652612,Id laborum ex quod minima.
8e9ab846-d421-4461-996f-423ad1cf3573,87f986b1-7d73-4432-8ef7-8c8af8710785,seco,81.41,99.22,Esmeralda,2025-06-01T00:34:19.652612,2025-06-01T00:34:19.652612,Vero velit dolore modi rerum vel natus.
dbb84988-54ad-4c9a-af03-1758c7004ab3,1881e4cd-7c8d-4a25-a4eb-2574558dc79f,refrigerado,1.72,35.55,Independencia,2025-06-01T00:33:19.652612,2025-06-01T00:33:19.652612,Praesentium dolore minima laborum velit debitis qui.
b234ad0d-53bc-4881-a7f0-f981fbe4640a,51a4a869-b4d7-44c9-bd24-f818612ebff8,refrigerado,57.93,29.59,Huaral,2025-06-01T00:24:19.652612,2025-06-01T00:24:19.652612,Perspiciatis dicta deleniti accusamus nostrum a ratione.
8de4f3fa-c045-4adb-8c51-0e69bcb93cab,9672bd1d-ca59-4099-8c8a-d0eb84334b04,seco,16.7,63.91,Huaral,2025-06-01T00:16:19.652612,2025-06-01T00:16:19.652612,Modi libero quae harum doloremque.
d7cb6189-c1ae-4583-bdb8-1894b223f672,37da15e5-d690-4c14-98e6-ae918f2266c0,congelado,69.29,42.86,Independencia,2025-06-01T00:28:19.652612,2025-06-01T00:28:19.652612,Incidunt officia tenetur ducimus.
15493e9c-0c7f-451a-8b36-331c5a19030e,ab245e77-dbb0-4c8a-887b-34d188a6d2c0,seco,31.55,7.09,Esmeralda,2025-06-01T00:16:19.652612,2025-06-01T00:16:19.652612,Ea delectus reprehenderit corrupti aut.
6a675a9a-1d3a-499b-b36a-41ad18d1236f,9b6d1931-2d3a-45bd-8bec-40d3afd2f115,refrigerado,60.3,80.88,Independencia,2025-06-01T00:13:19.652612,2025-06-01T00:13:19.652612,Sequi dolore quam necessitatibus et cupiditate.
8a358e1f-3c12-4243-85de-9c514366e81f,7e856126-fd5d-494a-9282-fc8fb2d90b14,congelado,27.0,8.33,Independencia,2025-06-01T00:29:19.652612,2025-06-01T00:29:19.652612,Accusantium illum ea laborum impedit.
b37c2c8b-d5d6-44a2-8cfc-f6ee917f97f0,e21dded0-b457-4525-acb7-11842f4bedfe,congelado,42.79,32.04,Huaral,2025-06-01T00:15:19.652612,2025-06-01T00:15:19.652612,Nam voluptate quis dolore accusantium deserunt.
e26b8b5b-f3af-4820-a57b-be097d581f0d,2cadcbfb-44c2-4601-abc0-52fbb7e5a61a,seco,58.94,81.54,Chincha,2025-06-01T00:31:19.652612,2025-06-01T00:31:19.652612,Magni voluptatum cupiditate cum modi.
ed7387e2-4c7d-494f-b8d6-528c6d29c009,c799ebce-6aa5-4cde-90a4-b38e603947cb,seco,35.38,19.84,Chincha,2025-06-01T00:25:19.652612,2025-06-01T00:25:19.652612,Voluptate veritatis beatae consectetur.
f96d90aa-e6b3-4e3f-9e18-95249b5bce86,45473c0d-fd92-4c53-8362-41e73a7101d4,refrigerado,95.5,63.78,Independencia,2025-06-01T00:26:19.652612,2025-06-01T00:26:19.652612,Impedit numquam dolore excepturi quasi deleniti ipsa.
c38a0f1d-107a-459c-a79d-ba4bf8dd9656,166ffb4e-3dc0-455c-b782-8abf26479433,congelado,30.3,39.42,Independencia,2025-06-01T00:14:19.652612,2025-06-01T00:14:19.652612,Nemo ipsa soluta accusantium nobis.
85169e85-2b89-4a91-93aa-0305ed0fc432,1aee7c47-fefe-4906-a355-b6e72117fef4,seco,13.97,32.25,Esmeralda,2025-06-01T00:32:19.652612,2025-06-01T00:32:19.652612,Temporibus quisquam facilis ipsa perspiciatis.
14d51649-b949-4da5-a0a5-891d379e2767,f34b490b-ca66-4f2d-b7b3-778b86951feb,congelado,23.9,51.3,Esmeralda,2025-06-01T00:29:19.652612,2025-06-01T00:29:19.652612,Excepturi reprehenderit quibusdam eos.
c0d4b503-daf6-4176-b806-15b7ef93c8b0,342d1d68-52bd-4301-840e-40702f66d9b0,refrigerado,17.8,52.01,Huaral,2025-06-01T00:30:19.652612,2025-06-01T00:30:19.652612,Error dolorem odio.
50dee097-1aec-43c2-a7ab-d023dd78a42a,059ce99a-5b31-4e3c-9eee-2b56b7507bb4,congelado,47.41,48.98,Chincha,2025-06-01T00:14:19.652612,2025-06-01T00:14:19.652612,Temporibus omnis molestias similique.
