id_cliente,nombre,tipo_cliente,RUC,DNI,direccion,distrito,provincia,departamento,telefono,telefono_alternativo,email,tipo_negocio,horario_atencion,fecha_registro,genero
930e10a1-2dc2-4b2e-82ad-557c38fc60ea,Tecnologías del Levante S.L.N.E,empresa,59216484516,95002911,Urbanización Emperatriz Angulo 96 Apt. 36 ,Ville,Asturias,Ciudad,773911703,750013772,villegasadrian@example.org,hotel,8:00 a.m. - 6:00 p.m.,2025-06-05T00:08:19.518614,M
edb19f6c-9372-4eda-9b57-4f659e92f680,Ruy Ibáñez Antón S.Com.,empresa,63264401986,70954442,Plaza de Carla Franch 81,Ville,Baleares,Cáceres,170146525,676993453,nicodemo64@example.com,supermercado,8:00 a.m. - 6:00 p.m.,2025-06-05T00:08:19.518614,O
2e7903ca-24ba-467c-a0a9-39b0d125ae89,Ana Sofía Diego-Vargas,persona_natural,00000000000,84917420,Urbanización de Chus Carrillo 9 Piso 9 ,Ville,Albacete,Madrid,906385236,895500933,lcastillo@example.net,otro,8:00 a.m. - 6:00 p.m.,2025-06-05T00:08:19.518614,O
4c325d06-a6b3-4558-8d98-44dfd85f5640,Bayo & Asociados S.L.,empresa,48046401839,20777169,Alameda Leyre Huguet 10 Puerta 7 ,Ville,Asturias,Melilla,628991913,132869442,teresaferreras@example.com,distribuidor,8:00 a.m. - 6:00 p.m.,2025-06-05T00:08:19.518614,M
e16fed0f-7df1-4a3e-930b-0a6768dc6188,Gregorio Paniagua Morera,persona_natural,00000000000,39632397,Glorieta Emilio Bernad 368 Puerta 4 ,Ville,Almería,Segovia,301051957,332135362,candidapuente@example.org,otro,8:00 a.m. - 6:00 p.m.,2025-06-05T00:08:19.518614,F
5c28bcbd-aa2d-466e-a422-36a4fb970fdf,Gaya y asociados S.Coop.,empresa,82856618471,07408945,Via de Maricela Quirós 62,Ville,Córdoba,Melilla,769275631,117606485,daniela28@example.net,otro,8:00 a.m. - 6:00 p.m.,2025-06-05T00:08:19.519614,O
fec53f75-995f-45ac-a9ef-40b31b457bc6,Juanita Martínez Carbajo,persona_natural,00000000000,90324101,C. de Benjamín Carlos 74 Puerta 6 ,Ville,Burgos,Burgos,192760301,992687038,manolo77@example.net,restaurante,8:00 a.m. - 6:00 p.m.,2025-06-05T00:08:19.519614,M
799ef82f-b1ac-4601-8434-4637670a9ed1,Consultoría AYO S.Com.,empresa,52668322774,32384029,Urbanización de Lina Manrique 3 Piso 2 ,Ville,Lugo,Santa Cruz de Tenerife,403181037,227043725,andres-felipeescribano@example.net,restaurante,8:00 a.m. - 6:00 p.m.,2025-06-05T00:08:19.519614,O
9f1ff537-86e3-4772-88eb-010815148dfd,Sancho Guitart,persona_natural,00000000000,59054125,Pasadizo de Victor Manuel Ibañez 57 Piso 6 ,Ville,Huesca,Ceuta,358194733,667381652,tamayoisaias@example.com,supermercado,8:00 a.m. - 6:00 p.m.,2025-06-05T00:08:19.519614,M
b4dd9a94-6e20-41a4-bd53-b632e2e84241,Hermanos Cañellas S.Coop.,empresa,19120802835,31849794,Callejón de Victoriano Acevedo 66,Ville,Santa Cruz de Tenerife,Albacete,588412338,949642887,elvira61@example.org,supermercado,8:00 a.m. - 6:00 p.m.,2025-06-05T00:08:19.519614,F
17472166-6bf8-4869-8094-e21fed93e005,Fábrica del Noroeste S.L.,empresa,30516641035,97499951,C. de Gracia Villegas 46,Ville,Lleida,Asturias,785911635,950004083,carrerasnoe@example.org,restaurante,8:00 a.m. - 6:00 p.m.,2025-06-05T00:08:19.519614,O
c3563a47-f214-4a5d-9219-af58f1ef7a8d,Linares y Macías S.L.L.,empresa,97326674550,62141621,Avenida Anita Cid 37 Puerta 5 ,Ville,Ourense,Lugo,842979753,529079166,xalberdi@example.com,supermercado,8:00 a.m. - 6:00 p.m.,2025-06-05T00:08:19.519614,M
3368abd8-cf04-490c-af37-e457b0114906,Familia Gomez S.Com.,empresa,98403641981,75838271,Paseo Olga Arenas 923 Piso 3 ,Ville,Lleida,Ourense,819537255,119754057,jordanjuana@example.net,supermercado,8:00 a.m. - 6:00 p.m.,2025-06-05T00:08:19.519614,M
e5e002bf-129b-40e5-a2cf-4c0e1d60a4b7,Calisto Torrens-Montoya,persona_natural,00000000000,76544036,C. de Nazario Alegre 22,Ville,Cáceres,Santa Cruz de Tenerife,020973203,033518481,tortiz@example.org,otro,8:00 a.m. - 6:00 p.m.,2025-06-05T00:08:19.520615,O
c7942f7f-0d35-4ecb-97da-82955c8dcd8d,Patricio Tolosa Cobo,persona_natural,00000000000,28638282,Callejón de Timoteo Duque 32 Puerta 6 ,Ville,Guipúzcoa,Pontevedra,295316554,699200893,rosellrufino@example.com,distribuidor,8:00 a.m. - 6:00 p.m.,2025-06-05T00:08:19.520615,O
ebc445e7-e1b8-4d8f-a084-14cf35d73e1c,Distribuciones Alonso S.L.,empresa,71318867938,57699480,Urbanización Espiridión Riba 77,Ville,Segovia,Toledo,570972411,404343214,taguirre@example.org,distribuidor,8:00 a.m. - 6:00 p.m.,2025-06-05T00:08:19.520615,F
24244bed-93c3-4d76-989c-f94d0ab022e5,Servicios ULRR S.L.,empresa,60106298564,05162510,Rambla Guillermo Álvaro 91 Piso 9 ,Ville,Asturias,Álava,005774925,147523032,isabel52@example.com,hotel,8:00 a.m. - 6:00 p.m.,2025-06-05T00:08:19.520615,M
d0f949a0-7c54-4c4c-b8bf-0727584e5b16,Coello y Angulo S.Coop.,empresa,28540650903,66011303,Acceso de Lázaro Sarmiento 55 Apt. 29 ,Ville,Salamanca,Teruel,201519054,262633748,valencialucho@example.net,distribuidor,8:00 a.m. - 6:00 p.m.,2025-06-05T00:08:19.520615,F
5df5e166-3a12-42f1-8625-0e739bde5c25,Fabiana de Cervera,persona_natural,00000000000,83324549,Via Casemiro Fonseca 4 Piso 2 ,Ville,Segovia,Jaén,548804593,962864423,lvara@example.org,restaurante,8:00 a.m. - 6:00 p.m.,2025-06-05T00:08:19.520615,F
3dd07106-92a2-4950-b899-44e0b9fc83fa,Vilma Mas-Roura,persona_natural,00000000000,17118444,Calle Rafael Bárcena 83 Piso 1 ,Ville,Alicante,Ceuta,384909230,362289461,belloreyes@example.net,distribuidor,8:00 a.m. - 6:00 p.m.,2025-06-05T00:08:19.520615,F
527362fe-e0cc-4aed-8ef4-649a44d5287d,Despacho Teruel S.Coop.,empresa,55773902734,29256515,Avenida de Edgardo Calleja 15 Piso 9 ,Ville,Ciudad,Salamanca,103420418,937681889,rincondominga@example.net,distribuidor,8:00 a.m. - 6:00 p.m.,2025-06-05T00:08:19.520615,O
abe983a3-e23f-4490-98fe-b06681d0db80,Nieves Trujillo Catalán S.L.N.E,empresa,30388355388,85808720,Cañada de Jennifer Armengol 3 Apt. 80 ,Ville,Guipúzcoa,Guipúzcoa,539993221,751957781,fmiro@example.org,otro,8:00 a.m. - 6:00 p.m.,2025-06-05T00:08:19.521612,O
bb828f7a-ebe3-4a43-b6c6-e6441a6fe66b,Folch & Asociados S.L.,empresa,59638621022,14008803,Cuesta Melchor Haro 43 Apt. 10 ,Ville,Sevilla,La Coruña,380933314,114299291,benita36@example.com,otro,8:00 a.m. - 6:00 p.m.,2025-06-05T00:08:19.521612,M
506c197b-5a17-4186-8acb-869ea8f2c677,Casanova y Mateo S.C.P,empresa,09137387747,43393148,Calle Lourdes Roselló 5,Ville,Tarragona,Madrid,492077984,856574292,alicia32@example.com,distribuidor,8:00 a.m. - 6:00 p.m.,2025-06-05T00:08:19.521612,M
f5480577-1152-414d-b9eb-061e8e60e3e9,Lucila Amat Molins,persona_natural,00000000000,15971829,Alameda Brunilda Madrigal 76 Apt. 97 ,Ville,Vizcaya,Álava,107789883,046423179,lisandroaznar@example.org,supermercado,8:00 a.m. - 6:00 p.m.,2025-06-05T00:08:19.521612,M
3d6b1e11-047e-4777-ad5b-a3532b3e783f,Instalaciones Trillo & Asociados S.Com.,empresa,22305814279,85815611,Paseo de Ciríaco Zamorano 19,Ville,Barcelona,Almería,869768419,658442616,jorge59@example.net,restaurante,8:00 a.m. - 6:00 p.m.,2025-06-05T00:08:19.521612,M
59e2d8ad-23c9-45e4-93e1-99738bb1af93,Isa Bayo Gisbert,persona_natural,00000000000,38301756,Callejón Matías Fajardo 256,Ville,Ávila,Teruel,403033773,337385673,ledesmasalud@example.net,restaurante,8:00 a.m. - 6:00 p.m.,2025-06-05T00:08:19.521612,M
038c23c4-eb12-4037-b7a7-4fba156d29fa,Enríquez y asociados S.Coop.,empresa,06708832433,29438619,Ronda de Claudia Zorrilla 35,Ville,Guipúzcoa,Lleida,382107072,633312475,regulosegovia@example.net,otro,8:00 a.m. - 6:00 p.m.,2025-06-05T00:08:19.521612,M
5163d4be-dd20-458a-8762-60d99286b4cb,Ávila & Asociados S.L.,empresa,80843824958,39220247,Pasaje Chuy Segovia 29,Ville,Almería,Guadalajara,636916149,245832164,encarnacionjuarez@example.com,distribuidor,8:00 a.m. - 6:00 p.m.,2025-06-05T00:08:19.521612,O
3d1b51e8-0074-4aa8-a16d-e4270fabc268,Belen Ferrer Ariño S.Com.,empresa,75858046511,69102581,Callejón Lidia Pellicer 35,Ville,Cáceres,Cádiz,974578430,089108538,moises21@example.com,distribuidor,8:00 a.m. - 6:00 p.m.,2025-06-05T00:08:19.522613,M
3c896ccb-d258-4857-8f75-fa27e2f90197,Grupo Arnaiz S.L.,empresa,25207759331,21732630,Avenida de María Carmen Mínguez 260,Ville,Almería,Lugo,380347554,901220110,rosselloperla@example.org,hotel,8:00 a.m. - 6:00 p.m.,2025-06-05T00:08:19.522613,M
b3f5d7de-e92c-4cb8-975c-a7daa2a04a8b,Industrias JR S.L.N.E,empresa,38363356773,02879281,Avenida de Susana Reina 506 Apt. 26 ,Ville,Valencia,Cantabria,360351284,162783963,cecilia30@example.org,restaurante,8:00 a.m. - 6:00 p.m.,2025-06-05T00:08:19.522613,M
ecbfd4be-9c3f-4323-9818-1113381e63b8,Rafaela Sanmartín Bastida,persona_natural,00000000000,71296317,Via de Amarilis Sureda 417 Apt. 17 ,Ville,Guadalajara,Asturias,661760171,026545869,bravohector@example.net,restaurante,8:00 a.m. - 6:00 p.m.,2025-06-05T00:08:19.522613,F
00eb5026-3484-419c-9316-0aaccfae5547,Jenny Ignacia Goicoechea Puente,persona_natural,00000000000,82825497,Urbanización de Mariana Aliaga 43,Ville,Almería,Ourense,864704877,699911029,mercaderreyna@example.net,hotel,8:00 a.m. - 6:00 p.m.,2025-06-05T00:08:19.522613,F
3786aed7-e5e3-439b-b058-9bb523a5030a,Verdejo y Franch S.L.N.E,empresa,85552513018,33426630,Glorieta Emigdio Tejera 38,Ville,Ceuta,León,669274319,445907105,claudiaborras@example.com,restaurante,8:00 a.m. - 6:00 p.m.,2025-06-05T00:08:19.522613,M
33591b41-9386-4fec-8c2f-021e2c1d11ff,Amelia Crespi Bru,persona_natural,00000000000,34998813,Cañada de Osvaldo Nevado 465 Puerta 2 ,Ville,Zaragoza,Tarragona,766188214,283908217,leonrobledo@example.com,otro,8:00 a.m. - 6:00 p.m.,2025-06-05T00:08:19.522613,F
c04a6e08-5d0b-45e7-8a5f-6ee84e89e9e9,Ricart y asociados S.Coop.,empresa,60378741515,12441151,Rambla de Alejo Mate 2 Piso 1 ,Ville,Cáceres,Segovia,099781097,447928807,upintor@example.net,restaurante,8:00 a.m. - 6:00 p.m.,2025-06-05T00:08:19.523613,M
e3b9cf8c-4b1f-48da-9904-90082ba7f3ab,Roxana Cabrera-Portillo,persona_natural,00000000000,76791087,Calle de Julieta Pulido 43 Piso 9 ,Ville,Teruel,Badajoz,143490741,925537697,fernandopolo@example.com,supermercado,8:00 a.m. - 6:00 p.m.,2025-06-05T00:08:19.523613,F
0ccd217b-2b94-4fea-b1f6-2a138e4bd673,Cándida Esmeralda Chaparro Heredia,persona_natural,00000000000,07198628,Rambla Ale Bernat 240 Puerta 1 ,Ville,León,Álava,588104089,287396443,falconciro@example.net,distribuidor,8:00 a.m. - 6:00 p.m.,2025-06-05T00:08:19.523613,O
53957db6-7f02-4858-a8d9-ec70a813915c,Segismundo Espiridión Ros Ripoll,persona_natural,00000000000,63399712,Pasadizo de Merche Ochoa 81 Apt. 09 ,Ville,Burgos,Cuenca,882160392,727003686,baqueropancho@example.net,hotel,8:00 a.m. - 6:00 p.m.,2025-06-05T00:08:19.523613,O
11349de9-f072-4ee7-8fe9-247b2806bcaa,Nieves Diez-Vallés,persona_natural,00000000000,87163494,Plaza de Pío Gil 61,Ville,Lleida,Badajoz,629356465,387006725,visitaciontoro@example.com,hotel,8:00 a.m. - 6:00 p.m.,2025-06-05T00:08:19.523613,O
5b7ea64d-c2a0-46a3-940f-d6ae21dba3f1,Marisa Bas Martin,persona_natural,00000000000,47934876,Via Juanita Segovia 185 Piso 2 ,Ville,Zaragoza,La Coruña,140963925,509069526,renevicens@example.net,restaurante,8:00 a.m. - 6:00 p.m.,2025-06-05T00:08:19.523613,O
7c2ec963-51c2-4f61-8113-2542cad7503e,Inmobiliaria Pino y asociados S.A.T.,empresa,21292957508,10171605,Urbanización Claudia Godoy 2 Puerta 3 ,Ville,Segovia,Huesca,353674416,813004733,felipe64@example.net,hotel,8:00 a.m. - 6:00 p.m.,2025-06-05T00:08:19.523613,M
97cd0cd3-0c54-4faf-b579-e9bcdafe2410,Plinio Escolano Garay S.L.,empresa,44623829563,00666538,Rambla de Edelmira Angulo 6 Piso 9 ,Ville,La Rioja,Ceuta,925556210,387464135,bautistagomez@example.org,hotel,8:00 a.m. - 6:00 p.m.,2025-06-05T00:08:19.523613,O
a6223f70-c343-4a94-afc0-b8298dda8ee6,Logística XFWR S.Coop.,empresa,29236150357,19397716,Rambla de Mario Goñi 6,Ville,Córdoba,Málaga,802998770,399619163,cobosbasilio@example.org,hotel,8:00 a.m. - 6:00 p.m.,2025-06-05T00:08:19.524613,M
ea30183a-8e29-426d-9ce7-c094e0c4f0ad,Farmaceútica Ibéricos S.L.N.E,empresa,65215955715,99571528,Vial de Candelario Tenorio 7 Apt. 19 ,Ville,Huelva,Badajoz,936813413,719541570,jose-luisamo@example.com,otro,8:00 a.m. - 6:00 p.m.,2025-06-05T00:08:19.524613,O
8593a4e8-f8f0-4be7-b124-ecfc2035d6ec,Narcisa Sacristán Pelayo,persona_natural,00000000000,67808285,Pasadizo de Maricruz Benet 512 Apt. 59 ,Ville,Toledo,Soria,718464616,771235981,redondoasdrubal@example.net,supermercado,8:00 a.m. - 6:00 p.m.,2025-06-05T00:08:19.524613,O
fc7bf243-8c5d-4abd-b964-3a9d1138c934,Gabriela Perea Aramburu,persona_natural,00000000000,31726918,Cañada Obdulia Vera 6,Ville,Murcia,Valladolid,387705559,623521751,wmelero@example.org,otro,8:00 a.m. - 6:00 p.m.,2025-06-05T00:08:19.524613,F
bc7ceb32-9d65-4260-9b12-50cf046bd8a1,Farmaceútica Miguel S.A.,empresa,06693233654,70191278,Plaza Daniela Bayo 895 Puerta 7 ,Ville,Córdoba,Valladolid,793402539,656306859,ribesroxana@example.net,restaurante,8:00 a.m. - 6:00 p.m.,2025-06-05T00:08:19.524613,F
035560f3-1b68-4b29-97a1-6f87f6107c29,Zaida Flores Téllez,persona_natural,00000000000,52938264,Avenida María Fernanda Peñas 50,Ville,Huelva,Ceuta,236271862,904755789,clementearcos@example.com,distribuidor,8:00 a.m. - 6:00 p.m.,2025-06-05T00:08:19.524613,M
362792a8-b744-47f5-a48c-96023b245f60,Isabel Nadal Alvarado,persona_natural,00000000000,95620489,Plaza de Efraín Jimenez 7,Ville,Ávila,Álava,419993427,933245826,aaron22@example.org,otro,8:00 a.m. - 6:00 p.m.,2025-06-05T00:08:19.524613,F
800b4990-4d72-419e-a88f-b84b95d2eaa3,Consultoría Abad S.A.,empresa,62935132771,93752243,C. de Jordán Hernandez 54,Ville,Guadalajara,León,340974372,701466984,solanoguadalupe@example.net,otro,8:00 a.m. - 6:00 p.m.,2025-06-05T00:08:19.524613,O
d859b836-2239-428e-80c5-340f2cebe9a8,Suministros GU S.L.N.E,empresa,81399201840,94261578,Via de Graciela Parejo 4,Ville,Las Palmas,Segovia,806357209,204476119,llabresmacario@example.com,restaurante,8:00 a.m. - 6:00 p.m.,2025-06-05T00:08:19.525613,O
918c1f6f-fb33-4c05-8af7-c7401aabe9d0,Hnos Pulido S.Coop.,empresa,72562846450,87738037,C. Chita Pérez 23,Ville,Toledo,Navarra,682441957,225077317,herminiagrau@example.net,supermercado,8:00 a.m. - 6:00 p.m.,2025-06-05T00:08:19.525613,O
9aab255d-befb-47bc-8fe4-2bc50ebf4445,Valentín del Ferrando,persona_natural,00000000000,77285043,Cañada Rodrigo Torrecilla 72 Puerta 0 ,Ville,Badajoz,Málaga,395579390,813074063,bernateufemia@example.com,distribuidor,8:00 a.m. - 6:00 p.m.,2025-06-05T00:08:19.525613,M
1c1d4056-7265-43cb-841d-c4d07fafab6c,Despacho Tenorio S.L.,empresa,01107178975,87597621,Pasaje de Ágata Serra 19,Ville,Cáceres,Ciudad,078436831,046324297,dduran@example.org,otro,8:00 a.m. - 6:00 p.m.,2025-06-05T00:08:19.525613,O
83c11904-b4bb-42c0-8d2c-6e6f80fac943,Reina Patiño Blazquez,persona_natural,00000000000,96362307,Paseo Régulo Leiva 3 Piso 8 ,Ville,Badajoz,Navarra,201132145,497259249,gaston93@example.com,supermercado,8:00 a.m. - 6:00 p.m.,2025-06-05T00:08:19.525613,M
ffe43a04-c012-4c4b-b5d9-34edb52cb31e,Rufino Robledo Barranco S.A.T.,empresa,63163580064,67825608,Alameda de Isidora Vera 6 Puerta 7 ,Ville,Castellón,Huesca,555086516,893846967,evita06@example.net,distribuidor,8:00 a.m. - 6:00 p.m.,2025-06-05T00:08:19.525613,O
482b8417-bd78-45e5-b1cd-6627e8f97675,Eusebio Aller Miranda,persona_natural,00000000000,39086797,Acceso Ainoa Noguera 96 Apt. 11 ,Ville,Ciudad,Barcelona,906310582,748059686,ecarreno@example.org,otro,8:00 a.m. - 6:00 p.m.,2025-06-05T00:08:19.525613,O
18614c65-d6b9-406c-b758-50d7a83c5d05,Juan Francisco Tapia Domínguez,persona_natural,00000000000,60233673,Callejón Domingo Sierra 68 Piso 0 ,Ville,Zamora,Ávila,960141687,343310155,prietopablo@example.com,distribuidor,8:00 a.m. - 6:00 p.m.,2025-06-05T00:08:19.525613,M
7472eb36-11aa-4be9-bf8b-6d3b587a45ea,Soluciones Castellana S.L.,empresa,80508256109,90501411,Vial de José Luis Valero 42 Puerta 2 ,Ville,Guadalajara,Granada,951078244,930046867,nalcantara@example.org,hotel,8:00 a.m. - 6:00 p.m.,2025-06-05T00:08:19.526618,O
068a056d-e013-4812-b6c9-016dba3eb857,Soluciones Blanch S.Coop.,empresa,37187333694,22382955,Urbanización Aurora Rincón 79,Ville,Tarragona,Santa Cruz de Tenerife,083933048,008379622,jaenconsuelo@example.net,restaurante,8:00 a.m. - 6:00 p.m.,2025-06-05T00:08:19.526618,M
6c1d0e94-0a5c-4266-935b-d245d0fad332,Construcción Ibarra S.L.,empresa,91962962610,89743819,Paseo de Segismundo Llopis 35 Apt. 06 ,Ville,Sevilla,Pontevedra,437723646,117224771,quirino50@example.org,restaurante,8:00 a.m. - 6:00 p.m.,2025-06-05T00:08:19.526618,M
57080633-d440-400a-92f2-fc8c71adece0,Emilio Luján Almazán,persona_natural,00000000000,89246602,Via Andrés Cornejo 26 Puerta 7 ,Ville,Ávila,Salamanca,957419082,808948111,maria-carmenacero@example.net,restaurante,8:00 a.m. - 6:00 p.m.,2025-06-05T00:08:19.526618,O
30e75c58-b80e-4d7f-9f23-8157b6ac075f,Álvaro Rivero Noguera,persona_natural,00000000000,72088137,Urbanización Javier Donaire 75 Apt. 51 ,Ville,Albacete,Málaga,005254411,847871465,fabio54@example.com,distribuidor,8:00 a.m. - 6:00 p.m.,2025-06-05T00:08:19.526618,O
fe12d1e9-6fb2-40ab-8edb-fd64545e8d9b,Mamen Font Sobrino,persona_natural,00000000000,82455114,Via Edelmiro Ferrándiz 59 Piso 5 ,Ville,Soria,Melilla,591711187,276916690,narciso25@example.com,supermercado,8:00 a.m. - 6:00 p.m.,2025-06-05T00:08:19.527616,M
7186cb66-5ee5-41bd-a9f9-8a7974a6a89a,Emilio Saldaña Vara,persona_natural,00000000000,09892696,Vial de Jose Ignacio Vaquero 874,Ville,Murcia,Huesca,767909610,735411929,vicentevirgilio@example.org,hotel,8:00 a.m. - 6:00 p.m.,2025-06-05T00:08:19.527616,F
3061370e-a8bb-427e-a08e-5c444fdd2f95,Jacinta Goñi Peña,persona_natural,00000000000,02600172,Plaza Horacio Varela 35,Ville,Badajoz,Lleida,906961195,022319439,jose-angel69@example.org,supermercado,8:00 a.m. - 6:00 p.m.,2025-06-05T00:08:19.527616,M
fa648ce0-bf2b-4122-84cb-628b10fa4d31,Infraestructuras del Sur S.L.,empresa,44330100260,42741773,Acceso Eutropio Chacón 34 Piso 6 ,Ville,Badajoz,Girona,033407468,923047699,pizarrocebrian@example.org,distribuidor,8:00 a.m. - 6:00 p.m.,2025-06-05T00:08:19.527616,F
75b9b9ff-020b-4ed0-9907-26d7862e19e8,Comercializadora Luz S.Coop.,empresa,21741986703,19499341,Urbanización Pascuala Benavent 94 Piso 0 ,Ville,Jaén,Huesca,147142168,910702745,tamarasomoza@example.net,otro,8:00 a.m. - 6:00 p.m.,2025-06-05T00:08:19.527616,F
13151dd0-1f4c-4bb9-b3d5-3d4422af63bb,Leandra del Raya,persona_natural,00000000000,53235266,Alameda Flor Cáceres 484,Ville,Zaragoza,Castellón,139326585,234450625,tgomez@example.org,otro,8:00 a.m. - 6:00 p.m.,2025-06-05T00:08:19.527616,O
6a679f82-5862-4b01-bbc8-4b44d6b7c305,Construcción Avanzadas S.L.,empresa,67833050962,08393474,Calle Moisés León 68 Piso 8 ,Ville,Badajoz,Almería,794748457,165154061,lobatomerche@example.org,otro,8:00 a.m. - 6:00 p.m.,2025-06-05T00:08:19.527616,F
3cb74c0c-ccbd-4b5c-9611-8c7ff2c7e747,Patricia Dorotea Tudela Aramburu,persona_natural,00000000000,29729235,Glorieta Lucho Girona 763,Ville,Madrid,Ciudad,975997832,003427209,nnadal@example.net,otro,8:00 a.m. - 6:00 p.m.,2025-06-05T00:08:19.527616,F
de6ad47c-861d-4ed1-a259-19c83559d988,Cifuentes & Asociados S.Coop.,empresa,59816572842,33893004,Rambla de Angelina Caballero 84,Ville,Las Palmas,Cádiz,503969947,708589390,pizarroreinaldo@example.com,hotel,8:00 a.m. - 6:00 p.m.,2025-06-05T00:08:19.528617,F
c50440be-a1ed-40d0-b95b-f38e5e2e6b66,Gregorio López Soriano,persona_natural,00000000000,99462080,Callejón de Ximena Oller 212,Ville,Almería,Santa Cruz de Tenerife,785999897,873055015,yessicaolive@example.net,supermercado,8:00 a.m. - 6:00 p.m.,2025-06-05T00:08:19.528617,O
51807a4e-7595-4678-ae69-f2daa7a678a4,Grupo Samper S.A.,empresa,38966174935,87943527,Pasadizo Vidal Aparicio 1,Ville,Albacete,León,187345192,403037336,buendiajesusa@example.net,supermercado,8:00 a.m. - 6:00 p.m.,2025-06-05T00:08:19.528617,M
ca170370-11e8-41f7-8621-470fdce40fb8,Berrocal & Asociados S.A.D,empresa,83615861762,75852930,Pasaje Roberta Dominguez 99 Apt. 71 ,Ville,Sevilla,Álava,350973455,532092418,toniaviles@example.com,distribuidor,8:00 a.m. - 6:00 p.m.,2025-06-05T00:08:19.528617,M
eaf2b186-92b4-4bd0-a554-70c5e53553c7,Lobo y Cid S.A.T.,empresa,81293116459,24758989,Cuesta Valentina Cabezas 7 Puerta 4 ,Ville,Ceuta,Guadalajara,607398430,598775402,leoncio70@example.org,hotel,8:00 a.m. - 6:00 p.m.,2025-06-05T00:08:19.528617,O
92f6e1e4-14a4-4af0-b91a-f57a77851ef6,Duque y Martinez S.A.,empresa,03955241369,39344131,Rambla de Baudelio Casal 1 Piso 0 ,Ville,Segovia,Murcia,078559377,204491495,panfiloarnal@example.org,otro,8:00 a.m. - 6:00 p.m.,2025-06-05T00:08:19.528617,F
5e4eff85-6d0f-489d-a389-e81f931d7c48,Manufacturas Maestre & Asociados S.A.,empresa,09580146334,11878137,Via Miriam Burgos 131,Ville,Soria,Huelva,268300824,036938799,yabascal@example.com,supermercado,8:00 a.m. - 6:00 p.m.,2025-06-05T00:08:19.528617,F
f02ac9c3-d564-4c05-a8fe-64ccdc53c63c,Godofredo Aliaga Amo S.A.,empresa,05573671304,41054183,Calle Santiago Patiño 60,Ville,Albacete,Cantabria,207909383,420189410,ligiavalcarcel@example.net,restaurante,8:00 a.m. - 6:00 p.m.,2025-06-05T00:08:19.528617,F
2af9712c-aabb-44ce-b344-12f73454dcaa,José Mari Verdejo-Muñoz,persona_natural,00000000000,40351783,Glorieta de Eulalia Diaz 201 Piso 5 ,Ville,Girona,Málaga,716689938,596837552,marcos23@example.com,supermercado,8:00 a.m. - 6:00 p.m.,2025-06-05T00:08:19.529617,M
e0d826ce-20c2-4674-bc6e-b2d4f687c220,Comercial DNM S.Com.,empresa,95040344383,41858085,Plaza Luciano Riquelme 196 Piso 6 ,Ville,Albacete,Baleares,306747664,702312606,mendozaalbert@example.net,otro,8:00 a.m. - 6:00 p.m.,2025-06-05T00:08:19.529617,M
4c421ef9-80f8-495a-a45c-62359b4aeb38,Belen Dueñas Corominas S.C.P,empresa,36566604712,74696603,Callejón de Danilo Blanca 51,Ville,Murcia,Girona,748199217,574151655,octaviotalavera@example.org,supermercado,8:00 a.m. - 6:00 p.m.,2025-06-05T00:08:19.529617,F
d0362ca4-180f-4c2b-9c81-fefa59b58cdd,Cebrián Borrego Saavedra S.L.N.E,empresa,93904485343,83754904,Cañada de Valero Campillo 571,Ville,Córdoba,Navarra,561957294,542874912,currogarcia@example.net,hotel,8:00 a.m. - 6:00 p.m.,2025-06-05T00:08:19.529617,O
f24c8bf5-7a2f-429a-8213-56ec085d1072,Hnos Jódar S.L.,empresa,63528333355,26369650,Camino Apolinar Fabra 69 Apt. 37 ,Ville,Asturias,Teruel,169550493,554067052,carranzaanabel@example.org,restaurante,8:00 a.m. - 6:00 p.m.,2025-06-05T00:08:19.529617,M
c63410d6-f008-41bf-8c7a-cb6d744dd541,Tecnologías Hervia y asociados S.A.D,empresa,52823338384,71208515,C. Melchor Berenguer 981 Puerta 9 ,Ville,Salamanca,Ávila,343371949,028689341,miguel-angelsales@example.net,supermercado,8:00 a.m. - 6:00 p.m.,2025-06-05T00:08:19.529617,F
b0d562a5-30f8-4191-965a-da43f352ab2c,Bibiana Villalba Alcázar,persona_natural,00000000000,10946496,Camino Custodio Pallarès 60 Piso 4 ,Ville,Santa Cruz de Tenerife,León,343923681,496920699,rufinagoicoechea@example.com,otro,8:00 a.m. - 6:00 p.m.,2025-06-05T00:08:19.529617,F
f999abb9-780c-4bcc-95e6-2c1e0ee8f21f,Ramón Juliá Llabrés,persona_natural,00000000000,08481175,Camino Iván Almansa 71 Piso 1 ,Ville,Soria,Vizcaya,190012874,224953797,brocha@example.org,supermercado,8:00 a.m. - 6:00 p.m.,2025-06-05T00:08:19.529617,F
71ace9c7-7432-4b53-a150-0abcb34f6464,Torrecilla y Ayuso S.A.T.,empresa,02711467150,23998208,Camino Lupe Ballester 68 Apt. 35 ,Ville,Valencia,León,481362062,198518832,zmatas@example.net,otro,8:00 a.m. - 6:00 p.m.,2025-06-05T00:08:19.530618,F
e185245e-2f31-4899-970e-b4ab5759121a,Evelia de Jódar,persona_natural,00000000000,47615535,C. Rosario Sarabia 39 Piso 0 ,Ville,Cáceres,Segovia,315360873,972475900,opellicer@example.org,hotel,8:00 a.m. - 6:00 p.m.,2025-06-05T00:08:19.530618,O
3d353ec4-99fb-427b-87e5-24a0c93d2646,Industrias Miró y asociados S.Com.,empresa,87152132527,94305648,Vial Ema Garcia 50,Ville,Segovia,Granada,928817196,131314042,raimundo67@example.org,supermercado,8:00 a.m. - 6:00 p.m.,2025-06-05T00:08:19.530618,F
d37e75f2-2a03-4084-8370-171a636f1f7c,Eloy Valle Feliu,persona_natural,00000000000,76839098,Glorieta Danilo Olivares 580,Ville,Soria,Burgos,831921775,855008526,poncioalfonso@example.com,restaurante,8:00 a.m. - 6:00 p.m.,2025-06-05T00:08:19.530618,M
2cac7088-96aa-4a80-be6d-d1564647b45f,Alimentación Ibérica S.Coop.,empresa,65675874550,31220465,C. Toño Donoso 81,Ville,Las Palmas,Tarragona,449490158,584526082,catalina24@example.net,otro,8:00 a.m. - 6:00 p.m.,2025-06-05T00:08:19.530618,M
e9206eac-c2d2-4320-955e-d54a2950fb2b,Familia Ballesteros S.A.U,empresa,57149852662,15353842,Cuesta Osvaldo Giralt 9 Puerta 5 ,Ville,Ceuta,Zamora,355043282,243763241,maria-jose30@example.net,hotel,8:00 a.m. - 6:00 p.m.,2025-06-05T00:08:19.530618,M
9d3c8948-0c79-493e-8d2b-1098be1f25ac,Joaquina Recio Cerezo,persona_natural,00000000000,35257612,Plaza de Wálter Salamanca 289 Piso 2 ,Ville,Ceuta,Salamanca,284677560,400973469,gmorata@example.com,otro,8:00 a.m. - 6:00 p.m.,2025-06-05T00:08:19.530618,F
514573bd-0a46-422a-a547-23e5baac9687,Sigfrido Alcalde Peiró,persona_natural,00000000000,19846917,Glorieta de Rómulo Monreal 103,Ville,Málaga,Jaén,915019268,870969675,yessicamarti@example.net,supermercado,8:00 a.m. - 6:00 p.m.,2025-06-05T00:08:19.530618,M
4d386922-5d1b-4b6c-8246-3f598dda2791,Pozo y Rosado S.Com.,empresa,09021938371,97254295,Acceso Custodia Guardiola 17 Apt. 27 ,Ville,Cantabria,Pontevedra,274398556,284929493,panfilotorres@example.net,distribuidor,8:00 a.m. - 6:00 p.m.,2025-06-05T00:08:19.531618,F
f0913d86-8979-4c09-bf74-b720e50676e5,Águeda Roldan Salinas,persona_natural,00000000000,16138296,Alameda Rolando Uribe 63,Ville,Badajoz,Sevilla,441449984,031428249,salcedoemigdio@example.com,restaurante,8:00 a.m. - 6:00 p.m.,2025-06-05T00:08:19.531618,F
fed43742-d966-4d2f-a2dc-1f102b6b85aa,Banca Privada Carretero & Asociados S.L.N.E,empresa,22981069342,43581588,Alameda de Macaria Chamorro 3 Piso 8 ,Ville,Badajoz,Almería,310221507,567362109,benita74@example.com,supermercado,8:00 a.m. - 6:00 p.m.,2025-06-05T00:08:19.531618,F
c8c651d3-e7fe-4d44-8b4f-525aa9e9b237,Conrado Herrera,persona_natural,00000000000,76912510,Rambla Jordana Noguera 19 Apt. 21 ,Ville,Cuenca,Salamanca,785171437,851030039,martorellcruz@example.net,distribuidor,8:00 a.m. - 6:00 p.m.,2025-06-05T00:08:19.531618,O
71daf4d4-de16-480e-a1c8-a58b50ea07c4,Benito Seco Franco,persona_natural,00000000000,97639142,Urbanización África Aragonés 5,Ville,Cáceres,Cádiz,614228535,098442526,companyale@example.org,distribuidor,8:00 a.m. - 6:00 p.m.,2025-06-05T00:08:19.531618,F
077a3c29-d745-46e1-b374-edebf4fade73,Rosalva Gelabert Cabo,persona_natural,00000000000,13761824,Callejón de Arsenio Pascual 91,Ville,Lugo,Soria,586293294,106501331,eduardotomas@example.net,supermercado,8:00 a.m. - 6:00 p.m.,2025-06-05T00:08:19.531618,O
5edccc78-cc8b-4fe3-bb09-020217c637f8,Infraestructuras Hidalgo y asociados S.Coop.,empresa,07908272356,87430670,Cuesta de Rocío Alcolea 3 Piso 4 ,Ville,Almería,Teruel,283088590,928567395,zserna@example.com,restaurante,8:00 a.m. - 6:00 p.m.,2025-06-05T00:08:19.531618,O
99dcd6f3-4e8b-489e-9327-bd7f6ecb6fd6,Hermanos Puga S.A.,empresa,93680089437,46881682,Pasadizo de Ángel Ferrera 47,Ville,Teruel,Albacete,057216442,180616443,custodia13@example.com,distribuidor,8:00 a.m. - 6:00 p.m.,2025-06-05T00:08:19.531618,M
80d89256-ee60-4dcf-a80c-d9cabe8f123d,Leire Aura Jover Río,persona_natural,00000000000,25194332,Vial Rafaela Alberdi 9,Ville,Lleida,Málaga,784341618,447075265,rita58@example.org,hotel,8:00 a.m. - 6:00 p.m.,2025-06-05T00:08:19.532618,F
06495e49-bbc6-4cda-b1a6-a984cfc3a65a,Hermanos Gil S.Coop.,empresa,90453412349,36191604,Paseo Jose Miguel Monreal 712,Ville,Navarra,Córdoba,029574589,274002344,veronica54@example.org,distribuidor,8:00 a.m. - 6:00 p.m.,2025-06-05T00:08:19.532618,O
7385ca10-590d-4ac8-aa20-096357389fdf,Belda & Asociados S.L.,empresa,12918177451,54247327,Pasadizo Anna Sureda 351 Apt. 01 ,Ville,Lugo,Ourense,463371803,645411381,cbanos@example.com,restaurante,8:00 a.m. - 6:00 p.m.,2025-06-05T00:08:19.532618,F
d99521e0-edc1-48df-a567-e90401ef586f,Isaac Quirós Páez,persona_natural,00000000000,20450614,Via de Adán Prats 1,Ville,La Rioja,Baleares,900098119,851927503,edgarguijarro@example.net,distribuidor,8:00 a.m. - 6:00 p.m.,2025-06-05T00:08:19.532618,O
5e7e1faf-2583-4152-87a8-b5199f7e03df,Gabriel Posada Borja,persona_natural,00000000000,83803859,Plaza de Belén Duran 22 Puerta 1 ,Ville,Lleida,Albacete,806348243,020816420,gperea@example.org,supermercado,8:00 a.m. - 6:00 p.m.,2025-06-05T00:08:19.532618,F
b8676218-f7d0-49c2-89f8-6f13b3a35d6c,Ceferino Marqués Carreño,persona_natural,00000000000,37544376,Vial de Jacinto Aranda 63,Ville,Girona,Asturias,822956856,313743609,lbauza@example.com,hotel,8:00 a.m. - 6:00 p.m.,2025-06-05T00:08:19.532618,F
1ef39b34-f47a-47d2-966b-c53e0b6d7fa6,Infraestructuras Integrales S.L.N.E,empresa,90100081924,09738229,Paseo Encarnita Sebastián 650 Puerta 3 ,Ville,Jaén,Toledo,755485315,920091911,duilio16@example.net,otro,8:00 a.m. - 6:00 p.m.,2025-06-05T00:08:19.532618,F
d079696e-aba6-400c-a4a7-3ff3d7e16618,Marcial Felix Reyes Murillo,persona_natural,00000000000,59877547,Avenida Viviana Alvarez 43,Ville,Tarragona,Álava,465360435,866975037,carroapolonia@example.org,restaurante,8:00 a.m. - 6:00 p.m.,2025-06-05T00:08:19.532618,F
75f85e0f-2d33-46b1-88bb-156205086aa5,Chus Segovia Dueñas,persona_natural,00000000000,27924063,Camino Otilia Lucena 26 Puerta 0 ,Ville,Salamanca,La Coruña,263653329,218580596,bibiana07@example.net,otro,8:00 a.m. - 6:00 p.m.,2025-06-05T00:08:19.533613,M
882f52ee-15b6-49f9-9fc1-2bc0bb3eaf0e,Chucho Montalbán Estrada,persona_natural,00000000000,70292075,Paseo Javi Daza 83,Ville,Almería,Lleida,249673209,125282625,evelia75@example.net,hotel,8:00 a.m. - 6:00 p.m.,2025-06-05T00:08:19.533613,M
9d049336-9145-49f1-8daa-6a06d3d74222,Nieves Expósito Silva,persona_natural,00000000000,56512610,Paseo Ciriaco Pellicer 58,Ville,Castellón,Madrid,355526717,969732349,almansadelia@example.com,distribuidor,8:00 a.m. - 6:00 p.m.,2025-06-05T00:08:19.533613,O
834cc0f3-dcc0-4d5c-af58-143476ccd57f,Arco y asociados S.L.N.E,empresa,02116434477,18372909,Ronda de Manu Valencia 86,Ville,Albacete,Girona,530849108,288799027,muletpalmira@example.com,hotel,8:00 a.m. - 6:00 p.m.,2025-06-05T00:08:19.533613,O
46006943-445b-4644-9895-148fce6439d2,Múgica y asociados S.A.D,empresa,11299705202,11259959,Pasaje de Vicenta Pedrosa 83 Puerta 2 ,Ville,Guadalajara,Badajoz,754828316,843253802,aliagaeusebio@example.net,hotel,8:00 a.m. - 6:00 p.m.,2025-06-05T00:08:19.533613,O
3f9812cd-204d-4688-971e-e1b1ad958a3d,Transportes del Mediterráneo S.L.L.,empresa,67840362025,28885798,Plaza de Cintia Múgica 57,Ville,Vizcaya,Murcia,218740983,696045354,julian97@example.org,distribuidor,8:00 a.m. - 6:00 p.m.,2025-06-05T00:08:19.533613,F
26eca2a4-f203-43c2-ba40-49969102bf31,Feliciana Zabaleta Pineda,persona_natural,00000000000,96233323,Callejón de Leticia Coca 21 Piso 2 ,Ville,Asturias,Álava,206081031,407618006,onofrecabrero@example.com,otro,8:00 a.m. - 6:00 p.m.,2025-06-05T00:08:19.533613,O
5106f1ec-ef41-47f9-83b7-e605266dbbd8,Josué Pons Cortés,persona_natural,00000000000,23468309,Camino Candelaria Jove 44 Puerta 3 ,Ville,Barcelona,La Rioja,435903974,244118627,baldomero83@example.net,hotel,8:00 a.m. - 6:00 p.m.,2025-06-05T00:08:19.533613,F
bd546ee5-bca8-48f3-be1e-8835716d1203,Adelina Maza Lobato,persona_natural,00000000000,61817602,Camino Juan Luis Vega 73 Puerta 0 ,Ville,Soria,Las Palmas,050769874,712963635,anabaquero@example.net,supermercado,8:00 a.m. - 6:00 p.m.,2025-06-05T00:08:19.534614,O
3c637840-5fff-4d4c-bf2c-c96f8e89c656,Cintia Casares Patiño,persona_natural,00000000000,41846388,Cuesta Blanca Villanueva 64,Ville,La Coruña,Palencia,740868587,811437100,cletomarquez@example.org,otro,8:00 a.m. - 6:00 p.m.,2025-06-05T00:08:19.534614,M
7605da47-02e9-47d1-954c-3345b3a0143a,Wálter Portero Company,persona_natural,00000000000,03317572,Alameda de Ester Carrera 69,Ville,Salamanca,Murcia,289221377,400881178,fuertesleon@example.com,supermercado,8:00 a.m. - 6:00 p.m.,2025-06-05T00:08:19.534614,F
1cf3553e-d477-42bb-bc9c-7b7710b310d7,Rodolfo Castañeda Ruano,persona_natural,00000000000,79175383,Alameda de Yolanda Ferrando 56,Ville,Ceuta,Cádiz,587775755,640272782,vrossello@example.net,supermercado,8:00 a.m. - 6:00 p.m.,2025-06-05T00:08:19.534614,O
794522d1-7d46-4dfe-945e-f66ffe988c81,Salomé Redondo,persona_natural,00000000000,07782681,Plaza de Quique Aguilera 75 Apt. 17 ,Ville,Valencia,Cuenca,147945170,291568944,natanaelsantamaria@example.net,hotel,8:00 a.m. - 6:00 p.m.,2025-06-05T00:08:19.534614,M
198dc2b8-7a89-48fa-b9c6-3f17651186d5,Inmaculada Ribas Cuervo,persona_natural,00000000000,65120469,C. de Carmen Mariño 53 Piso 6 ,Ville,Baleares,Madrid,001618705,354544739,consuelasanmartin@example.com,distribuidor,8:00 a.m. - 6:00 p.m.,2025-06-05T00:08:19.534614,F
93c1c6e7-6e8c-45f3-a8d2-717f8c5cd708,Dominguez y Pardo S.L.U.,empresa,27800351707,40864524,Calle de Marita Aller 545 Apt. 86 ,Ville,Málaga,Huesca,377902573,861399888,octaviaroura@example.net,supermercado,8:00 a.m. - 6:00 p.m.,2025-06-05T00:08:19.534614,F
27557b21-93f7-4128-b2bf-3fbd148db1e1,Compañía del Levante S.L.L.,empresa,69695342586,23772529,Callejón de Esteban Borrego 6,Ville,Madrid,Lleida,841341366,008540621,ntorralba@example.net,otro,8:00 a.m. - 6:00 p.m.,2025-06-05T00:08:19.534614,O
0f3aa805-9ec7-4388-b5cf-36b1bee2499b,Adán del Aroca,persona_natural,00000000000,63188907,Urbanización de José Manuel Carbajo 78 Puerta 1 ,Ville,Lugo,León,360897240,230137871,marquespriscila@example.org,supermercado,8:00 a.m. - 6:00 p.m.,2025-06-05T00:08:19.534614,F
5160fb9a-ae8f-4105-aa6d-e85a137b0267,Chus Bonet,persona_natural,00000000000,10883357,Calle David Chico 33 Apt. 10 ,Ville,Álava,Pontevedra,055818209,688638065,milagros38@example.net,supermercado,8:00 a.m. - 6:00 p.m.,2025-06-05T00:08:19.535613,M
3c740844-f3f3-4a5e-ab69-899ee3e057b3,Viña & Asociados S.Coop.,empresa,84445643673,89145365,Pasaje de Pánfilo Alberdi 76,Ville,Ciudad,Málaga,960648841,877361202,quintanavirginia@example.com,restaurante,8:00 a.m. - 6:00 p.m.,2025-06-05T00:08:19.535613,F
4f5276c3-fdb1-4777-ab82-85958faac6c3,Godofredo Casal-Jara,persona_natural,00000000000,71599142,Calle Toni Peralta 7 Apt. 74 ,Ville,Ciudad,Lugo,123433153,259333781,palaciofortunato@example.net,distribuidor,8:00 a.m. - 6:00 p.m.,2025-06-05T00:08:19.535613,M
be76ca93-d43d-4481-ac90-a27684508a18,Mármol y asociados S.L.N.E,empresa,30259499810,28590485,Callejón Celestino Herrero 42 Puerta 9 ,Ville,Melilla,Baleares,986526144,913086623,riverateodosio@example.net,otro,8:00 a.m. - 6:00 p.m.,2025-06-05T00:08:19.535613,O
d88a502c-e3a9-4351-b623-b92c9f7d390a,Basilio Ibarra Lledó,persona_natural,00000000000,37786122,Calle de Concha Requena 50,Ville,Madrid,Alicante,545704040,996745181,pereatomas@example.com,hotel,8:00 a.m. - 6:00 p.m.,2025-06-05T00:08:19.535613,F
dda17c63-5cad-4154-9a8b-391961c62a28,Domingo Puig Gascón,persona_natural,00000000000,06686735,Avenida de Jessica Ponce 581 Apt. 12 ,Ville,Castellón,Badajoz,752345069,533035180,solalberdi@example.org,restaurante,8:00 a.m. - 6:00 p.m.,2025-06-05T00:08:19.535613,O
5cfbcf3a-723d-4738-b8aa-fba867126c05,Evita Artigas Valcárcel S.L.N.E,empresa,27307827792,07011491,Callejón Pedro Cabanillas 830,Ville,Ávila,Teruel,950183067,476904748,jordivilaplana@example.com,supermercado,8:00 a.m. - 6:00 p.m.,2025-06-05T00:08:19.535613,M
21869826-77fa-435e-853c-1a7461259685,Comercializadora Mena S.Coop.,empresa,39617952707,28869866,Callejón Perlita Madrid 52,Ville,Asturias,Santa Cruz de Tenerife,929303429,186081207,ruymiro@example.com,distribuidor,8:00 a.m. - 6:00 p.m.,2025-06-05T00:08:19.535613,F
191b6571-2211-498e-8c8c-670c23c7994c,Hnos Patiño S.Com.,empresa,57373518204,95836063,Plaza de Imelda Aguilar 2,Ville,Baleares,Castellón,891124763,011553308,angeles26@example.net,hotel,8:00 a.m. - 6:00 p.m.,2025-06-05T00:08:19.536612,F
bfd6b606-e52e-4e18-b251-00a199d6c853,Segismundo Jara Mariño,persona_natural,00000000000,62824956,Alameda Nidia Coloma 12,Ville,Valladolid,Tarragona,311948711,971249487,verdumarino@example.org,hotel,8:00 a.m. - 6:00 p.m.,2025-06-05T00:08:19.536612,O
8c1e7ee1-3f2c-42ed-bcb6-622572e88cc8,Promociones Integrales S.L.,empresa,07635238206,56414119,Avenida Bruno Ramos 86,Ville,Soria,Burgos,273454154,323062515,jcazorla@example.com,distribuidor,8:00 a.m. - 6:00 p.m.,2025-06-05T00:08:19.536612,M
71c214c0-8318-4f99-b6f0-763227220959,Eligia Granados Bas,persona_natural,00000000000,08514478,Ronda de Enrique Jiménez 79,Ville,Huelva,Huelva,557191888,162787606,gustavobadia@example.net,hotel,8:00 a.m. - 6:00 p.m.,2025-06-05T00:08:19.536612,F
b8bf050f-0d98-4223-8745-547c3fb179c7,Tamara Salvador Flor S.Coop.,empresa,20518838517,51425665,Ronda de Plinio Guitart 659,Ville,Córdoba,Málaga,492073431,436857479,cruzduran@example.com,otro,8:00 a.m. - 6:00 p.m.,2025-06-05T00:08:19.536612,M
848fc67a-d58b-4fc2-a762-5bd911e32804,Talleres CWU S.Com.,empresa,77709460818,06025605,Acceso de Clotilde Ripoll 6,Ville,Asturias,Pontevedra,852252713,231053033,sara48@example.org,restaurante,8:00 a.m. - 6:00 p.m.,2025-06-05T00:08:19.536612,F
f0a3cfcf-4bd5-404b-8b4c-96a201ad7a36,Alfonso Recio Palacio,persona_natural,00000000000,46862480,Paseo Rosalva Belmonte 62 Apt. 05 ,Ville,Huelva,Toledo,624403108,769609167,cpriego@example.net,distribuidor,8:00 a.m. - 6:00 p.m.,2025-06-05T00:08:19.537613,M
cffb54ee-e4d4-40c7-99aa-f734f6792568,Gutiérrez & Asociados S.L.U.,empresa,09668341448,01818911,Paseo de Xiomara Arteaga 83 Piso 5 ,Ville,Ávila,Murcia,189936082,325055976,bejaranosalud@example.net,supermercado,8:00 a.m. - 6:00 p.m.,2025-06-05T00:08:19.537613,F
6d5dfff5-63de-40f6-b549-ce080c0148ad,Jonatan Escalona-Miranda,persona_natural,00000000000,90866027,Glorieta de Anastasio Sanchez 12,Ville,Santa Cruz de Tenerife,Segovia,050723006,623166075,wmilla@example.org,supermercado,8:00 a.m. - 6:00 p.m.,2025-06-05T00:08:19.537613,F
33da314e-d3c6-489b-981d-98e0d89144e8,Emperatriz de Alcolea,persona_natural,00000000000,63584381,Via Amando Ortuño 697 Piso 2 ,Ville,Murcia,Granada,491947469,168953253,kbarragan@example.net,hotel,8:00 a.m. - 6:00 p.m.,2025-06-05T00:08:19.537613,F
9fc3a80b-d20c-48bb-8c43-3bd74789f3a2,Manufacturas Ibérica S.Com.,empresa,56240327128,10723133,Rambla Haydée Folch 79,Ville,Guadalajara,Albacete,438741659,499141773,calcala@example.net,hotel,8:00 a.m. - 6:00 p.m.,2025-06-05T00:08:19.537613,F
cb18dad3-8e5c-440a-8abd-7b99660701e1,Hermanos Pallarès S.L.,empresa,38026566989,11058564,Urbanización de Urbano Anguita 41,Ville,Valladolid,Navarra,415866388,849835122,blanesjordana@example.net,supermercado,8:00 a.m. - 6:00 p.m.,2025-06-05T00:08:19.537613,M
9454400a-3d23-4050-8b4f-21f35e03b799,Adrián Sebastian Amat Olmo,persona_natural,00000000000,86590368,Pasaje Ema Córdoba 45 Apt. 97 ,Ville,Tarragona,Ávila,378870854,456616671,jros@example.com,otro,8:00 a.m. - 6:00 p.m.,2025-06-05T00:08:19.537613,F
b2253e30-9707-46f5-9a13-23fe56a05892,Banco Inteligentes S.L.,empresa,85888623633,67134807,Urbanización de Elpidio Blanco 11,Ville,La Rioja,Pontevedra,043298101,079799260,qborrell@example.com,distribuidor,8:00 a.m. - 6:00 p.m.,2025-06-05T00:08:19.537613,F
d65c1ba7-8a56-4765-9217-d9e5fa83a906,Vito del Chaves,persona_natural,00000000000,51736609,Paseo Pascual Pintor 84 Apt. 42 ,Ville,Cádiz,Alicante,607719492,632950905,orey@example.org,otro,8:00 a.m. - 6:00 p.m.,2025-06-05T00:08:19.538613,O
6f9adc06-e525-4ef1-8175-95c1c6f09632,Emperatriz Gomis Taboada,persona_natural,00000000000,72683979,Avenida de Ismael Chacón 3,Ville,Guipúzcoa,Huesca,708172892,316825610,rafaela81@example.net,hotel,8:00 a.m. - 6:00 p.m.,2025-06-05T00:08:19.538613,M
0005287c-507d-49a8-81a3-51c2f0bf9530,Primitiva Barriga-Carbó,persona_natural,00000000000,82327760,Rambla Leonel Angulo 58 Puerta 3 ,Ville,Vizcaya,Cantabria,830623712,296401210,jllano@example.org,restaurante,8:00 a.m. - 6:00 p.m.,2025-06-05T00:08:19.538613,F
5c14e8a5-93a4-4344-9901-c0c1825c3d83,Farmaceútica Verdejo y asociados S.Coop.,empresa,04188009848,13258518,Calle de José María Almansa 9,Ville,Cantabria,Segovia,497754788,623849116,gema43@example.net,supermercado,8:00 a.m. - 6:00 p.m.,2025-06-05T00:08:19.538613,O
151f4f87-005e-4c9d-bcd9-3bd656c62a68,Soluciones XGW S.Com.,empresa,42299662150,90366130,Vial de Laura Villalobos 828 Apt. 36 ,Ville,Ceuta,Cuenca,177811105,065438871,droca@example.net,supermercado,8:00 a.m. - 6:00 p.m.,2025-06-05T00:08:19.538613,M
a50926b5-6d37-4054-b30d-7cd4bed432c6,Grupo Mateos S.L.N.E,empresa,56314161510,46428352,Acceso Victor Tejero 9 Puerta 6 ,Ville,Pontevedra,La Rioja,735102480,643883086,candelariaperez@example.org,supermercado,8:00 a.m. - 6:00 p.m.,2025-06-05T00:08:19.539614,O
d13dc604-27f6-4181-a86a-257383f062a8,Finanzas PKK S.Com.,empresa,12688759860,13467333,Paseo de Amada Sevilla 1 Puerta 9 ,Ville,Córdoba,La Rioja,746777600,214898356,miguelagalan@example.net,restaurante,8:00 a.m. - 6:00 p.m.,2025-06-05T00:08:19.539614,O
4b0c45fe-c690-4574-be12-0b57af3d5329,Manufacturas Sanchez S.Com.,empresa,47827398992,28488464,C. de Chuy Dávila 51,Ville,Cáceres,Tarragona,424101078,144053934,iguijarro@example.com,restaurante,8:00 a.m. - 6:00 p.m.,2025-06-05T00:08:19.539614,F
20d954ff-df57-4187-8069-9622ea2fee04,Finanzas Villa y asociados S.A.,empresa,95848377150,65793495,Rambla Claudia Valero 81 Piso 1 ,Ville,Cantabria,Cantabria,805810578,835887749,loreto30@example.org,supermercado,8:00 a.m. - 6:00 p.m.,2025-06-05T00:08:19.539614,F
7cffcede-c73d-40a9-8d45-f7cc154678d9,Ruth Leal-Cisneros,persona_natural,00000000000,61307563,Camino Borja Castelló 667,Ville,Baleares,Barcelona,361313619,859334402,roblesadalberto@example.org,restaurante,8:00 a.m. - 6:00 p.m.,2025-06-05T00:08:19.539614,O
459ae665-2a3e-46fa-ab16-007cc7d3bfe7,Rosalinda Pedrero Rodriguez,persona_natural,00000000000,27156417,Vial Martin Tormo 25,Ville,Badajoz,Cádiz,134554772,711352458,ivanolivares@example.org,restaurante,8:00 a.m. - 6:00 p.m.,2025-06-05T00:08:19.539614,O
7ac0e97a-330a-4b0f-88a3-4700335369a5,Industrias del Levante S.A.,empresa,03208653390,37472226,Urbanización de Otilia Pla 70 Apt. 05 ,Ville,Teruel,Pontevedra,456370583,023713825,herminianeira@example.org,restaurante,8:00 a.m. - 6:00 p.m.,2025-06-05T00:08:19.539614,O
68904c4c-4d0f-4f48-a328-2070d795dfdb,Custodio Araujo,persona_natural,00000000000,81201876,Acceso de Nicolasa Pedro 9 Piso 0 ,Ville,Vizcaya,Burgos,590661721,860342280,lazarobarroso@example.org,otro,8:00 a.m. - 6:00 p.m.,2025-06-05T00:08:19.540615,M
4e5702f6-956b-413e-9c00-9fe1df11426a,Cánovas y asociados S.A.,empresa,11721971640,82472343,Pasadizo de Andrea Millán 9 Puerta 8 ,Ville,Cuenca,Almería,278878747,358197323,panchoborrego@example.org,distribuidor,8:00 a.m. - 6:00 p.m.,2025-06-05T00:08:19.540615,O
be6a5783-4c4d-494c-89ec-3e4758ad4013,Zamora & Asociados S.A.,empresa,48768830713,89621875,Alameda de Iker Cerdán 19,Ville,Valencia,Asturias,776175726,323499663,candelascanas@example.org,supermercado,8:00 a.m. - 6:00 p.m.,2025-06-05T00:08:19.540615,M
5dd8fc67-1b42-496f-a70c-e9c17141e5b8,Dominga Torrents Pellicer,persona_natural,00000000000,16981489,Cuesta de Candelas Yáñez 274,Ville,Ourense,Cádiz,435119038,407779574,nandoarnal@example.org,hotel,8:00 a.m. - 6:00 p.m.,2025-06-05T00:08:19.540615,O
f3a2ad47-3c14-4b73-8d6f-d739f19c3249,Jose Miguel del Sanz,persona_natural,00000000000,45585500,Calle Ana Elías 35 Piso 3 ,Ville,Alicante,Las Palmas,131364410,116084463,hrobledo@example.org,distribuidor,8:00 a.m. - 6:00 p.m.,2025-06-05T00:08:19.540615,M
9040acbe-a8af-4399-8c32-be278287aa86,Isaac Madrigal Mate,persona_natural,00000000000,58637269,Pasadizo Lara Perales 53 Puerta 9 ,Ville,Soria,Cantabria,290348932,543981101,bayonanselmo@example.net,supermercado,8:00 a.m. - 6:00 p.m.,2025-06-05T00:08:19.540615,O
4b3f0349-0685-4115-b3d5-9328bc9916ee,Silva y Cornejo S.L.N.E,empresa,91425709695,73632197,Paseo Dulce Pizarro 8 Piso 0 ,Ville,Málaga,Vizcaya,039530741,246258686,consuelaplaza@example.org,hotel,8:00 a.m. - 6:00 p.m.,2025-06-05T00:08:19.540615,M
615aaa4e-4c23-46dd-b910-38a10b4f22cc,Jordi Cuesta Calvo S.Com.,empresa,23449161158,56022484,Cañada Román Llano 82 Piso 1 ,Ville,Vizcaya,Lleida,978282034,450439845,camaratamara@example.com,supermercado,8:00 a.m. - 6:00 p.m.,2025-06-05T00:08:19.541612,O
95ebe437-c277-484e-a058-849a7aa8dbe8,Palomares y Peláez S.L.L.,empresa,89328383761,03229460,Cuesta de María Del Carmen Giner 967 Puerta 5 ,Ville,Ávila,Segovia,646068514,393550020,lhernandez@example.org,hotel,8:00 a.m. - 6:00 p.m.,2025-06-05T00:08:19.541612,M
f77cd115-427b-4163-93a6-ae69f48a6c8c,Compañía Riquelme S.A.,empresa,27559548642,32531772,Glorieta Juana Santamaría 24 Piso 0 ,Ville,Málaga,Las Palmas,118266553,753198983,ilerma@example.com,hotel,8:00 a.m. - 6:00 p.m.,2025-06-05T00:08:19.541612,F
680191bb-afbc-4735-a37b-f8266851e2e4,Candelas de Samper,persona_natural,00000000000,43603353,Via Ernesto Flor 29,Ville,León,Badajoz,424516385,934874143,valeriojover@example.net,otro,8:00 a.m. - 6:00 p.m.,2025-06-05T00:08:19.541612,F
d250fa77-2760-43be-b587-f0c43940d0a3,Candelario Peral-Cuenca,persona_natural,00000000000,58115827,Plaza de Gala Franco 655 Apt. 81 ,Ville,Navarra,Badajoz,607970949,123392795,joaquin49@example.com,otro,8:00 a.m. - 6:00 p.m.,2025-06-05T00:08:19.541612,F
e1878987-9437-47d8-98f3-0d108957dd3c,Banco Sanabria S.Com.,empresa,86885986719,24594137,Rambla de Fabiana Escamilla 34,Ville,Alicante,Álava,523364449,869909744,palmafederico@example.org,otro,8:00 a.m. - 6:00 p.m.,2025-06-05T00:08:19.541612,F
d5abad8b-da99-4721-a3f1-d56f46485bd9,Construcción OMGZ S.L.N.E,empresa,99947992925,21642590,Cuesta de Faustino Infante 34 Puerta 5 ,Ville,Girona,Huelva,808866812,277621073,carnerofabricio@example.com,otro,8:00 a.m. - 6:00 p.m.,2025-06-05T00:08:19.541612,F
5ce75055-0957-4dac-ac6a-f7da69f9591d,Lara Luisina Barrios Álvaro,persona_natural,00000000000,17443661,Acceso de Gregorio Marín 1 Apt. 70 ,Ville,Salamanca,Toledo,122922108,459027292,ipalomo@example.org,otro,8:00 a.m. - 6:00 p.m.,2025-06-05T00:08:19.541612,F
61b6773d-b0ce-434e-afdb-dd114decfd7e,Grupo Robles S.A.,empresa,78530411579,26385953,Ronda de Juan Manuel Quero 5,Ville,Vizcaya,Lleida,087083203,307538435,nerea44@example.com,distribuidor,8:00 a.m. - 6:00 p.m.,2025-06-05T00:08:19.542612,O
556e1967-0b35-46eb-a905-c9254646229c,Banco Cervantes S.A.,empresa,54955439484,83743982,C. de Elena Bilbao 52 Apt. 63 ,Ville,Ciudad,Soria,991333252,457086450,wzabaleta@example.net,otro,8:00 a.m. - 6:00 p.m.,2025-06-05T00:08:19.542612,F
fbb18b32-2d33-4455-80e7-0879d5847a48,Logística Castillo S.A.,empresa,55802192766,72169782,Urbanización Dorotea Roldán 76,Ville,Málaga,Ciudad,308490442,572532848,fidelbarreda@example.com,restaurante,8:00 a.m. - 6:00 p.m.,2025-06-05T00:08:19.542612,M
0506d9ed-4eba-4c15-91e4-315a1054e0ca,Arnaiz y Viña S.A.,empresa,05785566831,17827654,Vial Gonzalo Aguilera 560,Ville,Cantabria,Albacete,501491279,959621380,consuela97@example.com,otro,8:00 a.m. - 6:00 p.m.,2025-06-05T00:08:19.542612,M
6994c996-f6c7-4df7-91f0-6e5d1fc69be1,Mariano Gallego Juliá,persona_natural,00000000000,94891893,Pasaje de Isa Busquets 86,Ville,La Coruña,Castellón,247944414,539525601,araceli38@example.net,distribuidor,8:00 a.m. - 6:00 p.m.,2025-06-05T00:08:19.542612,O
ae4c627a-93e2-4448-8484-f24c89670d2c,Luisa Lopez Tomé,persona_natural,00000000000,26409297,Acceso de Reinaldo Chico 4,Ville,Huesca,Badajoz,621794401,676632441,placidosanchez@example.net,hotel,8:00 a.m. - 6:00 p.m.,2025-06-05T00:08:19.542612,O
34c37a2d-d820-4679-bedf-1d46703e03a6,Farmaceútica Globales S.Coop.,empresa,59437222519,63014294,Pasadizo de Santiago Ríos 52,Ville,Palencia,Girona,869934143,076719877,faustoarregui@example.org,distribuidor,8:00 a.m. - 6:00 p.m.,2025-06-05T00:08:19.542612,F
a13e23e9-5c24-4a8f-b92f-86dec3560150,Compañía del Mediterráneo S.L.,empresa,04941926237,38927732,Acceso de Ximena Ojeda 929 Apt. 82 ,Ville,Soria,Álava,935435424,894235729,silvestrebarcelo@example.com,distribuidor,8:00 a.m. - 6:00 p.m.,2025-06-05T00:08:19.542612,F
f4e29bef-06b5-456b-8112-713bf371a0ad,Héctor Larrea-Macías,persona_natural,00000000000,51921461,Glorieta de Ciríaco Nebot 29,Ville,Zamora,Valladolid,918279522,339667508,fonthugo@example.com,distribuidor,8:00 a.m. - 6:00 p.m.,2025-06-05T00:08:19.543614,O
b2c1f824-879e-4c7a-80a5-c823ab53955e,Banca Privada Nogués y asociados S.L.,empresa,76471769872,07937297,C. de Paco Gilabert 218 Puerta 5 ,Ville,Palencia,Alicante,842428887,557069844,imorillo@example.org,otro,8:00 a.m. - 6:00 p.m.,2025-06-05T00:08:19.543614,O
6d5fe1aa-dca5-45e3-9c55-dab484bd9a55,Suministros Vendrell S.L.,empresa,45762966476,87051899,Paseo Candela Briones 13,Ville,Santa Cruz de Tenerife,Teruel,016012980,688406678,rodenasgodofredo@example.org,restaurante,8:00 a.m. - 6:00 p.m.,2025-06-05T00:08:19.543614,O
a1611b75-4fe4-4515-989e-b10d65e51cd2,Miguela Vilanova Palomar,persona_natural,00000000000,52584014,Alameda de Úrsula Valverde 62 Puerta 8 ,Ville,Zamora,Segovia,311493632,746138748,umayol@example.com,supermercado,8:00 a.m. - 6:00 p.m.,2025-06-05T00:08:19.543614,O
444a73d4-abb3-4181-8048-482509cfb5bc,Tecnologías Herranz y asociados S.L.U.,empresa,21126784743,40358277,Acceso de Albert Suarez 97,Ville,Jaén,Zaragoza,314058436,416232745,obenet@example.net,supermercado,8:00 a.m. - 6:00 p.m.,2025-06-05T00:08:19.543614,F
257abdb0-e57d-44b4-9c31-08c97315dd89,Nicolás Ferrán Donaire,persona_natural,00000000000,33299266,Via de Samanta Gomila 46,Ville,Segovia,Tarragona,104978613,528888980,uriaivan@example.org,supermercado,8:00 a.m. - 6:00 p.m.,2025-06-05T00:08:19.543614,F
1a81053f-8df3-4b9b-8f52-4153f20889e5,Fabiola Valenzuela Casado,persona_natural,00000000000,75619525,Cañada de Venceslás Boix 50,Ville,Valencia,Valencia,339485795,189889919,arteagamaximiano@example.org,supermercado,8:00 a.m. - 6:00 p.m.,2025-06-05T00:08:19.543614,M
d331689e-3c0d-479b-a95a-017057bdd183,Merche Barrera Ávila,persona_natural,00000000000,33154406,Calle Matías Sanjuan 26,Ville,Murcia,Santa Cruz de Tenerife,643216002,162136698,tmoraleda@example.com,otro,8:00 a.m. - 6:00 p.m.,2025-06-05T00:08:19.543614,O
945fe4cf-8fd8-4c53-9fd9-62b48532caba,Teodora Bermúdez,persona_natural,00000000000,85704449,Ronda Carla Alsina 1 Puerta 0 ,Ville,Segovia,Madrid,391733984,514216046,yhervia@example.com,supermercado,8:00 a.m. - 6:00 p.m.,2025-06-05T00:08:19.543614,F
36f58074-050b-4c39-b6b9-67002bd53c8d,Fabricio Abril Ferrández,persona_natural,00000000000,88970593,Camino Urbano Mascaró 999 Puerta 0 ,Ville,Ciudad,Vizcaya,732883825,447934106,rrincon@example.com,hotel,8:00 a.m. - 6:00 p.m.,2025-06-05T00:08:19.544613,M
777e545e-7eed-41c5-b2b8-da570b09de46,Ángel Barrio Baños,persona_natural,00000000000,15485227,Paseo Ale Mascaró 54 Piso 4 ,Ville,Navarra,La Rioja,030649129,661892472,xcanizares@example.com,otro,8:00 a.m. - 6:00 p.m.,2025-06-05T00:08:19.544613,F
e87b84ad-03d8-4cc4-8252-74e8447baab7,Aníbal Perales,persona_natural,00000000000,86765421,Avenida de Aroa Conde 85,Ville,Ciudad,Badajoz,296874876,381799412,efrain01@example.org,distribuidor,8:00 a.m. - 6:00 p.m.,2025-06-05T00:08:19.544613,O
673d634a-af0e-4f41-8b1e-e6244c4aa409,Sarita Torrent,persona_natural,00000000000,96237777,Plaza de Alberto Almansa 33 Piso 8 ,Ville,Toledo,Palencia,381254978,072507823,sanabriaclara@example.net,supermercado,8:00 a.m. - 6:00 p.m.,2025-06-05T00:08:19.544613,O
fa8d5d9f-fbdd-4fab-afa4-27ad9f204a7e,Miriam Emelina Lobato Samper,persona_natural,00000000000,23442584,Via de Isabela Quintana 6 Puerta 1 ,Ville,Burgos,Málaga,488074799,620787500,xcastilla@example.net,distribuidor,8:00 a.m. - 6:00 p.m.,2025-06-05T00:08:19.544613,O
43de82db-cabb-483e-aef0-1364262c8d75,Minería Molins & Asociados S.Coop.,empresa,23532747312,17306611,Callejón de Estela Pineda 89 Piso 0 ,Ville,La Rioja,Zamora,923660959,287444846,gallardoaugusto@example.net,supermercado,8:00 a.m. - 6:00 p.m.,2025-06-05T00:08:19.544613,F
c4661ec3-14db-4f8c-9ef6-f3b2013505a7,Danilo Rodríguez Moya,persona_natural,00000000000,38606278,Pasadizo Plácido Ribes 74,Ville,Huesca,Granada,721768321,704061193,aurelianoespanol@example.org,distribuidor,8:00 a.m. - 6:00 p.m.,2025-06-05T00:08:19.544613,O
90c77e5b-c63d-4662-a0b7-5f08a40c4a3c,Macario Morera Aguilera S.Com.,empresa,56601173010,62224527,Paseo de Nicolás Vazquez 27 Puerta 8 ,Ville,Madrid,Ávila,366710394,789485257,realpaz@example.com,otro,8:00 a.m. - 6:00 p.m.,2025-06-05T00:08:19.544613,M
695bb34f-8314-4414-9038-16e2caa43d07,Familia Arregui S.L.,empresa,44463138414,83662777,Cuesta Severiano Rios 2 Piso 6 ,Ville,Albacete,Segovia,871010041,489033496,jesusquesada@example.net,supermercado,8:00 a.m. - 6:00 p.m.,2025-06-05T00:08:19.545613,F
effa2282-ac7b-4afc-9878-d804e393288c,Consultoría Globales S.A.,empresa,59401537031,95265696,Cuesta de Amelia Ureña 88,Ville,Albacete,Sevilla,445290776,291833266,gabrielgomila@example.net,otro,8:00 a.m. - 6:00 p.m.,2025-06-05T00:08:19.545613,O
c2ce85b5-cfb4-4015-a342-721a636e40fa,Otilia Ribes Grau,persona_natural,00000000000,11939400,Cañada Valerio Rivas 14 Puerta 2 ,Ville,Teruel,Zamora,532927216,950424026,abadalex@example.org,supermercado,8:00 a.m. - 6:00 p.m.,2025-06-05T00:08:19.545613,M
56d17bf6-9109-4328-9ab3-376475d18e1d,Amarilis Cuadrado Blanca S.A.T.,empresa,86679346105,84757454,Rambla Teófilo Llopis 77,Ville,Soria,Huelva,590292391,146944041,angela59@example.org,restaurante,8:00 a.m. - 6:00 p.m.,2025-06-05T00:08:19.545613,M
bffe4bf1-0ef9-4bbc-8c26-47fd0a8994db,Andrés Felipe Conde Sáenz,persona_natural,00000000000,33986513,Avenida de Vito Puig 37,Ville,Cádiz,Huelva,452065897,744628544,amorespalmira@example.org,supermercado,8:00 a.m. - 6:00 p.m.,2025-06-05T00:08:19.545613,F
b600fb07-ecab-4dcc-a8d4-ea130c8b6a9d,Manufacturas DVEZ S.A.,empresa,94031325561,79237094,Acceso de Adoración Cordero 76,Ville,Burgos,Lugo,846009549,759602097,oposada@example.net,hotel,8:00 a.m. - 6:00 p.m.,2025-06-05T00:08:19.545613,O
b36075e0-a10c-4868-8683-94c53eeb9323,Piedad Casares Fernandez,persona_natural,00000000000,08047779,Calle de Aroa Jódar 62 Puerta 3 ,Ville,Badajoz,Salamanca,183065504,734764416,jfranch@example.com,supermercado,8:00 a.m. - 6:00 p.m.,2025-06-05T00:08:19.545613,O
37137fe1-708a-4749-9b7a-14b55d24b21a,Distribuciones del Noroeste S.Coop.,empresa,44013554142,82617139,Urbanización Gilberto Catalán 97,Ville,Tarragona,Segovia,044980969,448973133,nadalraquel@example.com,otro,8:00 a.m. - 6:00 p.m.,2025-06-05T00:08:19.545613,F
412eb327-feb0-458e-8823-37d485a21798,Óscar Ferrando Sans,persona_natural,00000000000,00807277,Pasaje Mercedes Pérez 94,Ville,Murcia,Toledo,136472657,710881175,gilberto52@example.net,hotel,8:00 a.m. - 6:00 p.m.,2025-06-05T00:08:19.546611,O
0a82e0a6-c5b7-43e7-bd33-6f4cc89b68fc,Aitor Pareja Torrecilla S.L.L.,empresa,81875130228,62217985,Via Arsenio Bernad 70 Apt. 30 ,Ville,Zaragoza,Cantabria,380274305,618485356,odalis73@example.net,distribuidor,8:00 a.m. - 6:00 p.m.,2025-06-05T00:08:19.546611,O
91803626-32e1-4777-956f-baec49c11e98,Marino Godoy-Mármol,persona_natural,00000000000,65272013,Cañada de Gaspar Cabezas 1 Puerta 0 ,Ville,Jaén,Melilla,018541855,613597958,salamarita@example.net,hotel,8:00 a.m. - 6:00 p.m.,2025-06-05T00:08:19.546611,F
3e5d8cbc-1e4d-4033-bef3-3db11db5f192,Hnos Robledo S.A.,empresa,98218915898,31538242,Camino de Íngrid Tenorio 4 Puerta 0 ,Ville,Zaragoza,Toledo,518288564,941789637,eulaliamir@example.org,otro,8:00 a.m. - 6:00 p.m.,2025-06-05T00:08:19.546611,M
aff9659c-1887-45d0-8d7b-b842ec2e33f5,Alimentación Boix y asociados S.L.,empresa,22170974592,01625067,Vial Ámbar Barrio 88,Ville,Albacete,Palencia,812462401,878774583,olucas@example.org,otro,8:00 a.m. - 6:00 p.m.,2025-06-05T00:08:19.546611,O
55e1a344-ee88-47b7-87d7-ad255d58fbe5,Mamen Múñiz Mulet S.L.,empresa,50159573362,16819879,Callejón Almudena Nuñez 89,Ville,Murcia,Lugo,587625479,988737004,lorenzajaume@example.com,supermercado,8:00 a.m. - 6:00 p.m.,2025-06-05T00:08:19.547614,M
afe4869e-ebf9-4385-9937-f7c6c0d78e89,Ema Sobrino Linares,persona_natural,00000000000,78593651,Glorieta Jovita Beltran 810 Apt. 22 ,Ville,Huelva,La Rioja,203813190,591781251,arcelia94@example.com,distribuidor,8:00 a.m. - 6:00 p.m.,2025-06-05T00:08:19.547614,M
aee474e4-69f0-4e20-a043-71393d7b80d7,Despacho Internacionales S.A.,empresa,63823026956,73376658,Cuesta Isidora Téllez 7 Puerta 1 ,Ville,Toledo,Málaga,690274472,659420919,zpedrosa@example.org,supermercado,8:00 a.m. - 6:00 p.m.,2025-06-05T00:08:19.547614,O
b3ccd857-5a65-4e72-9222-40be05abbe4d,Celestino Porras Pedro,persona_natural,00000000000,62048578,C. de Celestino Romero 95,Ville,Salamanca,Castellón,899694327,968058234,eustaquioalarcon@example.net,restaurante,8:00 a.m. - 6:00 p.m.,2025-06-05T00:08:19.547614,M
8039dd4f-8a01-4447-a12c-b1aef8cc3e74,Familia Rovira S.L.,empresa,67568848203,62972653,Rambla de Jose Luis Pereira 30 Apt. 85 ,Ville,Ávila,Almería,030618572,036259620,gonzalo75@example.com,restaurante,8:00 a.m. - 6:00 p.m.,2025-06-05T00:08:19.547614,O
d1fb07de-b03b-47ed-bf67-bf6510878216,Amelia Cuervo Guardia,persona_natural,00000000000,43032035,Cuesta Eloísa Pagès 23,Ville,Lugo,Tarragona,625181001,629593277,fabiana31@example.com,distribuidor,8:00 a.m. - 6:00 p.m.,2025-06-05T00:08:19.547614,M
691f66ed-aca4-4235-93f8-0d719bb36a55,Prudencia Burgos Caparrós,persona_natural,00000000000,53395848,Rambla de León Tamayo 16 Piso 3 ,Ville,Las Palmas,Alicante,663104443,147353823,edgarllobet@example.com,distribuidor,8:00 a.m. - 6:00 p.m.,2025-06-05T00:08:19.547614,O
d3f90928-b062-445a-b66e-902ebfa77441,Ballester y Barco S.A.,empresa,75302919536,30451634,Pasaje Plácido Grau 53 Piso 5 ,Ville,Barcelona,Málaga,709027544,739461196,priscilarodriguez@example.net,otro,8:00 a.m. - 6:00 p.m.,2025-06-05T00:08:19.548614,O
bb2f3c12-b772-49bc-8158-e6b9532898e2,Inmobiliaria Alonso S.Com.,empresa,63344758599,17724050,Paseo Emilio Saldaña 857,Ville,Salamanca,Tarragona,890244625,902780086,jacinta28@example.org,supermercado,8:00 a.m. - 6:00 p.m.,2025-06-05T00:08:19.548614,O
c8e07435-e768-403c-bb3b-7ddbf358b700,Logística Gascón & Asociados S.L.,empresa,52156229629,90503672,Alameda de Valerio Sanchez 93 Puerta 0 ,Ville,Pontevedra,Zamora,071539394,486633866,expositoaraceli@example.org,hotel,8:00 a.m. - 6:00 p.m.,2025-06-05T00:08:19.548614,M
9320e898-4c2e-40f6-9409-0930e4838364,Etelvina Carrión-Tirado,persona_natural,00000000000,45142750,Callejón de Gregorio Rosado 65 Apt. 70 ,Ville,Cáceres,Navarra,883396975,519267361,teopuga@example.com,hotel,8:00 a.m. - 6:00 p.m.,2025-06-05T00:08:19.548614,O
336fdf8a-1f68-4149-878e-251414930f0b,Soluciones Castellana S.A.,empresa,08534633872,92371237,Cuesta de Tristán Verdugo 337 Piso 3 ,Ville,Alicante,Huesca,314286657,241534929,priscilamendoza@example.org,distribuidor,8:00 a.m. - 6:00 p.m.,2025-06-05T00:08:19.548614,M
35be0298-59c2-446f-9258-c01acfba4394,Tecnologías Esteban y asociados S.Com.,empresa,96514655374,65662865,Cañada de Alfredo Cervera 4 Puerta 1 ,Ville,Córdoba,Salamanca,288294238,442356301,jose-luisvalcarcel@example.com,otro,8:00 a.m. - 6:00 p.m.,2025-06-05T00:08:19.548614,F
25b6f985-dc00-4604-a9c5-bac5ab8a76dc,Camilo Bustamante,persona_natural,00000000000,25002030,Acceso Juliana Aranda 43 Piso 5 ,Ville,Ourense,Ciudad,821581076,116131503,xavier73@example.org,otro,8:00 a.m. - 6:00 p.m.,2025-06-05T00:08:19.548614,O
5c792ad9-ed99-4d9c-be69-11e9b59e56fb,Blanca del Llobet,persona_natural,00000000000,65074491,Pasaje de Juanito Buendía 69,Ville,Almería,Toledo,123272761,982339412,domitilarius@example.com,restaurante,8:00 a.m. - 6:00 p.m.,2025-06-05T00:08:19.548614,M
86cda9aa-56f6-4c33-ae02-28e5c563e5a0,Alimentación Iberia S.Com.,empresa,09791406833,91873729,Cañada de Vasco Sosa 73,Ville,Cuenca,La Rioja,407464925,753087451,martina95@example.com,hotel,8:00 a.m. - 6:00 p.m.,2025-06-05T00:08:19.549612,M
d7145a45-c246-485b-9b0b-5220ad21d392,Agapito Bellido Córdoba,persona_natural,00000000000,27484413,Pasaje Brígida Vidal 15 Piso 9 ,Ville,Guipúzcoa,Lleida,587246734,309962951,maximinoalegre@example.org,distribuidor,8:00 a.m. - 6:00 p.m.,2025-06-05T00:08:19.549612,O
06c51491-afd2-4b7a-a446-c420da1c518f,Consultoría del Sur S.L.,empresa,21106060294,52459422,Alameda Carlota Garzón 51,Ville,Cádiz,La Rioja,509582800,458757696,vgarzon@example.org,otro,8:00 a.m. - 6:00 p.m.,2025-06-05T00:08:19.549612,M
fb9ef48a-05bb-4f92-ae35-38244cd61481,Emiliano Montenegro Hierro,persona_natural,00000000000,60976322,Plaza Áurea Oliver 26 Piso 5 ,Ville,Huelva,Granada,046748844,973317976,andres-felipetalavera@example.net,restaurante,8:00 a.m. - 6:00 p.m.,2025-06-05T00:08:19.549612,O
bfae2b7e-ea59-4006-a467-17f71402e5ff,Roxana Codina Baeza,persona_natural,00000000000,29802068,C. de Héctor Cardona 53,Ville,Toledo,Toledo,295883483,526994507,juliavilma@example.com,hotel,8:00 a.m. - 6:00 p.m.,2025-06-05T00:08:19.549612,M
cea4dcdc-6a01-4314-8fbe-e04047093d71,Uriarte y asociados S.Coop.,empresa,40946435701,48476312,Alameda de Teodoro Uribe 60,Ville,Huesca,La Rioja,563509623,500514594,mgalindo@example.com,distribuidor,8:00 a.m. - 6:00 p.m.,2025-06-05T00:08:19.549612,F
d409db88-f7bd-4314-9a3f-8f62c1eeed5e,Virgilio Bilbao Plana S.A.,empresa,42060925510,87426198,Avenida Glauco Fernández 4 Apt. 41 ,Ville,Palencia,Salamanca,880496467,091714391,nereaescalona@example.org,hotel,8:00 a.m. - 6:00 p.m.,2025-06-05T00:08:19.549612,O
a3f3955e-4857-4da5-9d61-379c91782303,Soluciones Ruiz & Asociados S.Coop.,empresa,39433286573,38410377,Alameda Rubén Carrillo 32 Puerta 8 ,Ville,Castellón,Lleida,761726951,163246909,borrasjenny@example.org,hotel,8:00 a.m. - 6:00 p.m.,2025-06-05T00:08:19.549612,M
a454fc19-39d0-44cd-9cec-bff482b73171,Felicia Elisa Oliveras Amo,persona_natural,00000000000,19872221,Vial de Carmina Sarabia 1 Apt. 08 ,Ville,Melilla,Las Palmas,895632109,444803176,baenabenito@example.com,hotel,8:00 a.m. - 6:00 p.m.,2025-06-05T00:08:19.550612,M
2d95435c-9ecd-4da3-a7d1-eb66a3772f93,Carolina Niño Juliá,persona_natural,00000000000,88182700,Pasaje de Ricarda Girón 206,Ville,Girona,Málaga,678151258,864767466,benito03@example.net,restaurante,8:00 a.m. - 6:00 p.m.,2025-06-05T00:08:19.550612,O
2a4c7ad9-f863-4616-b530-6a802e663060,Hoyos & Asociados S.Com.,empresa,63733269459,58224147,Alameda Kike Alcántara 31 Apt. 03 ,Ville,Córdoba,Valladolid,228521309,535601913,laura36@example.net,otro,8:00 a.m. - 6:00 p.m.,2025-06-05T00:08:19.550612,M
125889e5-13d2-4c61-9aab-481b624dbec1,Evaristo Ortega Campos S.Com.,empresa,02729417269,14518495,Pasaje Jeremías Casanova 79 Apt. 24 ,Ville,Santa Cruz de Tenerife,Badajoz,098318268,154503230,cruz92@example.com,distribuidor,8:00 a.m. - 6:00 p.m.,2025-06-05T00:08:19.550612,M
e678fccc-813e-432d-b29a-e32a4b519ea1,Consultoría Cuadrado S.L.N.E,empresa,90156035813,00876424,Glorieta de Clotilde Haro 8 Piso 4 ,Ville,Salamanca,Girona,590746264,359651738,nredondo@example.com,restaurante,8:00 a.m. - 6:00 p.m.,2025-06-05T00:08:19.550612,M
ab69e247-d851-4068-88aa-2231fa179b9f,Amparo Cornejo Bartolomé S.L.N.E,empresa,32606444911,68623010,Plaza de Claudia Leal 21 Piso 7 ,Ville,Teruel,Ceuta,140471938,783159769,estradaoctavio@example.com,otro,8:00 a.m. - 6:00 p.m.,2025-06-05T00:08:19.550612,M
663dbcb5-ddf8-4164-b9b5-87b6b55e1797,Promociones RS S.L.,empresa,65609389145,81504509,Camino Claudia Asenjo 893 Puerta 6 ,Ville,Pontevedra,La Rioja,039689331,574842129,angelinagisbert@example.org,supermercado,8:00 a.m. - 6:00 p.m.,2025-06-05T00:08:19.550612,F
800486ff-8fb7-497b-a8ad-0a31dcf94159,Ainara Robledo Vazquez S.A.,empresa,25528845580,70045005,Callejón Wálter Sainz 13 Apt. 65 ,Ville,Asturias,Almería,155967905,925704936,gervasiozurita@example.net,otro,8:00 a.m. - 6:00 p.m.,2025-06-05T00:08:19.550612,O
7da6ddab-32d5-4d4b-b689-2ebebb61a732,Gabriel Luís,persona_natural,00000000000,09948963,Via Socorro Tolosa 97,Ville,Las Palmas,Guipúzcoa,620128648,516719208,saavedrabuenaventura@example.org,hotel,8:00 a.m. - 6:00 p.m.,2025-06-05T00:08:19.551613,F
06d829b5-8554-42b3-90e3-a3d7feaa450a,Ágata Jaume Coronado S.L.,empresa,48218266667,32593968,Cañada Albina Abellán 14 Puerta 0 ,Ville,Madrid,Huesca,914133617,844372679,jodarfortunata@example.net,distribuidor,8:00 a.m. - 6:00 p.m.,2025-06-05T00:08:19.551613,O
276590d0-47ec-4073-bbe8-5a01d3919962,Cánovas y Farré S.Coop.,empresa,23920430507,86096723,Rambla de Julieta Vélez 9,Ville,Navarra,Palencia,527799114,801165755,cloe58@example.net,distribuidor,8:00 a.m. - 6:00 p.m.,2025-06-05T00:08:19.551613,M
957590df-2dbd-4336-b603-16fda366f540,Inversiones Farré & Asociados S.Coop.,empresa,80434478073,99560535,Rambla Eva María Infante 111 Apt. 99 ,Ville,Córdoba,Castellón,280907737,558798388,francisco-javier17@example.net,restaurante,8:00 a.m. - 6:00 p.m.,2025-06-05T00:08:19.551613,M
2c4737a2-dda5-4583-9a14-b96f6eb5b661,Banca Privada Oliver S.Coop.,empresa,44905142357,34254122,Acceso Arcelia Esteve 4,Ville,Valladolid,Vizcaya,396302645,519874993,roberta50@example.org,hotel,8:00 a.m. - 6:00 p.m.,2025-06-05T00:08:19.551613,M
49b9d031-7c48-4c70-81af-5d51b6cd995a,Lorena Daza-Cortes,persona_natural,00000000000,06382669,Vial Leocadia Palma 79,Ville,Ceuta,Melilla,259633550,735835102,sotorosaura@example.org,supermercado,8:00 a.m. - 6:00 p.m.,2025-06-05T00:08:19.551613,M
517efbe7-663d-4881-96b6-581037762f7f,Víctor de Yáñez,persona_natural,00000000000,05277650,Cañada de Ricarda Perez 133,Ville,Lleida,Burgos,714877317,438347894,amadacazorla@example.org,distribuidor,8:00 a.m. - 6:00 p.m.,2025-06-05T00:08:19.551613,F
152b8daa-50dd-44d9-88ba-4bb4b1de3986,Pozuelo y asociados S.Com.,empresa,07258203296,38453707,Glorieta de Camilo Vidal 770,Ville,Madrid,Girona,180066558,016153863,peperoig@example.com,otro,8:00 a.m. - 6:00 p.m.,2025-06-05T00:08:19.551613,M
d4b908ab-7601-413d-bf69-2d532a0dd8f4,Rosaura del Menendez,persona_natural,00000000000,07503414,Vial Pilar Fábregas 7,Ville,Tarragona,Las Palmas,401271013,790519146,eugenioariza@example.org,restaurante,8:00 a.m. - 6:00 p.m.,2025-06-05T00:08:19.552612,F
f9289a00-0a0e-4673-ba93-0e5c00f982ec,Aníbal Blas Ponce Barceló,persona_natural,00000000000,70639626,Cuesta de Bonifacio Bejarano 80 Puerta 6 ,Ville,Cádiz,Santa Cruz de Tenerife,006689084,202616943,qbarbera@example.org,otro,8:00 a.m. - 6:00 p.m.,2025-06-05T00:08:19.552612,F
fc752355-8a5c-4107-8ba4-46619c5cd917,Duque y asociados S.A.,empresa,02467471484,61323472,Vial de Chus Ayllón 891 Apt. 37 ,Ville,Sevilla,Navarra,673773506,443249331,jordanrivero@example.com,restaurante,8:00 a.m. - 6:00 p.m.,2025-06-05T00:08:19.552612,F
1ce14e14-e218-4ea8-bb9f-868ab2fbb07c,Agustí y Canals S.L.U.,empresa,63505835696,29343855,Plaza de Ramona Vilanova 133,Ville,Almería,Zamora,388527566,486681054,pujadasmarianela@example.com,otro,8:00 a.m. - 6:00 p.m.,2025-06-05T00:08:19.552612,F
849c2719-3773-48b6-8474-60fb3bccb257,Águeda Antonia Cardona Quintanilla,persona_natural,00000000000,89895049,Avenida de Patricio Huguet 70 Piso 8 ,Ville,Ceuta,Ávila,199392027,412624816,alonsoxiomara@example.org,supermercado,8:00 a.m. - 6:00 p.m.,2025-06-05T00:08:19.552612,O
9fbdbaa3-dc9c-4f1b-89af-b4c341f86bdb,José Bauzà Martorell,persona_natural,00000000000,71527820,Rambla de Evelia Martinez 69,Ville,Alicante,Cádiz,096180430,383383970,araceliandres@example.com,otro,8:00 a.m. - 6:00 p.m.,2025-06-05T00:08:19.552612,M
4b71b0d3-e420-4e0b-821b-be3565d690f8,Dolores Pedraza Escamilla,persona_natural,00000000000,24311183,Vial de Pepito Ramis 35,Ville,Valencia,Santa Cruz de Tenerife,255765750,565146891,mosqueraeligia@example.com,distribuidor,8:00 a.m. - 6:00 p.m.,2025-06-05T00:08:19.552612,F
852c49d8-6310-457a-a917-abc33f225542,Familia Chacón S.L.U.,empresa,00768765063,60548061,Plaza Macaria Valera 955 Apt. 05 ,Ville,Cáceres,Cuenca,876053852,988984572,liliana32@example.com,distribuidor,8:00 a.m. - 6:00 p.m.,2025-06-05T00:08:19.552612,F
8a5a09d0-fcf5-4325-b8ec-55da5ce49259,Chita Paniagua Pons,persona_natural,00000000000,50236981,Cañada Bernardita Manrique 34,Ville,Teruel,Álava,437963451,730591484,diazoctavia@example.org,supermercado,8:00 a.m. - 6:00 p.m.,2025-06-05T00:08:19.552612,M
0d9d2282-d445-4b0a-8f81-1dc241823f4b,Amada Azcona Sáenz,persona_natural,00000000000,06068653,Cuesta de Gonzalo Arnau 45,Ville,Álava,Santa Cruz de Tenerife,112009661,914237930,custodio58@example.org,otro,8:00 a.m. - 6:00 p.m.,2025-06-05T00:08:19.553613,F
4007f3dd-ab45-4226-a49d-c1ff06c488d4,Timoteo Montaña Sanmartín,persona_natural,00000000000,30908626,C. Alex Bartolomé 57,Ville,Lleida,León,045585513,783974659,lupeginer@example.net,supermercado,8:00 a.m. - 6:00 p.m.,2025-06-05T00:08:19.553613,O
54508789-e66d-4aa0-84d0-c588fde5be44,Construcción Iberia S.A.,empresa,37235413564,26815442,Glorieta Gala Alegria 95,Ville,Las Palmas,Salamanca,791525436,985333473,donairepacifica@example.net,otro,8:00 a.m. - 6:00 p.m.,2025-06-05T00:08:19.553613,M
caa9691c-fbd9-43bd-b045-c50249e8ee02,Abilio Caparrós Mendizábal,persona_natural,00000000000,72387299,Paseo de Andrea Rivera 21,Ville,Burgos,Teruel,258728035,525411799,esperanzabarrera@example.net,supermercado,8:00 a.m. - 6:00 p.m.,2025-06-05T00:08:19.553613,F
9d446f64-2aaf-4728-bc36-aeadb8b87f3f,Supermercados RD S.Coop.,empresa,47444778837,86021958,Alameda Javiera Barreda 531 Apt. 10 ,Ville,Salamanca,Palencia,972650046,056811051,herreranerea@example.net,hotel,8:00 a.m. - 6:00 p.m.,2025-06-05T00:08:19.553613,O
6072a3d3-9d2a-4f1b-b21f-6e3b7d98c225,Anabel Zamorano Boada,persona_natural,00000000000,21124868,C. de Flora Contreras 91 Puerta 9 ,Ville,Soria,Teruel,428386154,780640284,albamaza@example.org,otro,8:00 a.m. - 6:00 p.m.,2025-06-05T00:08:19.553613,F
88005a08-85b2-4cc5-a479-20c445735c6c,Cruz Aragón,persona_natural,00000000000,30888905,Vial Nilo Heredia 43,Ville,Baleares,Almería,171678920,323151031,pcalatayud@example.com,supermercado,8:00 a.m. - 6:00 p.m.,2025-06-05T00:08:19.554613,F
70efb731-db94-445e-a6a0-455a889c791e,Nayara del Noriega,persona_natural,00000000000,37986072,Cuesta Efraín Reina 73,Ville,Zamora,Sevilla,415758309,278756524,panfilocornejo@example.org,restaurante,8:00 a.m. - 6:00 p.m.,2025-06-05T00:08:19.554613,F
5334df26-b474-4d0e-a2a2-ebe31a1ab18b,Alcolea & Asociados S.L.U.,empresa,10795981372,00870015,Alameda Urbano Quintero 68,Ville,Ourense,Asturias,648762684,139565496,colomercesar@example.com,distribuidor,8:00 a.m. - 6:00 p.m.,2025-06-05T00:08:19.554613,O
97053aaf-9414-4421-8a56-cfb370761e61,Manufacturas Collado y asociados S.A.U,empresa,54340524055,14816871,Glorieta de Vidal Barberá 26,Ville,Barcelona,Madrid,808643965,785720876,sandovalcristian@example.com,otro,8:00 a.m. - 6:00 p.m.,2025-06-05T00:08:19.554613,M
b2779d02-3b06-4007-940f-376e439666b6,Banca Privada Ortuño S.Coop.,empresa,83762122850,14419100,Cañada de Sara Prado 60,Ville,Guipúzcoa,León,037226860,928284639,sbayo@example.com,distribuidor,8:00 a.m. - 6:00 p.m.,2025-06-05T00:08:19.554613,F
8b16a61e-41d6-43da-b677-dc258c3b275f,Roxana del Mir,persona_natural,00000000000,39231489,Ronda de Olga Tejero 22 Apt. 33 ,Ville,Sevilla,Badajoz,805051549,915068702,tadeonavarro@example.org,restaurante,8:00 a.m. - 6:00 p.m.,2025-06-05T00:08:19.554613,O
8d5bb751-4ab4-43c4-98e2-35d2f0f688b7,Valentín Herminio Redondo Donoso,persona_natural,00000000000,86923764,Plaza de Baudelio Montes 66 Puerta 9 ,Ville,Huesca,Madrid,028352407,449535559,tenabibiana@example.com,otro,8:00 a.m. - 6:00 p.m.,2025-06-05T00:08:19.554613,M
94621085-43e1-4f60-969a-4ca525e36315,Desarrollo Ibéricos S.Com.,empresa,83701576557,73974108,Cuesta Haydée Iriarte 92,Ville,Jaén,Asturias,650072552,845218348,qescamilla@example.org,restaurante,8:00 a.m. - 6:00 p.m.,2025-06-05T00:08:19.554613,M
288841c3-cc52-4827-9cec-d1aa25f8cda3,Soluciones Araujo & Asociados S.L.N.E,empresa,74104366109,56753579,Glorieta de Morena Luz 50 Piso 3 ,Ville,Cádiz,Soria,104048911,614814698,angulofernando@example.com,distribuidor,8:00 a.m. - 6:00 p.m.,2025-06-05T00:08:19.555612,M
dbea6ac0-05c8-488c-800f-06944c958d90,Cristian Corominas Barberá S.Com.,empresa,49358902050,64186594,Paseo Tecla Torres 660,Ville,Baleares,Murcia,060247065,011123413,jacintocalvo@example.net,hotel,8:00 a.m. - 6:00 p.m.,2025-06-05T00:08:19.555612,M
6360e5b4-d60e-4d97-a3a2-1723a9657592,Reinaldo Cuenca Valera,persona_natural,00000000000,40873199,Pasadizo Ricardo Folch 24 Apt. 71 ,Ville,Teruel,La Coruña,939881054,254102876,rosellolivia@example.org,supermercado,8:00 a.m. - 6:00 p.m.,2025-06-05T00:08:19.555612,M
c3bf4c1d-7b1a-4e0c-905a-1e60196400d1,Rosendo Tomas Duarte S.L.,empresa,05092621792,39643125,Ronda Silvio Garzón 99 Piso 2 ,Ville,Girona,Teruel,914861277,131306940,quevedojosue@example.net,otro,8:00 a.m. - 6:00 p.m.,2025-06-05T00:08:19.555612,M
ee6fe525-2043-479f-82c0-a8e3cdf670e4,Cruz Rey Ramón,persona_natural,00000000000,69531081,Paseo Nadia Maldonado 46 Piso 0 ,Ville,Badajoz,Ceuta,497175883,756654208,hsancho@example.com,hotel,8:00 a.m. - 6:00 p.m.,2025-06-05T00:08:19.555612,F
7dc27477-9cd5-414e-bac6-37aa7a88f403,Hermanos Torres S.A.D,empresa,94549899121,18008279,Alameda de Azahar Portillo 45,Ville,Ceuta,Tarragona,495516712,139067545,imerino@example.net,hotel,8:00 a.m. - 6:00 p.m.,2025-06-05T00:08:19.555612,F
22b0ee85-b966-4543-b793-6fc9c13c29c0,Máximo Carrasco Pinilla S.Com.,empresa,51735712273,12395713,Cañada de Mateo Yáñez 32 Apt. 38 ,Ville,Melilla,Murcia,839432675,022364354,luisfortunato@example.com,restaurante,8:00 a.m. - 6:00 p.m.,2025-06-05T00:08:19.555612,F
b330ae06-7aa2-44ec-826e-dced20a28010,Rosa María Hervás Fortuny,persona_natural,00000000000,78827922,Rambla Emigdio Amaya 1,Ville,Baleares,Ávila,305258748,633182135,moisescalvo@example.net,distribuidor,8:00 a.m. - 6:00 p.m.,2025-06-05T00:08:19.555612,O
d611964b-2f6b-4768-bc45-d56469894ffa,Tania Julia Gallego Mascaró,persona_natural,00000000000,13020316,Camino Lucila Gimenez 81,Ville,Burgos,Madrid,612019339,394535843,pancho67@example.com,hotel,8:00 a.m. - 6:00 p.m.,2025-06-05T00:08:19.556611,F
ba4aafd1-3825-482e-b19b-9966ed47bf5f,Minería Española S.A.,empresa,47293848316,56551402,Cuesta Clotilde Galván 6,Ville,Asturias,Santa Cruz de Tenerife,259696901,186417682,raul06@example.net,restaurante,8:00 a.m. - 6:00 p.m.,2025-06-05T00:08:19.556611,O
7bce1781-dd12-4e0c-8991-d771aec4f2ba,Vallés y Vallejo S.Coop.,empresa,24052008394,08615776,Pasaje de Soledad Solé 95,Ville,Castellón,La Rioja,117835391,176248445,plorenzo@example.org,supermercado,8:00 a.m. - 6:00 p.m.,2025-06-05T00:08:19.556611,O
514a4e23-c98c-4147-a061-bd50991aaa3d,Zorrilla y asociados S.Coop.,empresa,23969669014,03729297,C. de Gala Camino 56,Ville,Cantabria,Salamanca,917672353,417013583,pangulo@example.com,distribuidor,8:00 a.m. - 6:00 p.m.,2025-06-05T00:08:19.556611,F
ff9051e3-4de4-4d33-8cb5-a2feba43e31b,Mónica Barrios Fajardo S.Coop.,empresa,97056025968,82672543,Acceso de Sarita Arévalo 648,Ville,Valladolid,Sevilla,913369153,823485426,socorroalmeida@example.net,distribuidor,8:00 a.m. - 6:00 p.m.,2025-06-05T00:08:19.556611,M
3fc98572-71a0-4074-8688-a0f8467f3453,Cornelio Berenguer Carvajal,persona_natural,00000000000,40376404,Cañada Marcia Segura 43 Piso 2 ,Ville,Cantabria,Lleida,052473625,273463610,juliana52@example.net,distribuidor,8:00 a.m. - 6:00 p.m.,2025-06-05T00:08:19.556611,O
1cdc75d1-d3fd-416f-acc2-39ad294b4eb3,Angelita Mateos Rosado S.A.,empresa,03286243115,30439979,Vial de Martirio Pedrero 112,Ville,Barcelona,Ávila,182881367,201039528,maximilianoarenas@example.org,supermercado,8:00 a.m. - 6:00 p.m.,2025-06-05T00:08:19.557614,M
97b628cb-68c6-4384-8d87-001e261d0cff,Cebrián Soler Bravo,persona_natural,00000000000,07588812,Alameda de Candelaria Llamas 74,Ville,Asturias,Asturias,714874920,897464200,jeronimogil@example.org,supermercado,8:00 a.m. - 6:00 p.m.,2025-06-05T00:08:19.557614,O
b4168e0c-5adb-4d6b-8e58-3a15fb74d84d,Fábrica WJS S.L.N.E,empresa,69010152290,88442724,Calle de Humberto Santana 8,Ville,Cantabria,Ávila,573283471,199799943,lucasapolinar@example.org,hotel,8:00 a.m. - 6:00 p.m.,2025-06-05T00:08:19.557614,M
413b799f-44e4-4e86-82c6-85946bbd0b5f,Jose Manuel Flores Daza,persona_natural,00000000000,22408850,Vial de Caridad Avilés 915 Apt. 12 ,Ville,Ávila,Zamora,966808280,645938296,elujan@example.org,otro,8:00 a.m. - 6:00 p.m.,2025-06-05T00:08:19.557614,O
c167cdcb-b2be-4b51-85c9-55338ac7c2db,Eli de Infante,persona_natural,00000000000,73936349,Avenida de Francisca Calderón 83,Ville,Valencia,Pontevedra,429370850,900226750,solaitziar@example.org,otro,8:00 a.m. - 6:00 p.m.,2025-06-05T00:08:19.558616,M
1ab511e7-7435-4486-9566-25d6a3c36d79,Minería Ávila y asociados S.L.N.E,empresa,37509999112,00887620,Acceso de Remedios Criado 34,Ville,Lugo,La Rioja,166615234,117735802,emigdiolillo@example.net,hotel,8:00 a.m. - 6:00 p.m.,2025-06-05T00:08:19.558616,O
99b65006-de62-447c-a9b6-d62156e2349d,Sergio Ripoll Rojas,persona_natural,00000000000,61164574,Calle de Luciana Jordá 524,Ville,Segovia,La Rioja,597370823,239997943,hnoguera@example.org,restaurante,8:00 a.m. - 6:00 p.m.,2025-06-05T00:08:19.558616,O
