id_conductor,DNI,nombre_conductor,telefono_conductor,email_conductor,direccion_conductor,estado_conductor,tipo_licencia,fecha_emision_licencia,fecha_vencimiento_licencia,fecha_nacimiento,fecha_registro,genero,foto_conductor,id_usuario
e3895fc5-3261-431c-a9bb-524d96888863,81307875,Pancho del Cazorla,078764737,equiros@example.org,Rambla de Dulce Cal 25,True,B,2025-01-16,2025-07-20,2024-07-13,2025-06-05T00:08:19.605614,M,https://dummyimage.com/640x480,d26b78ad-d655-4788-8a57-6f55398dab7e
941bb582-7696-4020-96f7-325e08567525,32026847,Teodora Casas Alarcón,073898658,modesto34@example.org,Camino Rodolfo Prats 4 Puerta 8 ,False,C,2024-10-11,2025-10-26,2024-10-11,2025-06-05T00:08:19.605614,M,https://dummyimage.com/640x480,8638df49-1364-41a7-ba79-e6643e912ca4
7f49ad08-5b2c-4406-b9cf-d28bc383370e,34152343,Celso Peiró-Casares,425915883,amarilis87@example.net,Plaza Eduardo Múñiz 50 Apt. 72 ,True,A,2024-06-10,2025-09-29,2024-11-17,2025-06-05T00:08:19.605614,O,https://placekitten.com/640/480,77c9947a-f83f-4b23-acd5-8f184092e720
6e80865b-eee6-4971-8e91-6579678d2ffc,95580465,Feliciano Humberto Ruano Fabra,253593911,gabino81@example.net,Calle Nazaret Arellano 2,True,C,2024-07-20,2025-09-24,2024-10-07,2025-06-05T00:08:19.605614,O,https://picsum.photos/640/480,27dc231e-8207-4cd0-a710-e5d138ef8bc2
d154d527-59a3-4256-888d-c9e0196554eb,04929598,Violeta Cerro Ariza,213214327,bmorillo@example.com,Pasaje Pepito Llobet 5 Apt. 92 ,True,C,2024-11-28,2026-05-05,2024-12-30,2025-06-05T00:08:19.605614,O,https://picsum.photos/640/480,481be87c-aa2a-4ee2-940d-e6c0a0583a38
9a6c4fd9-afa0-4a73-b54d-d134f7e904f9,26725337,Cruz del Gibert,156791951,heliodoro11@example.net,Paseo de Etelvina Peñas 1,False,C,2024-09-28,2026-03-06,2024-07-07,2025-06-05T00:08:19.605614,F,https://placekitten.com/640/480,91f65af7-bbd9-4494-8c3d-a3b8bcdf9e19
ffbc9eec-27b4-4b62-8aac-ecc2311cac21,48933681,Florencia de Martinez,924365476,luisa91@example.net,Avenida de Roberto Llano 68 Apt. 48 ,False,B,2024-08-14,2026-02-04,2025-01-16,2025-06-05T00:08:19.605614,F,https://picsum.photos/640/480,64f27c09-ab72-4f96-bf71-2327f2662475
d9055b91-2f21-4e9a-b97e-44e466129067,51781064,Alba Ariño Toledo,900874563,omugica@example.net,Paseo de Felicia Rodriguez 29 Puerta 3 ,True,B,2025-04-14,2026-01-02,2024-09-21,2025-06-05T00:08:19.606612,M,https://placekitten.com/640/480,27702c58-284b-462d-ae22-11354d2fc9cd
57b7e67b-30ed-433a-bbf5-0a4a00d612bb,91350970,Martina Larrea Matas,001455546,modestogarmendia@example.org,Camino Alexandra Bellido 53 Puerta 9 ,True,A,2024-12-27,2026-02-25,2024-10-25,2025-06-05T00:08:19.606612,O,https://picsum.photos/640/480,e904e160-2a60-4bbc-af99-78980c050b1f
79b5a2b9-d737-4fb2-a50d-0ed348087abb,23372545,Sofía Salmerón-Olivera,252596629,gastonlerma@example.net,Cuesta Consuelo Cañellas 12 Apt. 78 ,True,A,2024-07-29,2025-09-29,2024-09-27,2025-06-05T00:08:19.606612,O,https://placekitten.com/640/480,45473c0d-fd92-4c53-8362-41e73a7101d4
09c47a7b-5e27-4289-a1b8-6441b32c6327,30727731,Graciano Escamilla Barriga,080528606,sarajodar@example.net,C. de Reyna Pujadas 65 Piso 1 ,True,B,2024-07-05,2026-04-20,2024-11-14,2025-06-05T00:08:19.606612,F,https://picsum.photos/640/480,c8db3472-d99c-4518-9438-c7b78456ac5e
32cf88b1-5eda-4f86-b67c-fccef1306191,06616329,Vicenta Escudero Zamorano,659766222,sandra01@example.org,Glorieta Federico Duarte 93 Puerta 9 ,True,A,2024-08-12,2025-07-20,2024-12-16,2025-06-05T00:08:19.606612,M,https://dummyimage.com/640x480,9008db7e-b3f1-4a5b-bcfe-817040584a07
75a97490-a260-4a49-ba28-19f18bde16fe,73460886,Íñigo Diez Aranda,655649801,armengolfabiana@example.org,Pasaje Régulo Blasco 3,True,B,2024-09-10,2025-12-01,2025-01-06,2025-06-05T00:08:19.606612,M,https://picsum.photos/640/480,4191b578-4181-4904-8aa2-91b7c9391ea8
e4bcf98a-b4b0-4d3b-b5d6-fb3dd72b5332,98599910,Perlita Lillo,277283913,maximoatienza@example.net,Cuesta Josefa Saldaña 255 Puerta 0 ,True,C,2025-03-27,2026-01-28,2025-03-14,2025-06-05T00:08:19.607614,F,https://picsum.photos/640/480,91f57baa-634f-48f7-83f1-af9839669040
672378bb-1c8f-41f3-a39c-ccce4f6cae3a,14386354,Juan Manuel Ledesma Quirós,324546522,almansaromulo@example.org,Avenida de Merche Navarrete 58,True,C,2025-01-15,2025-10-20,2025-02-28,2025-06-05T00:08:19.607614,O,https://picsum.photos/640/480,9826dcbf-a43c-4a8d-8310-24b038087f27
d951a1c0-3ac5-4c2d-bc45-4daaf658e5cc,92354417,Sigfrido Faustino Donoso Mir,477893271,casesjavier@example.net,Callejón de Ruth Sierra 55,False,A,2025-02-15,2026-01-12,2024-12-11,2025-06-05T00:08:19.607614,F,https://dummyimage.com/640x480,d7c0d5a3-9e87-4ef7-a649-565a79d22fc1
2af9780e-c04a-4a9d-9995-f44bb71a8d25,41011494,Ámbar Arranz Bejarano,953466366,josep66@example.com,Vial Cebrián Prado 21 Piso 1 ,True,A,2024-12-27,2026-03-13,2025-03-08,2025-06-05T00:08:19.607614,M,https://dummyimage.com/640x480,a9e9110c-3214-4c9e-ba21-e5ffa54d3bab
28e05c15-3617-43d9-964d-137cd71e5da0,93770478,Nydia Cardona Galán,625683106,tomas94@example.net,Avenida de Félix Ferrera 91,True,A,2024-07-03,2026-02-28,2024-06-27,2025-06-05T00:08:19.607614,F,https://picsum.photos/640/480,26a8ed80-550b-421b-92bd-450710d38016
4ca9660b-00c6-4438-9dfe-93ed4c970f2f,79678102,Curro Sanabria,503327221,zcardona@example.com,Glorieta Óscar Ferrán 43,False,A,2025-02-07,2026-04-09,2024-11-03,2025-06-05T00:08:19.607614,O,https://dummyimage.com/640x480,5e8037e9-71d6-4a68-bd5b-815f5677fb0b
831a4a8a-3a4d-4db7-bb54-ffed65b0a4cd,16997536,Encarnita de Pedrero,245998973,iamo@example.com,Callejón de Elisa Roig 980,True,B,2024-10-31,2026-02-22,2024-08-05,2025-06-05T00:08:19.607614,O,https://dummyimage.com/640x480,559ef05e-2601-4858-812b-370aae7b6714
6491e838-92eb-40c6-b380-68e8ae112cbf,82785335,Pánfilo Ordóñez,917649755,palaciosgodofredo@example.net,Acceso de Ruth Nogueira 88 Piso 4 ,False,C,2024-06-06,2025-08-15,2024-07-13,2025-06-05T00:08:19.608615,M,https://dummyimage.com/640x480,cae72d84-2447-41d9-bd0f-c209c3d5c2be
ef3e4a26-8a21-4e75-9bf8-9cb147d21a2e,18863409,Candela Marcos,745912159,cristianmelero@example.org,Plaza de Cándido Valentín 29 Puerta 8 ,True,A,2025-05-01,2026-01-01,2024-09-22,2025-06-05T00:08:19.608615,O,https://placekitten.com/640/480,6f81cdce-f444-48ad-bcc0-b987e28e38e8
7ba41a92-3922-4332-840e-c0515d81d355,25833600,Débora Huerta-Puig,269014389,albinapaz@example.org,Pasadizo de Adelina Hervia 9 Apt. 63 ,False,C,2025-03-18,2026-01-20,2024-11-23,2025-06-05T00:08:19.608615,M,https://dummyimage.com/640x480,4ec9990f-2709-4161-943b-d636d21da809
a4fbe75b-e8e4-4764-91e4-55b1a1a58093,31680456,Efraín Armengol Jiménez,048425484,remigio47@example.com,Pasadizo de Tomasa Garay 20,True,A,2025-02-13,2026-02-18,2024-11-10,2025-06-05T00:08:19.608615,M,https://placekitten.com/640/480,97324d1f-aa3b-4f3e-8119-87e005f7deba
56f60dbd-7094-4985-a962-b7325ab7bcf3,84743799,José Manuel Alonso Villegas,094076984,pinedoeliseo@example.com,Rambla de Iker Bernal 29 Piso 3 ,True,B,2024-12-02,2025-10-11,2024-08-18,2025-06-05T00:08:19.608615,M,https://placekitten.com/640/480,43dae8a1-57fd-468a-8dfd-f570b5b1f9c4
a60d987f-7cd9-46c6-86f5-09f1ac50619a,53621937,Clotilde Gomila Silva,057613168,marta61@example.org,Acceso Chucho Ocaña 911 Apt. 55 ,True,A,2024-10-27,2025-10-23,2025-01-11,2025-06-05T00:08:19.608615,M,https://placekitten.com/640/480,4a607e6f-4b86-46e1-a29d-73393d191bc3
7742f4a1-6ac1-421b-beca-4b84f6159fee,44893729,Carmelita Segarra Collado,378955130,mlinares@example.org,Callejón Genoveva Barreda 28,True,A,2024-08-25,2025-12-19,2024-09-01,2025-06-05T00:08:19.608615,M,https://placekitten.com/640/480,8369ee32-a457-47c4-bcd0-7134c02e0993
d9e18aa9-c470-4182-bd94-b03a628aed19,40644662,Alma Losa Hidalgo,660996672,pellicerfidel@example.com,Acceso de Luís Company 89,True,C,2024-12-11,2025-08-21,2024-12-02,2025-06-05T00:08:19.608615,O,https://dummyimage.com/640x480,f34b490b-ca66-4f2d-b7b3-778b86951feb
5ac43414-94c2-45fa-8158-ab0ed0f25375,61627846,Liliana Hoyos Gil,972033384,hervasnorberto@example.org,Camino Pepita Fortuny 1 Piso 6 ,False,C,2024-07-26,2025-12-05,2025-04-16,2025-06-05T00:08:19.609613,M,https://dummyimage.com/640x480,313e74c9-c15f-48ce-9c3c-8fe0bab3dade
0a073806-95de-47e3-b9f6-d7558cf5480c,49290758,Chus Berenguer Piquer,800944564,ccalderon@example.org,Cañada Selena Quevedo 64 Puerta 7 ,True,B,2024-08-15,2025-12-11,2024-09-24,2025-06-05T00:08:19.609613,O,https://placekitten.com/640/480,359326f9-b8b7-4849-a175-f93dd72d3f5b
ed3faba3-b8d0-4697-b1fb-d1157ab1e749,58052495,Eli Menendez Jurado,372737807,borrellpiedad@example.org,Cuesta Nélida Arce 558 Apt. 41 ,True,B,2024-10-06,2025-12-27,2024-07-25,2025-06-05T00:08:19.609613,F,https://placekitten.com/640/480,d6389ad0-ce17-413c-a613-6e7f80c22557
938fb5dc-d9f6-4d6b-9ca7-b1b63288dd0a,34319430,Primitivo Vázquez-Tamarit,519537555,wramirez@example.org,Cuesta de Jacinta Solano 95 Piso 0 ,True,B,2024-08-30,2026-02-16,2024-11-12,2025-06-05T00:08:19.609613,M,https://dummyimage.com/640x480,6a74a7e0-9486-495f-a5bb-1cc7de4e769e
d41bd62e-83ad-48e2-8d3a-aceef4b57084,89000082,Candelario Llanos-Marquez,165433155,herreraiker@example.org,C. de Víctor Sureda 3,True,C,2025-03-20,2026-04-17,2025-03-22,2025-06-05T00:08:19.609613,F,https://dummyimage.com/640x480,60d7a539-4cba-4024-978f-1f385bbccd4d
678d9afb-a8af-4830-997e-f2290bde99a8,30429896,Juliana Rufina Gordillo Antón,689589251,martin32@example.com,Cuesta Rosendo Enríquez 22 Apt. 94 ,True,A,2024-10-10,2025-08-02,2024-06-30,2025-06-05T00:08:19.609613,O,https://picsum.photos/640/480,4191b578-4181-4904-8aa2-91b7c9391ea8
600a261b-310f-464c-ad39-b05187f90779,16275926,Virgilio Vargas Juárez,314495787,somozawalter@example.org,Plaza de Celia Llobet 7,False,C,2024-06-15,2025-10-14,2024-06-30,2025-06-05T00:08:19.609613,O,https://placekitten.com/640/480,a2bf5123-c769-4f09-b2a6-dea036a87357
0176f2b6-3683-4766-8099-4a32c25f99ea,75793029,Eligia Toledo Huguet,829028610,alba96@example.org,Calle Rosa María Gutierrez 72,False,C,2024-10-26,2025-12-09,2024-10-23,2025-06-05T00:08:19.610613,F,https://placekitten.com/640/480,2855ed30-46d5-4879-8e19-8bdde8e4955e
f9020e09-8362-4827-ac3b-8ce98d22c341,80525447,Coral Cobos Almagro,567174939,vazquezarmida@example.org,Acceso Wilfredo Domingo 7 Piso 8 ,False,C,2024-12-05,2026-04-25,2024-08-01,2025-06-05T00:08:19.610613,O,https://dummyimage.com/640x480,9e2081ca-8843-4d8a-a0b0-bc2425736069
0ca1c8b5-8750-4c6d-8177-6dacf3af682a,90343774,Remedios Cantón-Luque,843772744,garciacarmelita@example.net,Alameda Atilio Pagès 439 Piso 3 ,True,C,2024-12-12,2025-11-26,2025-04-27,2025-06-05T00:08:19.610613,M,https://dummyimage.com/640x480,fee75ce3-2840-4715-ad14-73aa3be68876
aeb7ab30-68db-40a5-b8db-a0e73a7cc2ba,24189721,Fito Borrego Fajardo,711053948,victor27@example.com,Alameda Aura Arjona 273,True,B,2025-01-01,2025-10-17,2025-04-15,2025-06-05T00:08:19.610613,F,https://placekitten.com/640/480,1753ae81-2aef-4944-aa85-27ba436b3c6e
fc6103ee-c47e-4759-922a-be2e428a428b,70961228,Nazaret Burgos Checa,783013208,clementejuanito@example.net,Cuesta de Marcio Niño 39 Apt. 63 ,True,B,2024-11-12,2025-10-12,2024-11-06,2025-06-05T00:08:19.610613,O,https://picsum.photos/640/480,ffb79f57-ab3d-494e-88e0-0f7ee9534aa6
72055329-2e4d-4788-913d-77f05c4a75bf,35223512,Natalio de Batlle,535814163,pinojessica@example.com,Avenida Cándido Cerro 8,False,A,2024-10-25,2025-10-31,2025-01-04,2025-06-05T00:08:19.610613,F,https://placekitten.com/640/480,786cdb53-b307-4b3e-b14e-10de302c3b70
4de87cac-033b-4245-b774-fd99d48299f8,07643497,Josefina Belda,601587184,glaucocarvajal@example.net,Cañada de Cristina Lladó 718,False,B,2024-07-25,2026-01-08,2024-11-06,2025-06-05T00:08:19.610613,F,https://picsum.photos/640/480,d96ab3b7-7e0e-4501-b44b-31c132a34bd3
b3f1cc03-aa97-4101-8a68-bbaea998c030,68826772,Mateo Ariño-Criado,439264676,martinezprimitiva@example.com,Calle de Isa Mateo 98 Apt. 61 ,True,B,2024-12-26,2025-11-14,2024-11-04,2025-06-05T00:08:19.610613,M,https://placekitten.com/640/480,91f57baa-634f-48f7-83f1-af9839669040
1a2f1db7-e07e-4f39-8f75-28111b7e3288,31775300,Albert Lucas-Arjona,584492134,pascuala02@example.net,Cuesta Nilo Carbajo 96,True,B,2024-07-25,2025-07-18,2024-06-15,2025-06-05T00:08:19.611614,M,https://dummyimage.com/640x480,775fdc56-325a-464a-9c7c-3deb15cd1886
01f1d574-0c0d-4488-96c7-8109c96113f6,20671699,Aarón Luz Campillo,853408621,tejerorosa-maria@example.org,Pasaje Tadeo Poza 57 Apt. 47 ,True,B,2024-09-22,2026-05-13,2024-09-06,2025-06-05T00:08:19.611614,F,https://picsum.photos/640/480,1afa0825-eae0-43c0-8b60-0473732076c8
8eabe881-c118-4d4d-ad68-8168e951740f,24333503,Fausto Acero,943820653,arceveronica@example.org,Cuesta de Florina Mulet 69 Puerta 4 ,True,B,2024-08-29,2025-09-06,2024-10-02,2025-06-05T00:08:19.611614,O,https://placekitten.com/640/480,f0a163c3-7b25-4e1f-ab72-faabc5039b26
1acd0882-59c4-4a9c-b326-bd9b96f4c8b2,13363125,Mercedes de Esteban,127789855,ypalomo@example.com,Acceso Caridad Álvaro 54 Piso 3 ,True,C,2025-01-28,2025-09-03,2025-02-03,2025-06-05T00:08:19.611614,F,https://picsum.photos/640/480,bee4e019-ecc8-4cab-9eb1-cd4568291c53
f6931a4d-e53e-4fdf-b105-5807aecc7507,67967277,Duilio Carbonell Herrero,660549112,dmesa@example.com,Vial Loreto Castañeda 13,False,A,2024-09-14,2026-02-27,2024-09-20,2025-06-05T00:08:19.611614,M,https://picsum.photos/640/480,635e34cf-a03e-4725-8dd7-ecbcf1809c09
445b125a-69a5-43a3-8f17-2d52e422d072,88425918,Héctor Marcos Barriga,620936152,rodolfollopis@example.org,Ronda de Nacio Baeza 88,True,C,2024-08-28,2025-10-31,2024-11-01,2025-06-05T00:08:19.611614,M,https://dummyimage.com/640x480,a2bf5123-c769-4f09-b2a6-dea036a87357
7962edad-11c3-46e2-9d02-21c320633be0,06533948,Ignacio Benavides Mínguez,952107754,roman85@example.com,Acceso de Yésica Olmo 20,True,C,2024-07-24,2026-03-26,2024-06-11,2025-06-05T00:08:19.611614,F,https://dummyimage.com/640x480,5791569d-38d9-4030-ad40-aa8b9fbd15cc
bdacbca0-4d89-4ece-b6bd-1bbe0cb7a950,66265249,Inocencio Flores-Navarrete,341126281,dominga59@example.net,Avenida Mar Vélez 262,False,C,2024-12-25,2026-03-03,2025-03-30,2025-06-05T00:08:19.612612,M,https://picsum.photos/640/480,1753ae81-2aef-4944-aa85-27ba436b3c6e
253b563e-1d05-419b-bcef-8c9cbc07c23c,49044772,María Dolores Echeverría Cabezas,683669292,vilaflorentina@example.net,Paseo Sabina Crespi 9 Puerta 4 ,False,B,2024-07-03,2025-09-10,2024-12-29,2025-06-05T00:08:19.612612,F,https://placekitten.com/640/480,211ba499-d814-468e-aa1b-c19386da803c
8c5ff440-6ce0-4369-9e63-52c2b4f9a94c,92012096,Elodia Olmedo Mur,993327770,gonzalodelgado@example.com,C. de Feliciano Cañellas 40,True,B,2025-01-29,2025-09-22,2024-12-04,2025-06-05T00:08:19.612612,F,https://picsum.photos/640/480,f0a163c3-7b25-4e1f-ab72-faabc5039b26
2ec916d8-9206-4912-bd20-e55fa9a71cb1,88053825,Jafet de España,985055632,ycrespo@example.net,Rambla de Celia Molins 37,False,A,2025-01-02,2026-01-22,2024-06-16,2025-06-05T00:08:19.612612,F,https://picsum.photos/640/480,810195da-8f81-4eb5-8540-15b843d18f0d
7bbae33d-e1e7-4747-a363-829c0fded805,74360590,Edelmiro Ortuño Gras,125469490,imolina@example.com,Calle Corona Domingo 780 Piso 7 ,True,C,2024-12-21,2025-08-02,2025-03-19,2025-06-05T00:08:19.612612,M,https://picsum.photos/640/480,ec2ea81f-e84b-4bf2-a0d4-d5e9a6bd0b03
ff751f6e-3e9a-49b1-8c43-7c5e206452b2,85980740,Julieta del Parra,565743430,qmugica@example.net,Alameda de Oriana Barco 19,True,C,2024-12-28,2026-01-16,2025-03-14,2025-06-05T00:08:19.612612,F,https://picsum.photos/640/480,82aac3de-6993-4729-8536-b25c73367ef4
1b216a45-f78b-45f8-95d3-9b03dc9c9f9b,37802516,Cornelio Lucho Marin Grau,734438830,concepcion83@example.com,Vial de Ramón Falcón 77,True,B,2025-03-22,2025-11-29,2025-04-12,2025-06-05T00:08:19.612612,F,https://picsum.photos/640/480,f1b27759-9dbc-473c-a6ab-8d4c2e132b11
ab8baf74-faaa-45af-b6bf-979f187f65ea,91725392,Fernando Sebastián Escobar,408237424,bienvenidagallo@example.net,Cuesta Abril Mena 25 Apt. 65 ,True,B,2024-11-30,2025-10-16,2025-03-28,2025-06-05T00:08:19.612612,O,https://placekitten.com/640/480,d7c0d5a3-9e87-4ef7-a649-565a79d22fc1
29b6942a-e05e-4e54-97ba-ecfd54540c40,61617475,Yago Castell-Cabezas,780856090,ulisesblasco@example.com,Vial Araceli Soler 73 Apt. 79 ,True,B,2024-11-06,2025-07-19,2024-10-06,2025-06-05T00:08:19.613614,O,https://placekitten.com/640/480,6fed4398-e805-4dfc-8af8-350ba1187ce7
bcf0f029-5548-47cf-b2a1-3c8059a88adb,68541009,Maximiliano Herberto Dominguez Aroca,361459957,valamo@example.org,Avenida Serafina Baró 9,True,C,2024-08-05,2025-09-09,2024-10-11,2025-06-05T00:08:19.613614,F,https://picsum.photos/640/480,fc11d5a3-7248-430f-a92d-a910a251e68e
a776221d-4c5d-4480-ad55-c4ae6efbdd71,94373647,Cruz Francisco Jose Guillén Acosta,906333766,dominguezflorencia@example.com,Glorieta Ruth Espada 54 Apt. 27 ,False,A,2024-09-24,2025-12-17,2024-09-08,2025-06-05T00:08:19.613614,F,https://picsum.photos/640/480,ea5e663c-b33c-4d18-a388-dceff9598f52
710fc22b-f351-4f1f-9f5c-7070c918a7b3,92786047,Ale Gisbert-Almazán,183159215,ccardenas@example.net,Calle Daniela Azorin 712 Apt. 34 ,False,A,2025-04-30,2025-11-22,2025-04-20,2025-06-05T00:08:19.613614,M,https://placekitten.com/640/480,6c729ce4-2484-4722-b114-cd862cb6e2f2
6289e595-dece-4dce-9ab8-8cf36d8074c7,58392823,Ángel Moliner Estrada,146241930,fatimacamino@example.com,Callejón de Wilfredo Alcolea 51 Apt. 74 ,True,B,2024-07-30,2025-07-28,2025-02-01,2025-06-05T00:08:19.613614,M,https://picsum.photos/640/480,3940ac26-5d3b-438a-bc04-a8745801694c
a48c9f8c-f44e-4346-9a0a-8996a99f22b7,71167441,Ani Paca Torres Valcárcel,202746251,pdominguez@example.org,Alameda de Clímaco Benavent 820,True,C,2025-04-10,2025-07-19,2025-04-19,2025-06-05T00:08:19.613614,M,https://dummyimage.com/640x480,43dae8a1-57fd-468a-8dfd-f570b5b1f9c4
2f399241-3ba8-4b00-9508-eb5382be1606,92677973,Anna Abella Antúnez,734569656,lupepina@example.com,Urbanización Cecilia Manzanares 58 Puerta 8 ,False,A,2024-10-28,2025-09-04,2025-03-09,2025-06-05T00:08:19.613614,O,https://picsum.photos/640/480,b18eec02-bd97-44e5-8ff6-8a14cc9e7bf6
a47f1c0b-ada4-4b46-9f80-3b4df0f050d9,62010353,Paloma de Miró,474330440,lramon@example.com,Callejón de Alba Caballero 66 Puerta 9 ,False,A,2024-09-25,2025-12-12,2025-04-01,2025-06-05T00:08:19.613614,F,https://dummyimage.com/640x480,2302ffd7-9fde-4272-a1f0-a03e5ad284e4
22924077-7991-499b-b10a-ab5051295ddd,48624871,Juan Pablo Amat Barrena,532085002,torrentbasilio@example.org,Calle Ileana Sola 51 Puerta 3 ,True,A,2024-11-28,2025-08-14,2024-12-21,2025-06-05T00:08:19.614612,F,https://placekitten.com/640/480,51a4a869-b4d7-44c9-bd24-f818612ebff8
e717619f-1456-4b17-a413-c64b12dd7bdf,72003862,Teresita Anselma Lladó Barral,823006824,molesleonor@example.com,Plaza de Amor Gallardo 820,True,C,2025-04-06,2025-07-23,2024-12-19,2025-06-05T00:08:19.614612,O,https://placekitten.com/640/480,64f27c09-ab72-4f96-bf71-2327f2662475
3ea89835-b843-460f-900a-3125dd427bf8,33960251,Ceferino Plácido Mena Aguirre,590394044,antonia98@example.com,Acceso de María Belén Riera 46 Piso 7 ,True,A,2025-01-23,2026-05-09,2025-04-19,2025-06-05T00:08:19.614612,F,https://placekitten.com/640/480,2302ffd7-9fde-4272-a1f0-a03e5ad284e4
cbeb47ed-ad68-4c0d-9d78-1ac3bfa75841,17946038,Claudio Hervia Lara,062153742,andresclarisa@example.com,Pasaje de Purificación Camacho 93 Puerta 0 ,False,B,2025-04-04,2025-09-19,2024-09-29,2025-06-05T00:08:19.614612,F,https://placekitten.com/640/480,70e33cf5-b109-4662-9262-4cbd45a4d0cd
ef33534a-9626-4eba-a879-1e67e4d1d48c,06505236,Pánfilo Bayo Rosales,029727361,teodorovives@example.com,Rambla Duilio Galván 94,True,A,2025-03-29,2025-12-18,2024-07-06,2025-06-05T00:08:19.614612,O,https://placekitten.com/640/480,bfa86e4a-bf2c-4657-a5a3-edb33107bccb
25502dc2-4351-46a4-9365-8ab21224093f,33998678,Griselda Merche Soriano Enríquez,624561694,graciana52@example.org,Urbanización de Julián Nebot 602 Piso 5 ,True,C,2025-02-15,2025-09-10,2024-10-09,2025-06-05T00:08:19.614612,M,https://dummyimage.com/640x480,2ad8c2fd-4258-4dd1-aff6-9b3ebc320af0
23f4cddc-6fbc-4102-a6c4-09ca7e66e747,36071665,Carlos Yuste Palomo,608807311,cobopastora@example.net,Via de Ciro Carnero 88 Piso 4 ,True,A,2025-01-21,2026-03-15,2025-04-02,2025-06-05T00:08:19.614612,O,https://picsum.photos/640/480,5cdcecb1-1af7-4552-b8d4-2a41db2f8372
63a54453-c4db-4eb6-8c74-fab644d7b20e,28089592,Julio Amando Peral Almansa,239345755,olivia48@example.net,Pasadizo Máxima Cervantes 13,True,A,2024-09-05,2026-05-02,2024-09-13,2025-06-05T00:08:19.615612,O,https://dummyimage.com/640x480,2302ffd7-9fde-4272-a1f0-a03e5ad284e4
6c27ae6c-ee38-4493-a87d-e082a35849ce,93775186,María Jesús Sosa-Céspedes,520055259,fbauza@example.org,Pasadizo de Piedad Machado 68 Piso 5 ,True,A,2025-01-15,2025-09-25,2024-07-08,2025-06-05T00:08:19.615612,F,https://dummyimage.com/640x480,513a64a6-c725-49c2-94c3-938f5ad32c00
a51cddf1-d5c9-44f7-b20d-a88b1a1f89e3,24905114,Nieves Jódar Arco,519090271,casandra77@example.com,Pasadizo Mamen Crespi 52 Piso 1 ,True,B,2025-03-27,2025-07-14,2024-06-11,2025-06-05T00:08:19.615612,M,https://picsum.photos/640/480,63de5fda-90c0-4c72-b0b2-a82e92e65117
cefff89e-6222-4079-8b5f-b4901ad8d27e,76410238,Sol Pozuelo Agustín,704017256,companyflorentino@example.org,Paseo de José Ángel Gallego 15 Apt. 67 ,True,A,2024-09-01,2026-03-21,2024-11-11,2025-06-05T00:08:19.615612,F,https://dummyimage.com/640x480,43dae8a1-57fd-468a-8dfd-f570b5b1f9c4
76867aae-7c9c-47f8-b812-6e2d0089c4d6,55573445,Erasmo Martorell Pellicer,755015871,bestrada@example.net,Urbanización Carmelo Dominguez 61,False,A,2025-02-27,2026-05-30,2025-01-19,2025-06-05T00:08:19.615612,F,https://dummyimage.com/640x480,70d573f4-c60d-4f10-b1bf-06c473782203
6cc1ca0d-85c5-41d9-8588-1635496a858d,80986498,Amaya Sedano Ropero,203329526,ggomis@example.org,Via de Domingo Perera 5 Puerta 5 ,True,C,2024-11-07,2025-11-10,2024-10-15,2025-06-05T00:08:19.616614,O,https://placekitten.com/640/480,5dc4ffbb-4321-4219-aaf9-f3719ed232cb
ca107089-25f1-40f5-ba81-670611a3bc91,63275002,Rodrigo Aliaga Arce,318252157,leocadio60@example.org,Paseo de Rómulo Bastida 7,False,B,2024-08-30,2026-06-01,2024-07-28,2025-06-05T00:08:19.616614,M,https://picsum.photos/640/480,5dc4ffbb-4321-4219-aaf9-f3719ed232cb
259fff5b-38b2-426e-9da1-2784be3c5d1b,40878435,Ambrosio Ledesma-Duque,596076237,jose-francisco51@example.net,Avenida de Cirino Piñeiro 56 Apt. 41 ,False,C,2024-10-23,2025-09-01,2024-08-22,2025-06-05T00:08:19.616614,M,https://placekitten.com/640/480,77c9947a-f83f-4b23-acd5-8f184092e720
02bfbbb2-b2d8-4660-bd55-52a56974b185,18059157,Dafne Cánovas Valdés,372066171,guillenflorentina@example.net,Plaza Eligio Manuel 82,True,A,2024-07-18,2026-02-03,2025-04-13,2025-06-05T00:08:19.616614,F,https://placekitten.com/640/480,8369ee32-a457-47c4-bcd0-7134c02e0993
38e724e0-d789-471c-8a57-b28fb4cc8587,62312200,Jordán Sanchez Vera,148588590,bonifacio32@example.org,C. Isidoro Valls 64,True,A,2024-07-18,2026-05-08,2024-11-13,2025-06-05T00:08:19.617614,F,https://dummyimage.com/640x480,2c498ddd-fdf6-4406-8e82-b4572a205946
fa95c251-01f8-494a-8d75-365500212060,24152234,Zaira Hoyos Franco,673030576,tolosaiker@example.com,Via de Rosa María Raya 58 Apt. 76 ,False,B,2024-09-22,2026-04-03,2024-07-21,2025-06-05T00:08:19.617614,O,https://dummyimage.com/640x480,87dfc384-a801-4d15-b339-6fc3c4215975
c399ceb5-ee85-453f-9f9e-58090ead1158,17341082,Gertrudis Macias Nogueira,088564571,magdalena05@example.org,Via de Elpidio Caparrós 87 Apt. 70 ,True,A,2025-01-21,2025-10-17,2024-10-10,2025-06-05T00:08:19.617614,F,https://placekitten.com/640/480,60d7a539-4cba-4024-978f-1f385bbccd4d
6a4d9004-02a1-4a79-b8d0-7341e5a0bc49,71240114,Ale Vaquero Sarabia,651176692,julieta45@example.net,Alameda Dimas Cantero 22,False,B,2025-04-13,2026-02-03,2024-07-14,2025-06-05T00:08:19.617614,O,https://picsum.photos/640/480,b867cc68-bc9a-461d-90ff-f39ccdff78ab
94cff9bc-fe69-45ef-a0d5-7fc8d3bc1f78,97638058,Jessica Belda Huerta,993998086,olivaangeles@example.net,Rambla de Emiliana Barragán 88,True,A,2025-03-04,2025-08-02,2024-11-05,2025-06-05T00:08:19.617614,O,https://placekitten.com/640/480,9826dcbf-a43c-4a8d-8310-24b038087f27
313c7624-e728-4cf5-aa50-a6c9864939ff,49010578,Pepita Carmelita Jara Perera,702610178,placidotolosa@example.net,Plaza de Eulalia Bosch 8 Puerta 3 ,True,B,2025-04-30,2025-08-04,2025-03-22,2025-06-05T00:08:19.617614,M,https://picsum.photos/640/480,a7df93bf-13e7-48ea-bd9c-393e071ebe1f
79cf02ac-fd87-41df-99d6-f6222af72515,05419301,Isidro Fuster Barral,423131514,inescanizares@example.net,Alameda Bernardo Gil 74 Piso 5 ,False,C,2024-07-10,2025-08-11,2024-08-29,2025-06-05T00:08:19.617614,M,https://dummyimage.com/640x480,ff14f17d-2121-4498-8b36-e846534577b2
6059ae99-80bf-4be5-a4b2-f5809f1e9fd6,43159818,Edu Palmer Pino,713670322,ncardenas@example.org,Plaza Rafael Cerezo 289 Apt. 14 ,True,A,2024-09-28,2026-06-02,2025-03-28,2025-06-05T00:08:19.618614,F,https://picsum.photos/640/480,f79de586-5620-45a2-beca-fe72ab2406fa
4c270078-6958-42cb-9e51-300f0de8abfe,47872346,Rosario Tania Avilés Pareja,932691589,ytovar@example.net,Camino de Amor Solsona 2,True,B,2024-10-06,2025-11-28,2024-10-31,2025-06-05T00:08:19.618614,F,https://dummyimage.com/640x480,fe785419-0c78-4bc1-a7aa-2cc6eaaf567c
02c0abd2-51d7-42c5-8298-b8d07724df10,36981978,Sebastian Manzanares-Vélez,297473492,dominga53@example.net,Pasadizo Santos Bonet 53 Apt. 39 ,True,A,2024-08-01,2025-11-14,2024-09-24,2025-06-05T00:08:19.618614,M,https://picsum.photos/640/480,68c88b9a-9e4c-46c2-9a9f-f9b852b1c254
ee08f81a-3c1d-47bf-b32f-6fe9e07e5bf1,18771597,Jenaro Jafet Iborra Garay,173347730,nazaretguardia@example.com,Camino de Saturnino Bayón 10 Piso 1 ,True,A,2025-03-22,2025-08-19,2024-08-04,2025-06-05T00:08:19.618614,O,https://dummyimage.com/640x480,47fa3bb8-3dba-4f84-b70d-5511ea7a51b5
5dc3c655-0cc1-4b0e-9515-bb12b986b46d,67621689,Vasco Cisneros Pascual,809970549,alvarezmarco@example.net,Calle de Amor Núñez 243,False,B,2024-08-18,2026-05-07,2024-09-27,2025-06-05T00:08:19.618614,O,https://dummyimage.com/640x480,c2ffeea2-9ae1-43ec-8258-51430a479c0b
4e9a8f07-6db2-4a43-adf9-f1c7adf9069d,72350515,Raúl Viña Elorza,008667430,blas87@example.net,Cañada Graciana Laguna 74,True,B,2025-04-16,2026-04-03,2025-03-30,2025-06-05T00:08:19.618614,F,https://picsum.photos/640/480,161511e7-0f2f-4569-a6eb-86adf3820449
1c932eca-266c-4f47-af3b-72693cb1a4dc,63152745,Vasco Diéguez Cortina,702755682,canellasnacio@example.net,Paseo Teodoro Borrell 81,False,A,2025-01-07,2025-12-31,2025-04-05,2025-06-05T00:08:19.619613,O,https://placekitten.com/640/480,dd2908f0-43ca-459f-9bd2-8c6791b97d77
8aee15bf-80aa-422c-8103-9a6b85fba676,34028067,Anna Hoyos Pulido,922431753,hsalcedo@example.net,Urbanización Berta Arnaiz 43,False,C,2024-06-27,2025-10-06,2024-06-26,2025-06-05T00:08:19.619613,F,https://placekitten.com/640/480,bcf3e07b-2e21-41be-9af7-d2e5f486165f
2cdf863d-5a8d-4adf-9de8-1aa884773ebd,78415386,Eligia Francisco Atienza,468186721,inmaculadasegovia@example.net,Cañada de Samu Dalmau 65,False,C,2024-10-25,2026-01-01,2024-06-24,2025-06-05T00:08:19.619613,F,https://placekitten.com/640/480,26358019-2575-4fa2-9887-6fb4f7774e47
58b823cc-5209-4694-a028-819497665dd5,91805399,Candelas de Maldonado,660316068,amarilisplana@example.net,Callejón Américo Almazán 703 Puerta 6 ,True,B,2024-11-28,2026-03-16,2024-08-15,2025-06-05T00:08:19.619613,M,https://dummyimage.com/640x480,559ef05e-2601-4858-812b-370aae7b6714
637257a2-76b1-4749-b289-0286e2e91b44,62630515,Ale Figueroa,404834929,figuerolamiguela@example.org,Ronda Dan Julián 30,True,C,2024-07-22,2025-08-14,2024-09-16,2025-06-05T00:08:19.619613,M,https://dummyimage.com/640x480,e1c534c2-7c5c-4879-97f9-2a2227f761c8
146bec4e-19e7-442b-b247-838052e6ac8c,13974207,Trini Marisela Arjona Duque,404316266,mcampoy@example.org,Avenida Adora Torrents 5,True,C,2024-06-08,2025-10-12,2024-07-17,2025-06-05T00:08:19.619613,O,https://dummyimage.com/640x480,37245c6f-e2e8-4fa8-9f99-f53143a4ee3d
e7f9a524-3586-4d30-a74b-b62acb13f339,44968696,Diana Bienvenida Calvet Gonzalez,583256465,rosario14@example.org,Urbanización de Telmo Muro 2,True,B,2024-11-15,2025-07-07,2025-03-22,2025-06-05T00:08:19.620613,F,https://placekitten.com/640/480,a4042a3a-6ef2-4bf2-b599-a4fd4e8ce317
6ce87fae-289a-4139-a85a-cf6e37abb774,07790267,María José Blanch Quero,306975265,nazaret44@example.com,Plaza Fanny Juan 634,True,C,2024-06-11,2026-02-12,2025-01-13,2025-06-05T00:08:19.620613,F,https://dummyimage.com/640x480,f34b490b-ca66-4f2d-b7b3-778b86951feb
528cd98b-7612-4689-832c-46dfa4df7678,00521678,Rita Bustamante Machado,858444068,joaquinasabater@example.net,Plaza de Lupita Carrillo 63,True,C,2024-06-18,2026-02-17,2024-06-26,2025-06-05T00:08:19.620613,F,https://dummyimage.com/640x480,1c3f563c-6146-4feb-bd76-4d93225a2ce7
a8d24a65-6f91-4749-b95f-347387733b7a,94249165,Nicolás Requena Barco,230780070,feijooalondra@example.com,Cañada de Ángel Nogueira 33,True,C,2024-09-12,2025-09-30,2025-01-09,2025-06-05T00:08:19.620613,F,https://picsum.photos/640/480,497349d1-0102-47bf-8a33-25c239530ea5
dda162e9-226b-4329-ba23-bc85fc6ce0c3,28807263,Florencio Oliva Mendoza,810197643,feliudorotea@example.com,Calle Elba Olmedo 68 Apt. 43 ,True,A,2024-12-29,2025-10-05,2024-08-25,2025-06-05T00:08:19.620613,O,https://picsum.photos/640/480,1881e4cd-7c8d-4a25-a4eb-2574558dc79f
a066b729-c3dc-4aa8-85d9-6179dcd909b3,47482450,Herberto Espinosa Pérez,385787367,felias@example.com,Cañada de Alexandra Bueno 88,True,C,2025-04-19,2025-10-25,2024-09-18,2025-06-05T00:08:19.620613,F,https://dummyimage.com/640x480,d2a4a449-9a1c-43ea-8f0e-89fd2177d4a5
449fa04b-de16-4c35-98f3-5ac64c49d2b6,64695670,Edmundo Ramis Juan,700448750,lina91@example.net,Cuesta Calixta Coello 47,True,C,2024-09-24,2025-09-06,2024-10-10,2025-06-05T00:08:19.620613,M,https://dummyimage.com/640x480,497349d1-0102-47bf-8a33-25c239530ea5
cee8d58a-52a1-47aa-877f-501462499843,13810666,Luz Tovar-Franch,497689065,deliaescalona@example.com,Rambla de Florina Oliveras 708,True,C,2025-04-01,2026-03-01,2025-02-19,2025-06-05T00:08:19.620613,M,https://dummyimage.com/640x480,f725ef4a-1361-421f-b5c8-351e088499e7
821917b5-cef8-43a5-8023-3c760b999d14,85369454,Roque Valle Pintor,531451439,nuria39@example.com,Glorieta Isaías Baró 72 Puerta 8 ,True,B,2024-10-17,2026-05-11,2025-01-13,2025-06-05T00:08:19.621613,O,https://dummyimage.com/640x480,e98eafeb-cc5b-4f23-8804-77a9fe1357e3
7de6b06a-3469-45ec-aa66-c9412affebb5,75152445,Severino Hilario Coello Atienza,565540961,giltorrens@example.org,Alameda de Amílcar Barreda 402,True,A,2024-12-02,2025-10-25,2025-02-28,2025-06-05T00:08:19.621613,F,https://dummyimage.com/640x480,a4042a3a-6ef2-4bf2-b599-a4fd4e8ce317
0f0b3a4c-e54a-4320-b834-d419dd665db6,73510106,Belén de Rocha,098426234,pastor79@example.net,Callejón de Evaristo Barrera 8 Piso 2 ,True,C,2024-09-05,2026-05-26,2024-07-30,2025-06-05T00:08:19.621613,F,https://picsum.photos/640/480,4fd1d128-a869-428b-b219-bfbe0f301bee
546b9342-a3a6-4ed7-abd2-fb37c7de236f,21322389,Quirino Ballesteros Arcos,210957352,nduran@example.net,C. Jimena Sanjuan 95,True,B,2024-11-17,2025-09-02,2024-10-09,2025-06-05T00:08:19.621613,M,https://placekitten.com/640/480,af7f1481-56f8-404d-9cc9-9c4127de250e
e5ab9e25-987f-429b-b607-83112a9427b1,98931967,Diana Agullo Verdú,068536994,reyna49@example.org,Plaza de Alberto Valentín 32 Piso 8 ,True,A,2024-10-11,2025-09-20,2024-09-05,2025-06-05T00:08:19.621613,F,https://picsum.photos/640/480,43dbdb80-f4a0-4b83-816e-1b268de94d65
29cf8404-1600-44d2-aacd-217be56c19c2,71425119,Jennifer Gimeno Cornejo,547282813,galvezsigfrido@example.org,Urbanización Jacinta Montero 23,True,B,2024-11-08,2025-11-24,2024-11-25,2025-06-05T00:08:19.621613,M,https://picsum.photos/640/480,f34b490b-ca66-4f2d-b7b3-778b86951feb
388751a6-5392-439a-97db-ae675cbae5de,84773800,Anselmo Franco-Gabaldón,372262496,priera@example.net,Camino de Eligia Mayol 94,False,C,2024-06-10,2025-10-31,2024-12-03,2025-06-05T00:08:19.621613,M,https://dummyimage.com/640x480,c2ffeea2-9ae1-43ec-8258-51430a479c0b
fcff3b5f-b32a-4c55-bc1c-bb7881144814,57256823,Ruperto Ramón Folch,060414510,esmeralda63@example.org,Acceso Viviana Quintero 15,True,C,2025-03-16,2025-10-14,2024-09-27,2025-06-05T00:08:19.622614,M,https://placekitten.com/640/480,c2a7be29-5088-4402-a4ce-9a1b2bbf7ff5
64062a7e-1c2a-4afc-8e4b-8078fedb750f,10452692,Calixta Melero Vives,971286205,adeliabarcena@example.org,Cañada Hugo Giner 99,True,C,2025-04-03,2026-01-16,2025-04-29,2025-06-05T00:08:19.622614,O,https://dummyimage.com/640x480,0190be6c-bcc5-4c09-b46d-e3fc91706dfe
c5463608-cd34-40ee-9877-b435ef9fa3d2,73176343,María Pilar Baños,448267039,modestopelayo@example.net,Urbanización de Marcia Pombo 4 Puerta 9 ,False,B,2025-04-07,2025-11-12,2024-10-22,2025-06-05T00:08:19.622614,O,https://picsum.photos/640/480,4c127780-0df5-4b8d-b03c-b0ef3885b3bf
07c64d37-5247-4157-8b83-49d1e96a021b,89582903,Esteban del Tovar,585728341,loretoriquelme@example.org,Glorieta de Josep Navarro 21,True,B,2025-02-06,2025-10-30,2025-01-26,2025-06-05T00:08:19.622614,F,https://placekitten.com/640/480,b75dc761-d43d-411a-8c59-eb6861403b40
bb618f42-38a9-4c97-96d8-a5449d28b711,72822666,Manuel Noguera-Rey,303525950,itur@example.org,Acceso Delia Barbero 41 Piso 7 ,True,A,2025-02-18,2026-03-21,2024-10-27,2025-06-05T00:08:19.622614,O,https://picsum.photos/640/480,2aa21b82-d67d-470d-bee8-30a139eab0e5
9f3070ac-a7bc-4659-9532-18c236847813,20512634,Albano Lucena,712850468,ealeman@example.com,Acceso de Fabricio Arcos 6,True,A,2025-03-09,2026-02-25,2024-06-30,2025-06-05T00:08:19.622614,M,https://placekitten.com/640/480,645067ab-7f47-43d9-a1fb-2fc26e734a8a
5f6913b7-66c0-43e2-9fd2-c011f88fd8b6,60742633,Che Niño Morell,047544457,arocaalejo@example.com,Paseo de Felicia Raya 4 Apt. 57 ,False,C,2024-12-08,2025-12-11,2024-09-07,2025-06-05T00:08:19.622614,M,https://dummyimage.com/640x480,69d30068-3f2e-459c-bcc7-87b64c930d96
87825eaa-1d52-486f-92c9-5c1f26c9768e,46016342,Macarena Carbó Garmendia,177669887,octavio70@example.org,Ronda de Bernardino Mayol 51 Puerta 6 ,True,A,2024-11-08,2025-10-30,2025-03-22,2025-06-05T00:08:19.622614,F,https://placekitten.com/640/480,6a727750-f5ec-4342-8b03-07a0df3c39b9
1dc288ce-9099-4855-bfcd-d9ed9231d6d9,61239357,Hernando Jaén Yáñez,998470739,mohamedesteve@example.com,Cañada de Benita Perea 3 Piso 2 ,True,C,2024-09-28,2026-04-11,2024-06-11,2025-06-05T00:08:19.623613,M,https://placekitten.com/640/480,3d12d450-ab72-4396-ae4d-7b4b48ed54aa
78854536-d077-4a79-a0ad-9860555518ac,70857855,Dionisia Hierro Alba,396897411,onofrearanda@example.org,Ronda de Balduino Amo 23 Puerta 1 ,True,A,2025-04-29,2025-12-09,2025-04-09,2025-06-05T00:08:19.623613,M,https://dummyimage.com/640x480,68c88b9a-9e4c-46c2-9a9f-f9b852b1c254
d622bce0-75a4-469f-921e-e3421d636fc3,03071939,Máxima Roldan Torrens,035618075,serafinacastell@example.org,Glorieta Zacarías Menendez 676,True,A,2024-07-02,2025-12-14,2024-11-15,2025-06-05T00:08:19.623613,O,https://dummyimage.com/640x480,4c127780-0df5-4b8d-b03c-b0ef3885b3bf
d9ebfb4b-ef97-4b1b-9c8a-7ac4200a4779,51824693,Angelita Pont Segarra,505078113,jose-antonioarmengol@example.net,Rambla Cipriano Costa 4,True,C,2024-11-16,2026-01-01,2024-10-09,2025-06-05T00:08:19.623613,F,https://placekitten.com/640/480,76f357e4-dd08-44d5-83c5-5cb881882de7
e72f75d0-dbab-4321-aed4-1f9da357fb2a,99254162,Amaro Domingo Morera,065391874,emilia63@example.org,Camino Haroldo Becerra 2 Piso 6 ,False,A,2025-05-05,2026-01-29,2025-03-18,2025-06-05T00:08:19.623613,O,https://dummyimage.com/640x480,837fef48-f3af-41fc-af54-4677427a66b8
1a3b070c-16a9-4f81-bad9-28cf331c4312,55370615,Judith del Carmona,963735782,qredondo@example.net,Urbanización de Esperanza Villena 84,True,B,2024-10-15,2026-03-26,2024-08-07,2025-06-05T00:08:19.623613,F,https://placekitten.com/640/480,0e8a54be-99b9-4456-86ad-194c07c1fd12
e4369130-f369-42e0-a9eb-cc6237957172,28994712,Jorge Cantero Ballester,773477579,cristianbarbera@example.net,Pasaje de Che Riquelme 446 Piso 0 ,True,C,2024-07-14,2026-01-20,2025-01-15,2025-06-05T00:08:19.623613,M,https://dummyimage.com/640x480,70d573f4-c60d-4f10-b1bf-06c473782203
711dc751-e740-490d-8423-f49b00d16545,01493973,Sebastián Coloma,193272498,vruiz@example.org,Plaza de Eutropio Tejedor 1 Piso 2 ,False,C,2024-10-30,2026-05-28,2024-06-09,2025-06-05T00:08:19.624613,O,https://picsum.photos/640/480,47fa3bb8-3dba-4f84-b70d-5511ea7a51b5
e0c4d235-2eea-44ca-809a-d61ab5f9ecd4,12180435,Liliana Morillo-Duran,743056145,marisela25@example.com,Glorieta de Ana Sofía Llobet 52 Piso 6 ,False,A,2025-04-10,2025-10-24,2025-03-27,2025-06-05T00:08:19.624613,O,https://placekitten.com/640/480,e1fd5b85-b84b-434e-b073-de1d9c81bf25
3a373e60-5342-4842-819d-d30ffd870eff,74397649,Ester Vilalta Mármol,034193268,duquecustodia@example.com,Cañada Pacífica Mur 76,True,A,2024-11-25,2026-05-29,2025-04-14,2025-06-05T00:08:19.624613,O,https://picsum.photos/640/480,5cdcecb1-1af7-4552-b8d4-2a41db2f8372
7e5a31cb-53ca-47ea-892e-2ba782340b1f,57273639,Jose Antonio Valera Corbacho,424822449,roviraamaya@example.org,Pasadizo Diego Carvajal 19 Piso 9 ,True,B,2025-02-21,2025-09-27,2025-02-04,2025-06-05T00:08:19.624613,O,https://placekitten.com/640/480,fe0ed0da-2411-450b-85a1-dd7ef077564c
a7e65ec3-0521-4e8c-8c97-73ea8f76fd52,22335889,Carla Mateo Trujillo,706524623,candidabarros@example.com,Glorieta Ceferino Medina 93,True,C,2024-10-16,2025-07-07,2025-05-01,2025-06-05T00:08:19.624613,M,https://dummyimage.com/640x480,958a96fd-df1c-4b2f-af15-eee3f985ede5
5a6ccb63-cd0e-4540-ab5a-fc7ff867ccd6,70211975,Elba Osuna,712586360,rosafernanda@example.net,Avenida Félix Carreño 44 Apt. 29 ,True,A,2024-06-08,2025-12-09,2024-08-19,2025-06-05T00:08:19.625613,F,https://dummyimage.com/640x480,54227fb2-eabe-407b-bafa-475233c6572b
3b187d7d-ac7c-41b9-8614-65ee6362990a,56571535,Bienvenida Barceló,275918053,eugenia66@example.org,Pasaje de Armida Moraleda 50 Apt. 24 ,False,A,2024-07-23,2026-01-01,2024-11-02,2025-06-05T00:08:19.625613,F,https://dummyimage.com/640x480,f69b60e3-74d4-4f0b-be06-9ff54d84a66d
52385330-8d86-4836-810f-14911e60c3e9,72954278,Cesar del Bueno,437868975,quiqueluque@example.com,Cañada de Bartolomé Luna 632 Piso 1 ,False,B,2024-08-27,2026-04-14,2024-06-05,2025-06-05T00:08:19.625613,O,https://dummyimage.com/640x480,4086ce7b-6943-4ff7-bc1b-94a7039ea50c
90b1dc32-f071-4604-9bd9-d0a168aa1659,62619702,María Cristina Duarte Arranz,382313665,larranagaafrica@example.org,Glorieta de Calisto Naranjo 48,False,B,2025-04-09,2025-09-24,2025-02-05,2025-06-05T00:08:19.625613,F,https://dummyimage.com/640x480,166ffb4e-3dc0-455c-b782-8abf26479433
00a5d5ad-1286-4276-b972-670021b942c6,68544128,Porfirio de Yuste,940035098,eleuterionoriega@example.org,Ronda de Miguel Carrión 674,True,B,2025-03-29,2025-09-28,2024-06-11,2025-06-05T00:08:19.625613,O,https://placekitten.com/640/480,e904e160-2a60-4bbc-af99-78980c050b1f
1213338e-0f6d-4f87-979c-85e3e4f9cd72,95979449,Jose Antonio Arroyo-Arenas,458908062,manola02@example.net,Camino Fátima Pi 60 Piso 2 ,False,C,2025-02-02,2026-04-13,2024-11-26,2025-06-05T00:08:19.625613,O,https://dummyimage.com/640x480,98e6f282-ee6f-4552-b926-8bedc9277e14
4968aed0-0c36-47f3-9729-cbe29a330de3,88834528,José Abellán Farré,982608718,qalmagro@example.net,Ronda Alonso Capdevila 61 Piso 2 ,False,B,2025-01-22,2025-09-28,2024-10-26,2025-06-05T00:08:19.625613,M,https://picsum.photos/640/480,6fed4398-e805-4dfc-8af8-350ba1187ce7
8ec9a348-761e-44df-b11f-87cc6617fd59,39921218,Humberto Mauricio Marco Bou,177878996,boixobdulia@example.net,Cuesta de Feliciana Alcántara 65,True,B,2024-12-02,2025-12-13,2025-04-25,2025-06-05T00:08:19.626613,M,https://placekitten.com/640/480,27d13881-ee33-46a7-bd9f-6a8e9a082c96
85080ead-2969-421f-916d-825af61fb89e,02150087,Palmira Benavides Guillén,266567254,amariscal@example.net,Cuesta de María Belén Benavente 87 Piso 2 ,True,B,2024-07-16,2025-07-23,2024-09-15,2025-06-05T00:08:19.626613,O,https://dummyimage.com/640x480,d123b1eb-a154-49a8-9983-3134533db388
1ef1f495-1616-4a38-9474-147f0adc9cbc,54306534,Rosalina Alegre Real,202664760,rossellomaria-jose@example.com,Calle Diego Elorza 45 Puerta 6 ,False,B,2024-07-13,2026-04-05,2025-02-19,2025-06-05T00:08:19.626613,O,https://picsum.photos/640/480,4a607e6f-4b86-46e1-a29d-73393d191bc3
b5c4b6f5-5a49-4c82-9c89-578029ef4f45,10404940,Cristina Sans Pascual,161135175,maxi71@example.org,Plaza Andrés Felipe Montenegro 99,False,C,2025-02-12,2026-02-05,2024-07-13,2025-06-05T00:08:19.626613,F,https://placekitten.com/640/480,e1cd2056-ddc1-4203-9d6d-911eee509c13
37b48fb7-1f2b-478c-bffe-df6c65839a04,16394138,Gema Hortensia Piñeiro Carro,890584931,graciapelayo@example.net,Urbanización de Lope Palomo 51 Piso 8 ,True,A,2025-02-16,2026-02-12,2024-08-31,2025-06-05T00:08:19.627614,O,https://placekitten.com/640/480,a193acd6-7ce0-4d77-9fc5-259d9a80c79a
674e2120-dc4b-4d12-95e3-667cc82e6249,52059814,Ignacia Machado Madrid,733892643,kpol@example.com,Vial Santos Batlle 11 Apt. 85 ,True,A,2024-12-04,2026-03-21,2024-06-10,2025-06-05T00:08:19.627614,M,https://dummyimage.com/640x480,342d1d68-52bd-4301-840e-40702f66d9b0
09ef8a52-420f-48c3-b4aa-5095f350a48a,71475154,Abigaíl Tomas,458828851,vatienza@example.net,Via de Maxi Gallo 2,True,C,2025-03-15,2025-07-08,2025-05-04,2025-06-05T00:08:19.627614,F,https://dummyimage.com/640x480,e1082cf1-0930-40d9-8249-a861364bdac4
866ea9d4-a2ef-4beb-a065-e2419ae5a38b,30035315,Teodoro Ochoa Miralles,514512094,lujanjulio@example.org,Glorieta de Lorenzo Izaguirre 31 Puerta 7 ,True,B,2024-11-26,2025-10-16,2024-11-27,2025-06-05T00:08:19.627614,M,https://placekitten.com/640/480,8235396e-34cc-4f97-9ad0-be60ffa29aaf
f6a30010-e562-4e86-8870-7f0413ce5a03,76132536,Luciano Gárate Cerezo,256721930,lupe21@example.com,Camino Reina Amor 3 Apt. 66 ,True,A,2025-03-28,2025-08-01,2025-04-09,2025-06-05T00:08:19.627614,M,https://placekitten.com/640/480,89aa59de-c742-4c9d-b70b-9d84775118ef
8f461770-f78f-4a5a-86d1-436d861e6b17,34116002,Juan Pablo Pont Agudo,804153217,eligia24@example.com,Rambla Agapito Galán 413,False,C,2024-09-10,2025-08-08,2025-04-23,2025-06-05T00:08:19.627614,F,https://picsum.photos/640/480,97334f1d-e559-45c4-ae39-a75e2f055687
0f5ef671-6fb6-4add-b7f8-b42711a277e7,58888694,Vidal Ayala Piña,964617012,zgarces@example.com,Glorieta Severiano Guardia 483 Piso 9 ,True,C,2025-02-04,2026-03-18,2025-02-11,2025-06-05T00:08:19.627614,O,https://picsum.photos/640/480,a059aa7d-5870-447e-85a5-a962d1ef0176
8d88129c-1e5e-421f-bd39-76bd10fa6018,07871671,Reinaldo Ángel Molina Carmona,425635268,pastorgaliano@example.com,Glorieta de Herminio Escalona 4,True,C,2024-11-01,2026-03-24,2025-04-14,2025-06-05T00:08:19.628615,M,https://placekitten.com/640/480,71ac6874-0963-450f-9c9f-44d865459c3e
0fc49ce7-0f8b-466f-a1f0-2c605e11b1b8,86654988,Jacinto Gisbert Alcalá,740413547,desideriosantamaria@example.net,C. de Leire Carreño 5 Apt. 16 ,False,C,2024-07-26,2025-11-05,2024-09-15,2025-06-05T00:08:19.628615,O,https://picsum.photos/640/480,fd65324e-77e0-4b17-a69d-dfc55b4c13c5
fcbbe318-e21b-47a7-a4e4-4e38cf78e580,20860832,Feliciano de Aguiló,107826252,nicolasgarate@example.net,Pasadizo de Rosalinda Romero 6,True,B,2024-07-05,2025-08-06,2024-09-04,2025-06-05T00:08:19.628615,O,https://picsum.photos/640/480,cae72d84-2447-41d9-bd0f-c209c3d5c2be
244e248b-793d-42da-95cb-ca05774517df,49628282,Herberto Miralles Vizcaíno,692757328,gayllon@example.net,C. Lupe Julián 608,False,C,2024-06-13,2025-07-15,2024-12-26,2025-06-05T00:08:19.628615,M,https://dummyimage.com/640x480,0190be6c-bcc5-4c09-b46d-e3fc91706dfe
901171f7-1dd7-4fd9-af04-6549d667052d,10645271,Leocadia Moll Urrutia,398951423,patinovictoriano@example.net,Pasaje de Gustavo Camino 35,True,B,2025-01-28,2026-05-09,2024-08-03,2025-06-05T00:08:19.628615,M,https://picsum.photos/640/480,f725ef4a-1361-421f-b5c8-351e088499e7
c05368a6-845b-47a7-b7b5-127763ac74ba,35921570,Pía María Luisa Puerta Espinosa,439578542,mascaropascuala@example.org,Ronda Calixta Prat 418,True,B,2025-03-08,2026-04-27,2025-01-13,2025-06-05T00:08:19.628615,M,https://dummyimage.com/640x480,3983c8a7-6165-413f-b567-7063f508c17c
3ce29ed0-b241-4e0e-a977-e9f5b84445af,69505111,Agustín Sandalio Rosell Mariscal,268176582,reyesfiol@example.org,C. de Sarita Beltrán 59,True,B,2024-08-15,2026-03-02,2024-11-09,2025-06-05T00:08:19.628615,O,https://dummyimage.com/640x480,824658e2-b1e0-438d-9860-afb580e69ac8
617514d1-4aa3-4706-93c7-eec5f91da38e,05158770,Abigaíl Carbajo,808169480,sierrasandalio@example.org,Ronda de Ángeles Mancebo 19,True,A,2025-04-16,2025-10-10,2024-09-09,2025-06-05T00:08:19.629614,M,https://picsum.photos/640/480,8c2e21f3-658c-4d23-9285-728d9d383e78
4a89fdb1-a2db-49f8-a6d9-4d599ecd1d67,46147923,Amando Ruiz Vilar,790400651,valbuenaepifanio@example.com,Camino de Bibiana Arenas 627 Piso 3 ,True,A,2024-11-05,2026-04-30,2025-04-10,2025-06-05T00:08:19.629614,O,https://placekitten.com/640/480,70d573f4-c60d-4f10-b1bf-06c473782203
7dcee96f-844a-4bb2-9d93-a05df775f11a,23299680,Américo Bru Cabanillas,402799460,marcianosuarez@example.com,Glorieta Florencia Gargallo 6 Piso 2 ,True,B,2024-12-29,2025-10-26,2024-12-26,2025-06-05T00:08:19.629614,M,https://picsum.photos/640/480,342d1d68-52bd-4301-840e-40702f66d9b0
39919182-d244-41a1-b9f0-d1d003658984,76755247,Carlos Arenas Diaz,938769382,zbarriga@example.org,Camino de Alfredo Armengol 5,False,B,2025-02-03,2025-09-13,2024-06-09,2025-06-05T00:08:19.629614,F,https://placekitten.com/640/480,45473c0d-fd92-4c53-8362-41e73a7101d4
79e4c2e6-c2fd-4b8f-a8b3-036862d0f39a,31670237,Camila Garay Simó,019764844,castrillonicanor@example.org,Vial de Ernesto Mendez 931 Puerta 3 ,True,A,2024-11-12,2026-03-24,2025-01-07,2025-06-05T00:08:19.629614,O,https://placekitten.com/640/480,fd29009a-1ab9-48e6-953b-188f32ca2f12
35222c34-7e79-4892-9eb2-2b61d0f3a837,62728242,Martirio Francisca Arranz Pinilla,368564321,jodarflavia@example.com,Cuesta de Francisco Javier Borja 298,True,A,2025-02-01,2025-10-14,2024-11-17,2025-06-05T00:08:19.630612,M,https://picsum.photos/640/480,fdafe91c-3460-4edf-828e-c6e65fa44856
b5c8ed6f-9516-481c-923d-160b646192a5,51227793,Serafina Abad-Páez,232025393,llanosmayte@example.com,Plaza de Brunilda Jerez 76,True,B,2024-10-30,2025-11-15,2024-12-14,2025-06-05T00:08:19.630612,O,https://picsum.photos/640/480,89727002-13c5-4dcd-9082-bec29c92e697
69f2e061-8bf1-4321-9bac-9e1344b9f529,67790129,Florencio Macías Jover,298123788,enrique01@example.net,Pasadizo Omar Cuéllar 90,False,A,2024-11-06,2025-11-12,2024-10-28,2025-06-05T00:08:19.630612,M,https://picsum.photos/640/480,e98eafeb-cc5b-4f23-8804-77a9fe1357e3
210023f8-245f-4d63-bf6b-4e66a645d033,92580381,Atilio Gordillo Salcedo,357426299,qbarrera@example.net,Cañada de Carolina Quirós 17 Piso 2 ,True,A,2025-02-22,2026-04-01,2025-01-23,2025-06-05T00:08:19.630612,F,https://placekitten.com/640/480,c9ab4321-4ab1-4244-bbd8-f78dd68e16fa
c956a020-9d84-497f-92e1-942de219c6c6,51965695,Teófila Plana Andrés,528791574,purificacion34@example.net,Cuesta Anselma Barrera 5,True,A,2024-07-25,2026-03-20,2024-07-24,2025-06-05T00:08:19.630612,M,https://placekitten.com/640/480,786cdb53-b307-4b3e-b14e-10de302c3b70
3e933f1f-dc84-47d1-998a-f900d62832fa,74148917,Rosendo del Oliveras,266548646,cazorlaquique@example.com,Via Eloísa Talavera 50 Apt. 42 ,True,B,2025-01-01,2026-01-13,2025-04-05,2025-06-05T00:08:19.630612,O,https://placekitten.com/640/480,d6c39a50-474c-4461-9ad0-ccf7b5956aa7
7eda0d3b-55b7-4b80-8ec5-418c0c14b66a,23815506,Ricarda Agustí Enríquez,033728592,maria-manuela51@example.com,Avenida de Valero Galan 51 Puerta 5 ,False,B,2025-01-14,2025-08-23,2025-03-05,2025-06-05T00:08:19.630612,F,https://dummyimage.com/640x480,161511e7-0f2f-4569-a6eb-86adf3820449
b6481879-d630-4510-bdf4-dc364f3a3dd4,77881706,Cosme Coca Feijoo,221606348,romulo67@example.org,Plaza Clímaco Valencia 32 Piso 6 ,True,B,2024-06-26,2026-01-18,2025-04-07,2025-06-05T00:08:19.631613,M,https://picsum.photos/640/480,43b471cb-71e8-42ad-8ef5-6c0501933f44
d88c0d1e-b7da-4685-a6ae-15e999941bec,46746803,Odalis Pino Arana,947250189,sgrau@example.org,Alameda Bonifacio Cuevas 23,True,C,2025-03-12,2026-05-31,2025-05-05,2025-06-05T00:08:19.631613,M,https://placekitten.com/640/480,63de5fda-90c0-4c72-b0b2-a82e92e65117
7a9dce4b-faf7-4f2c-a70f-61d43f54c8b7,48785190,Simón Conrado Abad Mora,712934521,barco@example.org,Avenida Iker Cabañas 82,True,C,2024-09-16,2026-05-11,2025-03-18,2025-06-05T00:08:19.631613,M,https://dummyimage.com/640x480,2aa21b82-d67d-470d-bee8-30a139eab0e5
18059ca5-e484-41bd-a77e-be382fa5720d,74057203,Victoria Badía-Casanovas,002303204,benitoparejo@example.net,Glorieta Custodia Villalobos 9 Piso 5 ,True,B,2025-03-05,2025-07-23,2024-06-25,2025-06-05T00:08:19.631613,O,https://dummyimage.com/640x480,a9ecb8c3-40d0-4761-8773-93f5fa62ab9e
906ab26a-a54c-48e3-af3f-fcecf9cd7e23,95734982,Nilo Iglesias Vergara,649925863,leocadiacabezas@example.net,Cuesta Damián Colomer 17,True,B,2025-05-04,2026-04-02,2024-12-12,2025-06-05T00:08:19.631613,F,https://placekitten.com/640/480,a059aa7d-5870-447e-85a5-a962d1ef0176
a9f8ba88-04f6-46b4-8d83-74306e382680,65563276,Pepito Alcalde Adán,482373236,vinasruben@example.net,Glorieta de Jenaro Herranz 16,False,C,2024-08-10,2026-01-03,2025-02-26,2025-06-05T00:08:19.631613,O,https://placekitten.com/640/480,97334f1d-e559-45c4-ae39-a75e2f055687
4dcb4463-b037-4cb9-8257-630e0c757926,96929021,Silvestre Erasmo Diego Barriga,667739242,kdaza@example.com,Alameda Teo Oliver 633,True,A,2024-11-16,2025-09-16,2025-01-04,2025-06-05T00:08:19.631613,O,https://placekitten.com/640/480,63de5fda-90c0-4c72-b0b2-a82e92e65117
b56997f1-84e1-4f6d-97b4-6154e1b3876d,89370828,Dafne León,001436628,beatrizpintor@example.net,Cuesta de Sara Aliaga 37 Puerta 2 ,True,C,2025-02-14,2025-12-23,2025-02-20,2025-06-05T00:08:19.632614,M,https://dummyimage.com/640x480,161511e7-0f2f-4569-a6eb-86adf3820449
fa501014-7915-41b9-ab5f-3716160ece0c,56970430,Benito Jódar Escalona,237850926,avillaverde@example.net,Camino Tomasa Múgica 46 Puerta 6 ,True,B,2024-08-30,2025-08-27,2024-06-27,2025-06-05T00:08:19.632614,F,https://dummyimage.com/640x480,e1c534c2-7c5c-4879-97f9-2a2227f761c8
26d2f7ed-4e80-49d9-967d-2ae60a52238c,14847913,Aurelia Diaz Lluch,356422414,luciana41@example.com,Paseo de Nuria Cuesta 59,False,A,2024-12-24,2026-04-13,2025-02-05,2025-06-05T00:08:19.632614,O,https://picsum.photos/640/480,a2bf5123-c769-4f09-b2a6-dea036a87357
06d7a008-58b5-4c20-a167-2f5d3eb24f49,78249378,Elisabet Guardiola Borrás,869457048,rsalcedo@example.net,Urbanización de Pía Diego 45,True,A,2024-06-18,2025-09-14,2025-05-01,2025-06-05T00:08:19.632614,O,https://placekitten.com/640/480,a4e35730-eb2f-4717-b7a6-22eb355364ab
8400d0c3-7310-42c2-97a8-7d4aa16d7f08,07580760,Jacobo Zabaleta Amador,730434812,montanaagustin@example.org,Ronda Esteban Romero 44,True,C,2024-10-18,2025-09-16,2024-06-12,2025-06-05T00:08:19.632614,F,https://picsum.photos/640/480,c27d113d-959d-4496-a042-d71fa91c3239
1143428e-c275-464d-8fef-c09a73727138,35624956,Maura Cuéllar Saavedra,569517445,rosalva04@example.com,Acceso de Victoriano Agustí 88,True,A,2024-09-19,2026-03-02,2025-04-27,2025-06-05T00:08:19.632614,M,https://picsum.photos/640/480,2ecaeba2-332c-481f-9716-3b9136629b48
980525d1-740b-4004-b77c-46a415ce5830,57938393,Ligia Sureda Carbonell,873811248,agustialexandra@example.com,C. Damián Riba 27,True,C,2024-06-19,2025-09-15,2024-08-18,2025-06-05T00:08:19.632614,F,https://placekitten.com/640/480,2dc94ea2-f40d-4c31-a9f6-1b2858520766
958ac015-0b8b-4a71-9449-684e3f4fb855,49623625,Josefa Cardona-Valverde,781150471,rodaenrique@example.com,Pasaje Dorotea Pallarès 742 Puerta 9 ,True,B,2024-07-25,2025-12-20,2024-12-01,2025-06-05T00:08:19.633613,M,https://dummyimage.com/640x480,fee14ca3-08c8-4281-a84a-fa878689a885
3d28f857-1c3a-4fb0-974c-827d5339cd43,41910895,Amador Saavedra-Parejo,353704754,piedad18@example.org,Avenida de Selena Sobrino 65 Piso 7 ,True,C,2025-02-16,2026-05-23,2024-07-25,2025-06-05T00:08:19.633613,O,https://placekitten.com/640/480,fd85d3ac-6ad5-42fb-9fd3-77eabfe52bd3
ca1946af-cbf6-4131-a9e9-fe4fd6a096dc,67811869,Carmela Nicolás-Porcel,089177340,pabella@example.com,Plaza de Victoria Quesada 74,True,B,2025-04-14,2025-12-03,2024-10-28,2025-06-05T00:08:19.633613,O,https://placekitten.com/640/480,2cadcbfb-44c2-4601-abc0-52fbb7e5a61a
9e7a76fb-b247-4adf-85e6-936ac8471e9a,03556666,Bernarda Cerdán Tomé,630929382,isidro58@example.com,Rambla Albert Pozo 66,True,C,2024-12-17,2026-02-21,2024-12-05,2025-06-05T00:08:19.633613,O,https://picsum.photos/640/480,4a3bdf88-e320-49f7-af29-07e528ac40fe
bd419375-5363-4e1c-bd34-3ece47db8e34,71953327,Dimas Andrés,713986298,cruzagustin@example.com,Via Arcelia Urrutia 95,False,B,2024-12-25,2026-02-26,2024-12-02,2025-06-05T00:08:19.633613,M,https://picsum.photos/640/480,91f65af7-bbd9-4494-8c3d-a3b8bcdf9e19
baea9f38-3413-48cb-94f4-982513362cb1,44856123,Calisto Anaya Peña,268000749,kferrando@example.com,C. Rosa Valero 4,True,B,2024-11-20,2025-12-28,2024-06-07,2025-06-05T00:08:19.633613,O,https://dummyimage.com/640x480,d30579d5-1f8a-4e65-b826-72b797b2492a
dbeb6041-8b12-4f77-915e-d52687d56268,22071863,Nazaret Íñigo Solís Mir,014624558,hermenegildopaniagua@example.net,Cuesta Mónica Blanes 26,True,C,2024-09-29,2025-07-30,2024-12-04,2025-06-05T00:08:19.633613,M,https://placekitten.com/640/480,3983c8a7-6165-413f-b567-7063f508c17c
9c2d04a2-94a9-49d2-b5f8-4e789cb353e7,69409855,Tere Coello Ramón,670141609,rarregui@example.net,Rambla Itziar Colomer 4 Puerta 6 ,True,C,2024-09-12,2026-03-05,2024-10-06,2025-06-05T00:08:19.633613,M,https://dummyimage.com/640x480,01a42953-dd6e-4aea-aa83-bb676a69cfb8
574c377b-5540-4972-b4d5-1e42e7832d3b,71163346,Rosaura Portero Bravo,465976926,pporras@example.com,Plaza Gregorio Salamanca 12,False,A,2024-12-18,2025-11-08,2024-11-07,2025-06-05T00:08:19.634613,F,https://picsum.photos/640/480,ea5e663c-b33c-4d18-a388-dceff9598f52
950a65cc-1a3e-494d-a703-67adc818ce10,17108139,Abigaíl Delia Calleja Sandoval,570595288,tfranch@example.org,Vial de Ruben Calderon 56,True,C,2025-01-04,2025-12-21,2024-12-24,2025-06-05T00:08:19.634613,F,https://placekitten.com/640/480,d71c9716-af16-48e3-a010-6d3d0f8ba63e
2c75ab4a-08b8-453f-aea0-2cec6ae12446,90963742,Gabriela de Tena,697245019,lilia25@example.com,Glorieta Santiago Blanes 67 Apt. 79 ,True,A,2025-04-17,2026-01-17,2024-10-14,2025-06-05T00:08:19.634613,M,https://picsum.photos/640/480,775fdc56-325a-464a-9c7c-3deb15cd1886
d25d14d0-78b2-48f0-8b7b-6f64b26acf8b,64407090,Ciro Ramón Cobos,843084143,marita62@example.com,Cañada de Maximiano Nuñez 67,True,C,2025-02-12,2025-07-11,2024-10-20,2025-06-05T00:08:19.634613,O,https://dummyimage.com/640x480,211ba499-d814-468e-aa1b-c19386da803c
044ca9d4-7b3a-4c0e-95e2-fe7fee0d91a5,22064715,Juanita Requena Riera,754171642,vilanovacurro@example.com,Avenida Pío Arteaga 5,True,C,2024-07-02,2025-10-21,2024-09-03,2025-06-05T00:08:19.634613,M,https://placekitten.com/640/480,ff14f17d-2121-4498-8b36-e846534577b2
5ac86412-3158-409c-b7af-7cc3e78a4dcc,86344464,León Amaya Martorell,295486346,albacordoba@example.org,Alameda de Feliciano Ferrer 72 Piso 4 ,False,C,2024-08-06,2025-09-21,2025-02-28,2025-06-05T00:08:19.634613,F,https://picsum.photos/640/480,d96ab3b7-7e0e-4501-b44b-31c132a34bd3
74103233-e816-40de-9293-e5227e24af8f,15896299,Bárbara Meléndez,996414335,almudenavalencia@example.com,Cañada de Tere Mateo 66 Piso 3 ,True,C,2025-02-28,2026-01-19,2025-02-02,2025-06-05T00:08:19.634613,M,https://dummyimage.com/640x480,c850b468-b051-48a3-8b0a-798e21169f83
d924fe38-3dfc-4261-94ce-bf2945d58f35,72588581,Jacobo Carballo,764180154,porteroloreto@example.com,Glorieta de Marino Soriano 32 Piso 7 ,False,B,2024-09-07,2025-11-11,2024-10-05,2025-06-05T00:08:19.635612,F,https://picsum.photos/640/480,4425e250-3f5f-40c0-a45d-ef7b396b0ba2
f97e9aa9-2238-48de-a1a8-df785f35b6d6,85412275,Mónica Bertrán Pou,804901084,espiridionaznar@example.net,Alameda de Emilio Badía 817,True,C,2024-11-06,2026-04-29,2025-03-27,2025-06-05T00:08:19.635612,M,https://placekitten.com/640/480,e1e13edc-4276-4517-9cb2-c60e686f9bac
e69c62de-c6b1-4d89-a801-1da007a9a88b,72057822,Vidal Alvarado Juliá,149006785,usancho@example.com,Avenida Bernardino Amo 88 Piso 5 ,True,B,2025-04-27,2025-08-05,2024-07-21,2025-06-05T00:08:19.635612,M,https://picsum.photos/640/480,b6491079-787c-4e13-b909-2ab7303d55cc
89e750c4-47d5-4a3c-b0d4-7ea7ddc94183,76931366,Ximena López Landa,274287648,ferreromelchor@example.org,Vial Che Ballester 76,False,C,2025-02-10,2026-04-21,2024-06-29,2025-06-05T00:08:19.635612,F,https://dummyimage.com/640x480,8c2e21f3-658c-4d23-9285-728d9d383e78
91087e3a-919b-468a-bdd1-801384667419,21376603,Manuelita Sáenz Salmerón,095141467,silvestremancebo@example.org,Pasadizo Crescencia Abella 26 Piso 3 ,True,C,2024-08-10,2025-11-11,2024-09-23,2025-06-05T00:08:19.635612,F,https://placekitten.com/640/480,55903055-7cfd-4b08-937c-71d02ab562c6
7ffaed5e-a5ce-4637-a360-18179417c67d,33381569,Selena Planas Ponce,566833533,maximianorodenas@example.com,C. Norberto Cornejo 65,True,B,2025-01-01,2026-02-23,2025-01-31,2025-06-05T00:08:19.635612,O,https://picsum.photos/640/480,7b134324-922a-4fae-86a7-319a57682196
512fdcbb-31f1-402e-9ec1-0a02ad3802c7,74828902,Matilde España,347795967,pinedaflorina@example.com,Urbanización Luis Blázquez 18 Apt. 24 ,False,C,2024-08-25,2026-02-16,2025-03-12,2025-06-05T00:08:19.635612,M,https://placekitten.com/640/480,d5674a35-da4f-4590-996e-99e6736260d3
35e91b8c-4813-43a5-b420-5799e75a5117,79422132,Margarita Carballo Barberá,958190967,ortizteofila@example.org,Calle Raquel Fuster 85 Piso 6 ,True,A,2024-08-13,2025-10-13,2024-12-08,2025-06-05T00:08:19.635612,O,https://dummyimage.com/640x480,d121bfd9-08e7-441e-b97f-2ade2620333a
b45db0e9-d3ef-47f0-befb-354fd3a3566a,31004950,Gerónimo Nico Mancebo Múgica,074326687,mariano61@example.net,Rambla de Natanael Antúnez 840 Puerta 2 ,False,C,2024-08-02,2026-05-12,2024-11-03,2025-06-05T00:08:19.636612,F,https://picsum.photos/640/480,aaee9314-0d15-4d56-8eb8-232a541a2ebe
27b7b2ec-43a8-4ec7-9289-d6fe80a106c4,21287069,Sabas Vigil Vicens,714962864,bienvenidallopis@example.org,Avenida Julie Bermúdez 2,True,A,2024-11-03,2025-08-31,2024-10-05,2025-06-05T00:08:19.636612,F,https://picsum.photos/640/480,76f357e4-dd08-44d5-83c5-5cb881882de7
bd54b58d-aec7-4f9b-af76-bfd60b9584a2,46502951,Casemiro Oller Agustín,094559862,espadaeliana@example.com,Vial de Carolina Baquero 9 Apt. 40 ,False,B,2024-11-12,2026-03-21,2025-02-17,2025-06-05T00:08:19.636612,O,https://placekitten.com/640/480,9bcb8be0-3847-4e5a-a231-089901f9e5c1
ad0e743b-44d9-4974-aa18-982e24ed503d,83307393,Nereida Sierra Villegas,427079153,darioriera@example.com,Alameda de Primitivo Bernad 2,True,B,2025-02-09,2026-01-25,2024-12-22,2025-06-05T00:08:19.636612,O,https://dummyimage.com/640x480,fd65324e-77e0-4b17-a69d-dfc55b4c13c5
c2e12449-5cfe-474a-ac46-23df7f8ec468,33483989,Xiomara Valero Albero,173563496,cristobal37@example.net,Paseo de Jose Angel Viana 50 Puerta 9 ,False,B,2024-06-11,2025-11-01,2025-05-06,2025-06-05T00:08:19.636612,F,https://placekitten.com/640/480,113b42ff-eecb-4a56-b6c3-fd644ae5f3f5
5afd0973-b6db-4b80-bed8-6f40fde4546e,47864543,Paulina Llano-Batalla,770072492,maria-manuela69@example.com,Pasadizo Julie Figueras 71,False,C,2024-07-30,2025-10-24,2025-02-04,2025-06-05T00:08:19.636612,F,https://dummyimage.com/640x480,04a1bbe3-2a6f-4eb4-b969-edc86d0e31b3
85fb89e7-3ab4-44db-9685-d4efb0a2b786,09220349,Ángel Feliu Fuentes,955285009,franciscotorres@example.com,Via Primitiva Guitart 79,False,C,2024-07-01,2026-03-30,2024-07-12,2025-06-05T00:08:19.637615,F,https://dummyimage.com/640x480,1e7189c0-a578-48f9-ae80-f5bb8bba5c66
25e44e15-a8dc-4eaf-a707-6a520024ae13,84399166,Regina del Rueda,753830201,apages@example.com,Pasadizo Maricruz Asenjo 49,True,A,2024-10-09,2026-05-03,2025-03-09,2025-06-05T00:08:19.637615,O,https://placekitten.com/640/480,84b4dec3-2fdf-478c-ad7c-34917663b6e9
b776730a-6925-40ca-8732-8fa087e312c1,25824292,Berto Español-Casas,624258069,tomassilvia@example.net,Glorieta Horacio Torrens 30 Piso 8 ,True,B,2024-08-06,2025-08-22,2025-02-01,2025-06-05T00:08:19.637615,M,https://dummyimage.com/640x480,68c88b9a-9e4c-46c2-9a9f-f9b852b1c254
2cbb8708-a9de-47b1-95b5-65f9533ac024,96223764,Benigna Peiró,611905884,davilaadelina@example.com,Vial de Roque Mayol 2,True,A,2024-07-31,2025-08-05,2025-05-03,2025-06-05T00:08:19.637615,F,https://dummyimage.com/640x480,ec3320a9-69eb-480a-89cc-3ea03f271a1e
0e8f8f76-2a69-40e1-b846-d4ab23c7834f,54689800,Felicia Varela Sotelo,877068545,gtejedor@example.net,Pasadizo de Mamen Bejarano 38,True,B,2024-06-24,2026-06-05,2024-09-09,2025-06-05T00:08:19.637615,M,https://picsum.photos/640/480,c2ffeea2-9ae1-43ec-8258-51430a479c0b
77e98260-44ac-4f16-b7d3-2da9d7d8b0a5,84620524,Pilar Expósito Carvajal,632021961,ferrandocarolina@example.com,Vial de Anabel Baró 81,True,A,2024-06-28,2025-07-31,2025-01-19,2025-06-05T00:08:19.637615,O,https://dummyimage.com/640x480,2d7b3c59-c8f4-49d8-8bf0-0b06b195e5bb
ec06e4c7-89d0-4914-b50c-0f4d1d45c60d,37803191,Martín Enrique Bayón Arnau,193548781,demetrioflor@example.net,Avenida de Enrique Uriarte 18 Apt. 88 ,True,A,2024-09-24,2025-08-02,2025-03-06,2025-06-05T00:08:19.637615,O,https://picsum.photos/640/480,ec2ea81f-e84b-4bf2-a0d4-d5e9a6bd0b03
a30ae79f-4654-424d-a526-187c0fad667b,45762868,Martirio Bayón Ferrero,440095531,amanda78@example.net,Vial de Tristán Aguado 92 Apt. 67 ,True,B,2025-05-02,2025-11-04,2025-02-13,2025-06-05T00:08:19.638614,M,https://placekitten.com/640/480,8d538381-f8e7-4966-9a7d-75a053b64e03
35fc4f0e-9658-4a19-893b-5b456f0bb71f,01428279,Tamara Manuel,947719583,adrian94@example.org,Cañada Gala Sanchez 3 Puerta 0 ,True,C,2025-01-18,2026-02-11,2024-09-26,2025-06-05T00:08:19.638614,O,https://placekitten.com/640/480,9008db7e-b3f1-4a5b-bcfe-817040584a07
e939773d-8547-4ea8-a0e1-3823369817d0,10432706,Melchor Roca Jiménez,655041000,ruperta65@example.com,Plaza de Julián Laguna 79,True,C,2025-02-10,2025-07-10,2024-08-21,2025-06-05T00:08:19.638614,M,https://placekitten.com/640/480,a4e35730-eb2f-4717-b7a6-22eb355364ab
7ec9f27f-bd6e-4be1-8105-8e4e70c4c722,19559183,María Reguera Fabra,779647766,fballester@example.com,Acceso de Dorotea Esteve 406,True,B,2024-10-29,2025-12-03,2025-02-18,2025-06-05T00:08:19.638614,O,https://picsum.photos/640/480,0baaebef-1d25-41c2-a54b-07bda16cd83c
2297bb3d-012d-4734-81f2-988ef4247fa1,50050345,Lino Luna Mata,086145316,avarela@example.com,Plaza de Luís Huerta 69,True,B,2024-12-28,2025-11-20,2025-03-14,2025-06-05T00:08:19.638614,O,https://picsum.photos/640/480,c1ce271d-30ce-4197-beb0-e38ac09d0579
35cb051d-bb85-46f5-b368-e9e8dec05623,10361346,Vinicio Almazán Lozano,594337232,dcamps@example.org,Avenida Ana Cid 90,True,A,2025-01-31,2025-08-16,2024-10-06,2025-06-05T00:08:19.638614,O,https://picsum.photos/640/480,97324d1f-aa3b-4f3e-8119-87e005f7deba
ddedbfbd-519b-4e71-88fd-4bf424183120,67264176,Ulises Iriarte Barberá,985847843,loreto51@example.net,Cuesta de Luisina Pou 120 Piso 2 ,True,C,2024-07-21,2025-11-01,2024-10-14,2025-06-05T00:08:19.638614,M,https://placekitten.com/640/480,bcf3e07b-2e21-41be-9af7-d2e5f486165f
0d2af0cc-fe8f-48b6-92c8-b6031479085b,16250747,Paulina Garriga Carrera,075767393,borjagaya@example.net,Alameda Alberto Alemán 63,True,A,2025-02-09,2025-08-15,2024-06-22,2025-06-05T00:08:19.638614,F,https://picsum.photos/640/480,645067ab-7f47-43d9-a1fb-2fc26e734a8a
3262b8da-65c5-4f80-8fc2-f9a1770a795d,79137588,Fabián del Leiva,812096320,srosello@example.org,Rambla de Matías Gimenez 503,False,A,2024-12-21,2026-03-06,2025-04-09,2025-06-05T00:08:19.639612,O,https://placekitten.com/640/480,0e9a3284-1e76-42e1-9c95-a1a6e41201eb
58c0f6ed-5fdd-459a-b682-fec8f98e9ef3,07859259,Raúl Geraldo Jáuregui Palmer,052282603,irueda@example.com,Rambla Rosendo Tur 88 Piso 8 ,True,B,2024-08-06,2025-12-20,2024-08-24,2025-06-05T00:08:19.639612,M,https://picsum.photos/640/480,166ffb4e-3dc0-455c-b782-8abf26479433
d054bc70-58cc-4620-b9d6-2d8ac3be30e3,02322363,Luis Muñoz Paredes,321285228,varranz@example.org,Ronda de Marcela Benavente 7 Apt. 92 ,True,A,2025-03-12,2026-05-02,2024-07-29,2025-06-05T00:08:19.639612,O,https://dummyimage.com/640x480,47fa3bb8-3dba-4f84-b70d-5511ea7a51b5
7777c310-93e4-4bd1-965f-0c83e461dab0,38563740,Ainoa Arnau Ayala,723793346,bauzayessica@example.org,Paseo de Simón Verdejo 11 Puerta 7 ,False,C,2024-07-07,2026-02-22,2025-03-01,2025-06-05T00:08:19.639612,O,https://dummyimage.com/640x480,ec3320a9-69eb-480a-89cc-3ea03f271a1e
e95e333f-a972-4d33-986a-6231dba503c1,56591764,Dalila Peláez Roselló,247466863,salomrosenda@example.com,Vial Fortunato Barragán 7 Piso 5 ,True,A,2024-12-17,2026-04-24,2024-12-12,2025-06-05T00:08:19.639612,F,https://placekitten.com/640/480,1aee7c47-fefe-4906-a355-b6e72117fef4
7129a156-6f7e-4691-a52d-2318483acf3f,48788522,Claudia Álvarez Morell,051227195,bernabenoguera@example.net,Paseo Maricruz Carreras 98,True,A,2024-10-06,2025-10-15,2024-09-12,2025-06-05T00:08:19.639612,F,https://picsum.photos/640/480,2c498ddd-fdf6-4406-8e82-b4572a205946
073dfc25-af45-4094-87c1-194abb3de37c,90305407,Osvaldo Arroyo-Lamas,756897690,vilanovacebrian@example.org,Cañada Juan Manuel Cárdenas 57,True,B,2024-11-29,2025-11-19,2025-05-03,2025-06-05T00:08:19.639612,O,https://dummyimage.com/640x480,9cbb24cd-cecd-4a85-ae6b-d3bbee01570f
b7eb2276-d9f4-4cfe-bc18-081c10a7f240,16717117,Juan Luis Iriarte Dávila,022054922,nevadoabel@example.com,Avenida Heraclio Saavedra 3,False,C,2024-12-09,2025-09-30,2024-09-30,2025-06-05T00:08:19.639612,M,https://dummyimage.com/640x480,677eceaa-cd6d-4ed4-9d6a-49f78f08d55e
20401258-9547-4f35-b102-e38b8018076b,95914806,Lucio Lasa Correa,840046517,anayaismael@example.com,Rambla de Isaac Hernandez 64,True,A,2025-01-15,2026-04-14,2024-06-29,2025-06-05T00:08:19.640612,O,https://dummyimage.com/640x480,af269a52-7199-4e6e-9c24-3069044f6806
6c1f560d-032e-4be6-8342-247d766d6340,73411775,Cosme Grau,205692323,cornelio70@example.org,Camino de Cesar Puente 15,False,A,2024-12-27,2026-05-31,2024-10-07,2025-06-05T00:08:19.640612,M,https://picsum.photos/640/480,a5c9a132-0d6d-4629-bc88-d7e3e8c688e7
74d8a0da-4e58-4975-9fae-a1325bdc6fca,30855830,Graciela Niño Salvà,615241673,emelina45@example.org,Calle de Clímaco Redondo 33 Apt. 99 ,False,B,2025-02-11,2025-10-16,2024-09-27,2025-06-05T00:08:19.640612,O,https://picsum.photos/640/480,dd2908f0-43ca-459f-9bd2-8c6791b97d77
a8901fa6-4886-48a0-8a1e-e752ec71bf45,73537911,Rufina Tirado Bustos,604451030,gabriel82@example.org,Avenida de Armando Cifuentes 40,False,A,2024-10-21,2025-08-19,2024-09-14,2025-06-05T00:08:19.640612,F,https://dummyimage.com/640x480,0190be6c-bcc5-4c09-b46d-e3fc91706dfe
c10efa4e-70e4-4243-8d61-53249d66a32b,69147282,Ricarda Español Neira,362120239,ialfonso@example.com,Pasaje de Juan Carlos Bayón 83,True,B,2024-07-19,2026-01-11,2024-06-22,2025-06-05T00:08:19.640612,O,https://picsum.photos/640/480,097cb2f6-bc8e-4ad5-927f-7a25a23f61f3
389c8bb6-9d4d-411d-bfb2-5ae6b536cd22,62323000,Amanda Nebot,851602891,paulina37@example.net,Pasaje de Florina Elías 93 Puerta 4 ,True,C,2024-10-31,2025-07-11,2024-09-28,2025-06-05T00:08:19.640612,O,https://placekitten.com/640/480,06a4b920-2d83-452e-ac4a-961ba0dc0425
8e00509b-9b95-401c-98bf-a16b8c927c5f,93628815,Estrella Carolina Pulido Cortes,872519213,emilianogarmendia@example.net,C. de Maura Almazán 64,True,B,2025-01-21,2026-02-03,2024-11-23,2025-06-05T00:08:19.640612,M,https://dummyimage.com/640x480,0e8a54be-99b9-4456-86ad-194c07c1fd12
4a7d1832-6d69-4c8d-9909-61fa7e8965bb,57964674,Juan José Salom Lobato,535488118,isaias13@example.com,Avenida Javier Salas 14,False,B,2024-10-17,2025-10-20,2024-12-31,2025-06-05T00:08:19.640612,O,https://picsum.photos/640/480,b18eec02-bd97-44e5-8ff6-8a14cc9e7bf6
1b24e7ea-e9e3-43aa-b553-27c7eb343052,86173607,Eulalia Gras,698453471,donato15@example.org,Avenida Lisandro Casas 38,True,A,2025-02-18,2025-10-26,2025-02-14,2025-06-05T00:08:19.641613,F,https://picsum.photos/640/480,f547bd89-ed38-4dc6-982a-650331b66221
b0e205de-2deb-407b-86da-51c52e4e50a3,40877105,Trinidad Valcárcel,697215786,clotilde91@example.com,Glorieta Casemiro Gallo 80 Piso 6 ,False,A,2025-02-05,2025-10-23,2025-02-26,2025-06-05T00:08:19.641613,F,https://placekitten.com/640/480,f3d0c779-4304-43a1-bf18-71914c3b3c89
f93fd92c-55c9-4d9b-a26d-16bc2d41fc08,51771097,Juan Carlos Valentín Campoy,223503401,pulidorosendo@example.com,Pasaje de Leocadio Feijoo 9,True,B,2024-11-06,2025-09-11,2025-02-08,2025-06-05T00:08:19.641613,O,https://placekitten.com/640/480,90fa6237-27cf-4b92-b774-c4c4fdb9f5e7
a9acbc64-b29b-438f-a1da-adddffc74ca6,37325638,José Mari Gárate Peñalver,415217942,georgina84@example.org,Urbanización de Toño Lobo 982,True,B,2025-01-17,2025-09-24,2025-04-28,2025-06-05T00:08:19.641613,O,https://placekitten.com/640/480,77c9947a-f83f-4b23-acd5-8f184092e720
da152705-a669-41ec-855f-1a4068a111ee,12286573,Aura Pereira Alcalde,185305179,alma19@example.net,Pasaje de Natanael Agustí 77,True,A,2025-01-31,2025-09-13,2024-11-30,2025-06-05T00:08:19.641613,F,https://picsum.photos/640/480,0675298b-f135-4b90-ac9d-1f7919b7cd93
3eaf6f04-3c4b-4dad-9b36-c4d11d057280,40005009,Galo Cueto Villalba,082950743,salateo@example.org,Alameda Tomasa Arias 30,True,B,2024-09-26,2026-03-22,2024-11-28,2025-06-05T00:08:19.641613,F,https://picsum.photos/640/480,1aee7c47-fefe-4906-a355-b6e72117fef4
c226cf5a-7f7d-4c6d-a96d-5de984544a2b,20015234,Jose Angel Corominas Dominguez,792308720,jose-ramonalberto@example.net,Camino Victoriano Olivé 4,True,C,2025-03-12,2025-12-30,2024-06-24,2025-06-05T00:08:19.641613,M,https://picsum.photos/640/480,13f36ba8-2e3e-4280-8fd5-62aaea9a6e2b
743b350d-3c85-4fe6-9c66-3fa79dc81d4a,07811372,Elías Carpio Cuevas,878832119,redondomarco@example.org,Calle de Griselda Gaya 21 Apt. 06 ,True,A,2024-09-05,2026-04-23,2025-04-23,2025-06-05T00:08:19.642612,F,https://picsum.photos/640/480,9e2081ca-8843-4d8a-a0b0-bc2425736069
9d0cc385-367e-4c73-9bc4-16c7e6eba332,54049922,Alba Madrigal Velázquez,994886531,gimenezfernanda@example.org,Calle de Conrado Marco 41 Apt. 31 ,False,B,2024-12-16,2026-02-12,2024-10-07,2025-06-05T00:08:19.642612,O,https://dummyimage.com/640x480,c1ce271d-30ce-4197-beb0-e38ac09d0579
39f9ced7-6278-4ace-8383-82522d2d42b0,99975019,María Teresa Calatayud Arcos,633963869,duartecasandra@example.org,Alameda Bonifacio Alcalde 6 Piso 8 ,True,B,2025-01-03,2025-09-01,2025-01-11,2025-06-05T00:08:19.642612,O,https://picsum.photos/640/480,e1cd2056-ddc1-4203-9d6d-911eee509c13
5a19ed10-30e8-4cdd-9ae9-58d3642d9646,73385845,Juan José Casanova,023584453,fatimagalvan@example.org,Plaza de Valerio Gallardo 12 Piso 1 ,True,C,2024-09-25,2026-04-17,2024-07-15,2025-06-05T00:08:19.642612,F,https://dummyimage.com/640x480,54227fb2-eabe-407b-bafa-475233c6572b
91a57437-1210-40ee-b90a-b795375539fc,29864954,Fernanda Palomares Garay,288437209,mendezsoraya@example.net,Acceso Florencia Merino 4,True,B,2024-06-27,2025-09-15,2025-02-26,2025-06-05T00:08:19.642612,M,https://placekitten.com/640/480,f6469f46-79b4-44d4-b214-c3e1267ba3a5
e5a1b7d5-284f-4ff7-a1db-b28f56dab69e,34231890,Vanesa Pintor Armas,776388131,domitilajimenez@example.net,Cuesta Lázaro Agullo 56,True,B,2024-06-23,2025-08-15,2025-05-04,2025-06-05T00:08:19.642612,F,https://dummyimage.com/640x480,d6f70c95-2281-4d1b-86ce-29ba140bc93c
72e6198c-3f64-4274-8647-c40c7f66f6da,21905639,Griselda Lumbreras,951096043,sespanol@example.org,Vial de Eladio Sedano 71,False,A,2025-04-23,2025-09-24,2025-05-06,2025-06-05T00:08:19.642612,O,https://dummyimage.com/640x480,4425e250-3f5f-40c0-a45d-ef7b396b0ba2
f3195559-c85b-467d-b6ea-8678b85c4e64,88370830,Eligio Plaza Mariño,733885225,hector64@example.com,Ronda de Eusebio Carretero 90 Apt. 47 ,True,A,2024-06-24,2026-04-17,2024-06-23,2025-06-05T00:08:19.642612,O,https://placekitten.com/640/480,1f25e9e8-6495-45ae-9770-f152dba16582
3ccc45f6-055e-458a-b603-24b904e81bf8,32592266,Ligia Esteve-Madrigal,923963192,vera10@example.com,Ronda Rómulo Pavón 623,True,A,2024-07-27,2025-11-23,2024-07-08,2025-06-05T00:08:19.643614,O,https://placekitten.com/640/480,ec25a13a-fac0-450d-9325-cfc945d2de04
15a7ed09-d742-4bf7-8d67-1af902f2d8f1,10340565,Quique Alba Carbonell,552234826,santiagopiquer@example.org,Cañada Augusto Ruano 948 Puerta 3 ,True,A,2025-03-11,2026-02-22,2024-07-20,2025-06-05T00:08:19.643614,F,https://placekitten.com/640/480,bcf3e07b-2e21-41be-9af7-d2e5f486165f
f3456aab-3aa4-41ac-a094-c4093f635234,74159736,Hipólito Barriga Estevez,523363067,toropelayo@example.org,Glorieta Agapito Calleja 1 Apt. 54 ,True,C,2024-07-24,2025-07-25,2025-02-03,2025-06-05T00:08:19.643614,O,https://placekitten.com/640/480,73509ad7-c973-4e87-a1a0-7d7cb22e1cbb
1f363fde-a72f-4902-941b-847cbc0c41e5,90199405,Alejandra Casado Juan,090693249,gil09@example.net,Calle de Ismael Alegre 5 Puerta 3 ,True,C,2025-01-10,2025-12-16,2024-07-16,2025-06-05T00:08:19.643614,F,https://placekitten.com/640/480,113b42ff-eecb-4a56-b6c3-fd644ae5f3f5
5d3a8aa7-9266-411b-bcb2-500d5d36860e,69241388,Abraham Galán Domínguez,282638430,uelorza@example.net,Calle Ruben Almeida 96,True,A,2025-02-12,2025-09-13,2025-04-09,2025-06-05T00:08:19.643614,M,https://placekitten.com/640/480,001cc940-183d-42ae-b139-759a448d712b
9b450222-44ec-406c-a0b7-36ac87acdf5f,44940895,Aurora Prada,046667639,rosalina13@example.org,Paseo de Julia Villalba 52,False,A,2024-10-17,2026-04-27,2024-12-29,2025-06-05T00:08:19.643614,M,https://placekitten.com/640/480,87dfc384-a801-4d15-b339-6fc3c4215975
8c30c1b7-b4d4-422f-b5ec-d80dd0e61f11,59984061,Juan Carlos Mena Suarez,587414892,benitezeloy@example.com,Via Bonifacio Pardo 3,True,C,2024-10-21,2026-02-06,2025-03-07,2025-06-05T00:08:19.643614,F,https://picsum.photos/640/480,89aa59de-c742-4c9d-b70b-9d84775118ef
e40d7892-c081-410b-9924-0e95d7befc31,53304355,Mateo Aller Rozas,401182201,sorayaadadia@example.com,Vial Eligio Duran 18 Apt. 31 ,False,B,2025-03-27,2026-04-06,2024-11-12,2025-06-05T00:08:19.643614,M,https://picsum.photos/640/480,b14ea5f3-7d91-4262-aff6-6b8f19576ae3
69304f91-1bb9-41fa-ab01-c88c12c00f77,37680116,Fidela del Roura,511833208,gerardo71@example.org,Rambla de Eleuterio Olivera 64 Puerta 3 ,True,C,2024-11-15,2026-05-08,2024-06-10,2025-06-05T00:08:19.644612,M,https://dummyimage.com/640x480,f1b27759-9dbc-473c-a6ab-8d4c2e132b11
876a016b-6c62-4d66-8a4b-a8d5835add8d,37276095,Leticia Bejarano Ávila,772940113,rafaela12@example.com,C. de Isidora Agullo 2 Puerta 4 ,True,C,2025-04-21,2026-03-09,2024-12-09,2025-06-05T00:08:19.644612,F,https://dummyimage.com/640x480,61c01d60-89cc-4372-9151-fc7820a42a08
3571afbf-fb33-473b-830f-6a729c6fd141,44020638,Anastasia Vazquez,372297922,cerdanamelia@example.com,C. de Lucila Carro 45,True,B,2024-09-28,2025-11-29,2024-06-17,2025-06-05T00:08:19.644612,M,https://placekitten.com/640/480,7ec7da82-9ebb-4be2-89f9-6c972e442265
40b685f5-6789-49fb-bc09-4cf475fef1ef,12093167,Donato Campoy Llano,606452262,ntomas@example.org,Glorieta de Custodio Correa 162 Apt. 18 ,False,C,2024-11-07,2026-04-13,2024-06-05,2025-06-05T00:08:19.644612,O,https://picsum.photos/640/480,fdafe91c-3460-4edf-828e-c6e65fa44856
14870001-f42b-4cd7-b8be-e3210e294433,30671446,María Jesús Gimenez Bernad,715857484,banosflorentina@example.org,Rambla de Enrique Vazquez 5,True,C,2024-08-02,2025-07-21,2024-09-28,2025-06-05T00:08:19.644612,O,https://dummyimage.com/640x480,5dc4ffbb-4321-4219-aaf9-f3719ed232cb
1bc5e2db-8ddd-493c-bd84-f43593789724,20598939,Rómulo Garriga-Gilabert,830033912,agustingalindo@example.com,Camino Lupe Almeida 38 Piso 5 ,True,A,2024-12-10,2026-01-11,2025-02-16,2025-06-05T00:08:19.644612,M,https://placekitten.com/640/480,a5c9a132-0d6d-4629-bc88-d7e3e8c688e7
1e479ec5-3076-47cf-91a9-68fe723f9863,45262197,Adelardo Pastor-Huertas,516602913,aguileramaria-belen@example.com,Camino Aristides Bejarano 64 Puerta 1 ,True,A,2024-07-16,2025-12-18,2024-06-11,2025-06-05T00:08:19.644612,M,https://dummyimage.com/640x480,98e6f282-ee6f-4552-b926-8bedc9277e14
a0283fa0-e3c3-4993-aa77-84a8c4b6bf6f,69177869,Micaela Calixta Molins Calderon,584977379,lucasmaximiliano@example.org,C. Teresa Bastida 99 Apt. 99 ,True,A,2024-06-17,2025-09-30,2024-12-28,2025-06-05T00:08:19.644612,O,https://placekitten.com/640/480,2302ffd7-9fde-4272-a1f0-a03e5ad284e4
20af3cf4-49f4-42cd-b117-2a8e103ccfbd,36604587,Claudio Tomé Rivera,401432814,robertamarco@example.net,Pasadizo Eutimio Reig 46,True,C,2024-10-20,2026-03-01,2025-01-23,2025-06-05T00:08:19.645612,M,https://picsum.photos/640/480,d7c0d5a3-9e87-4ef7-a649-565a79d22fc1
ac25d151-790c-4f8d-9246-0c0b5a7a79a1,40653113,Eutropio Echevarría Vendrell,860625633,angelina12@example.org,Cuesta de Carina Leon 5,True,C,2025-03-14,2025-11-04,2025-04-08,2025-06-05T00:08:19.645612,M,https://picsum.photos/640/480,8547d8db-fc49-4612-ac0c-9d4546260149
007b95a3-2c5f-4399-851a-b4505e1ecdda,14415149,Alicia Madrid Rivera,015032409,barberonatalia@example.com,Via Miriam Ordóñez 5 Puerta 4 ,False,C,2025-02-26,2025-09-30,2024-09-29,2025-06-05T00:08:19.645612,O,https://picsum.photos/640/480,76f357e4-dd08-44d5-83c5-5cb881882de7
7bb97e6b-ed19-4af1-93e4-253c4cdc00a0,01738407,Inmaculada Lluch-Cárdenas,542149802,samanta89@example.net,Avenida Remigio Fortuny 319,True,A,2025-04-20,2026-04-06,2024-09-08,2025-06-05T00:08:19.645612,O,https://dummyimage.com/640x480,fee14ca3-08c8-4281-a84a-fa878689a885
4fb0dacf-39ed-4ac8-9002-baf58ef8b753,67300205,Olga Roura Luque,634311321,paniaguagema@example.net,Glorieta María Ángeles Vélez 717,True,B,2024-06-30,2025-12-01,2025-01-12,2025-06-05T00:08:19.645612,M,https://placekitten.com/640/480,8638df49-1364-41a7-ba79-e6643e912ca4
a82e7005-2b2c-4cc8-9821-973f77fe406c,62111948,Candela Pedrero Berrocal,553630613,alvarezmoises@example.org,Cañada de Tatiana Almazán 60 Piso 6 ,True,A,2024-11-01,2025-10-21,2024-08-24,2025-06-05T00:08:19.645612,O,https://picsum.photos/640/480,5cdcecb1-1af7-4552-b8d4-2a41db2f8372
f4cc41a8-223b-4004-9ab4-70b3a2bad33d,78594512,Gertrudis Valle Melero,670391981,vilmasierra@example.org,Acceso de Casemiro Vazquez 88 Puerta 4 ,True,B,2025-04-04,2026-02-07,2024-08-08,2025-06-05T00:08:19.645612,F,https://picsum.photos/640/480,a9e9110c-3214-4c9e-ba21-e5ffa54d3bab
c9adb9d6-ecf1-47a5-87c5-bd525b487522,86989035,Ramiro Valderrama Ruiz,178147576,cozargonzalo@example.net,Camino Santiago Machado 1,False,B,2024-12-16,2026-02-15,2024-12-12,2025-06-05T00:08:19.646612,M,https://placekitten.com/640/480,a193acd6-7ce0-4d77-9fc5-259d9a80c79a
a46736ca-0d00-4dd3-93f6-02be3755afe9,52580498,Samanta Cisneros Clavero,107690039,fannycarmona@example.org,Rambla de Gabriela Busquets 74,True,B,2024-09-19,2026-02-22,2024-07-09,2025-06-05T00:08:19.646612,F,https://placekitten.com/640/480,4425e250-3f5f-40c0-a45d-ef7b396b0ba2
de9437d0-c6d7-415c-8690-cc3f166721c5,68098304,Heriberto Gilabert Armengol,655613611,tmarti@example.com,C. de Sofía Garcia 46 Puerta 2 ,True,A,2024-11-13,2026-04-07,2024-11-30,2025-06-05T00:08:19.646612,M,https://picsum.photos/640/480,1e7189c0-a578-48f9-ae80-f5bb8bba5c66
8f22c85a-4ddc-4512-b9f9-7b338984ae0c,68642181,Remigio del Bernad,107594163,vilma68@example.net,Glorieta de Lorena Pujol 4,True,A,2024-07-20,2026-03-10,2024-11-16,2025-06-05T00:08:19.646612,M,https://picsum.photos/640/480,097cb2f6-bc8e-4ad5-927f-7a25a23f61f3
419a2000-e942-416e-aed8-7d14cf98ea5b,91464335,Alfonso Galan Alfonso,653864814,miriamdieguez@example.com,Urbanización Gabino Priego 76 Apt. 14 ,False,B,2024-10-10,2026-03-02,2025-02-25,2025-06-05T00:08:19.646612,F,https://placekitten.com/640/480,9284e405-8ea7-43c1-bcef-fd0e9de64b0e
0b602405-0118-4bde-85d0-e4a90a0c5857,44026125,Mariano González Castillo,772090278,leyre85@example.com,Rambla Aurelio Ferrando 98,False,C,2024-06-20,2026-05-19,2024-10-12,2025-06-05T00:08:19.646612,M,https://picsum.photos/640/480,0baaebef-1d25-41c2-a54b-07bda16cd83c
8737c5ef-2248-4276-92f6-bec8b56d1354,06306997,Cándido Morales-Prado,215874032,estebanhuguet@example.org,Callejón Eutimio Gallart 75,True,A,2025-03-20,2026-02-27,2024-11-29,2025-06-05T00:08:19.647615,O,https://picsum.photos/640/480,f1b27759-9dbc-473c-a6ab-8d4c2e132b11
74c0f873-4221-48c6-8334-ee3c46a078be,99265130,Noemí Peñalver Salvà,329902405,vidalbaeza@example.org,Urbanización Íñigo Sobrino 78 Piso 6 ,True,C,2025-01-30,2025-10-01,2024-10-26,2025-06-05T00:08:19.647615,F,https://dummyimage.com/640x480,8b14115f-904b-436a-bc8d-60a2276d3d70
f7d059ea-5a6c-4763-b2df-3114ff8998fd,95289153,Natalia Dafne Escamilla Cabo,498009202,lucas83@example.org,Cañada de Genoveva Cepeda 92 Puerta 6 ,True,C,2025-03-12,2025-09-21,2025-04-12,2025-06-05T00:08:19.647615,O,https://placekitten.com/640/480,ab245e77-dbb0-4c8a-887b-34d188a6d2c0
dc2f4e5a-853d-4f99-ab1f-1aa02b48e62e,72977860,Poncio Kike Tejada Contreras,391498250,jordi16@example.net,Calle de Nazaret Godoy 26 Piso 8 ,True,B,2025-03-13,2025-08-25,2025-03-31,2025-06-05T00:08:19.647615,M,https://dummyimage.com/640x480,3983c8a7-6165-413f-b567-7063f508c17c
cbec11ee-6f78-45af-b572-eafc96a1a960,76957286,Ulises del Mariscal,366911922,hierrourbano@example.net,C. de Tomasa Catalá 9,False,C,2024-09-22,2025-11-26,2024-09-09,2025-06-05T00:08:19.647615,O,https://dummyimage.com/640x480,1dbac2d5-5649-4985-992e-7dce91bde3ec
4caa92ff-ad0b-42d9-9822-65f3f00bcc29,72569514,María Tur Chaves,370184457,cipriano76@example.org,Pasadizo Lucía Vara 88,True,C,2024-08-23,2025-08-12,2024-06-25,2025-06-05T00:08:19.647615,M,https://dummyimage.com/640x480,3d3ea4c7-d4cd-4afa-a416-bbb8ebefe34b
93987445-18e4-4e3a-ac51-4c0370ff595c,66917211,Iris Dionisia Bernal Villanueva,145370513,paco46@example.net,Plaza Ani Páez 34 Puerta 6 ,True,C,2024-07-23,2026-03-17,2024-08-07,2025-06-05T00:08:19.648614,M,https://dummyimage.com/640x480,70e33cf5-b109-4662-9262-4cbd45a4d0cd
ee028079-0c73-4906-ada5-1dcda4bdeec1,19867144,Dalila Huguet,164498667,krobles@example.org,Glorieta de Griselda Clavero 6,False,C,2024-10-02,2026-02-26,2024-10-04,2025-06-05T00:08:19.648614,M,https://dummyimage.com/640x480,775fdc56-325a-464a-9c7c-3deb15cd1886
ed9c33bf-f217-4737-8265-4aa10213c1a6,80126461,Abraham Cerdá,178831227,bayonatono@example.com,Vial Eustaquio Pavón 56,True,A,2024-09-11,2025-11-10,2024-06-22,2025-06-05T00:08:19.648614,O,https://picsum.photos/640/480,56c6189d-9412-4e39-9ea0-ec96463d5622
