id_incidencia,id_monitoreo_ruta,tipo_incidencia,severidad,descripcion,estado_incidencia,id_usuario,fecha_registro
0a626178-c6c1-4c6c-8048-a1eff16f591e,4a9dedca-c34d-4637-b0db-f1cb669cc552,problema_temperatura,alta,Incidencia generada automáticamente: Compartimento abierto,resuelta,aed70801-e045-4738-9a47-117c788a95a4,2025-06-15T02:00:26.091104
b8c978c7-5d89-498e-8ca6-b05d55011cdb,399fdb4d-5179-49bb-95e4-4e7f4183005f,apertura_no_autorizada,media,Incidencia generada automáticamente: Velocidad excesiva,resuelta,aed70801-e045-4738-9a47-117c788a95a4,2025-06-15T02:00:26.090105
bd7fd18b-c5a9-4ad6-80af-97d996669b78,f7db7b48-b3e7-48d9-b9fa-29726c60c65d,otro,alta,Incidencia generada automáticamente: Compartimento abierto,resuelta,aed70801-e045-4738-9a47-117c788a95a4,2025-06-15T02:00:26.092104
123527ae-3762-47d0-bb38-9f4338248e7a,3efe80eb-0dcb-4fc5-b343-330c8d325849,otro,baja,Incidencia generada automáticamente: Compartimento abierto,resuelta,aed70801-e045-4738-9a47-117c788a95a4,2025-06-15T02:00:26.091104
404287b7-5b08-42ce-a2a2-54b63ae7682d,58cbfda5-a6c9-485f-a52f-0027f9521d68,otro,media,Incidencia generada automáticamente: Temperatura fuera de rango,resuelta,aed70801-e045-4738-9a47-117c788a95a4,2025-06-15T02:00:26.091104
f7f72c45-3b0c-4421-85fc-9ecdc6208ab2,11d9b979-b793-4dd7-a797-3a64e7498839,otro,baja,Incidencia generada automáticamente: Temperatura fuera de rango,resuelta,aed70801-e045-4738-9a47-117c788a95a4,2025-06-15T02:00:26.091104
36893f29-a6c3-443e-8ef3-a7b7902bf7b2,42b394b5-d9bb-4921-8814-0b26127af3c7,apertura_no_autorizada,baja,Incidencia generada automáticamente: Combustible bajo,resuelta,aed70801-e045-4738-9a47-117c788a95a4,2025-06-15T02:00:26.091104
1e459479-eceb-4ac9-b73b-8a5ded93a254,e558097f-d1be-4fda-a0ba-0ab6cc32df22,otro,baja,Incidencia generada automáticamente: Temperatura fuera de rango,resuelta,aed70801-e045-4738-9a47-117c788a95a4,2025-06-15T02:00:26.091104
9724a2f9-d556-4bdc-8c21-202c6f96ad0b,fb520985-2338-4507-b270-07dca4466bf3,otro,baja,Incidencia generada automáticamente: Combustible bajo,resuelta,aed70801-e045-4738-9a47-117c788a95a4,2025-06-15T02:00:26.089107
244e0856-13b2-4f0c-85c1-958bac2f4e14,f7db7b48-b3e7-48d9-b9fa-29726c60c65d,otro,alta,Incidencia generada automáticamente: Combustible bajo,resuelta,aed70801-e045-4738-9a47-117c788a95a4,2025-06-15T02:00:26.092104
57e5949c-1d0d-43b7-b433-962006523315,d078ddc7-900b-4e71-90e9-e772d868d48d,apertura_no_autorizada,media,Incidencia generada automáticamente: Temperatura fuera de rango,resuelta,aed70801-e045-4738-9a47-117c788a95a4,2025-06-15T02:00:26.091104
f07d1da2-70e4-40e6-ad18-c834a98bef62,c8a6d8c4-ebb0-48a7-a58f-5f22611f34ba,otro,alta,Incidencia generada automáticamente: Temperatura fuera de rango,resuelta,aed70801-e045-4738-9a47-117c788a95a4,2025-06-15T02:00:26.090105
bb692485-53b7-4d50-a9ba-906653cf9c42,663825b2-b04b-4833-a695-4b378ba998c3,apertura_no_autorizada,media,Incidencia generada automáticamente: Velocidad excesiva,resuelta,aed70801-e045-4738-9a47-117c788a95a4,2025-06-15T02:00:26.089107
67d65693-518d-49ce-829e-339636168ac1,68bb99ea-126b-48bb-be65-c92691de7b73,otro,baja,Incidencia generada automáticamente: Velocidad excesiva,resuelta,aed70801-e045-4738-9a47-117c788a95a4,2025-06-15T02:00:26.090105
8c1e3af2-be80-4158-923a-213a9d239d75,b7492228-1030-4d95-ae42-c4694c762067,otro,baja,Incidencia generada automáticamente: Compartimento abierto,resuelta,aed70801-e045-4738-9a47-117c788a95a4,2025-06-15T02:00:26.092104
54120eee-3204-444b-82af-3203b2fc67b0,58cbfda5-a6c9-485f-a52f-0027f9521d68,problema_temperatura,alta,Incidencia generada automáticamente: Velocidad excesiva,resuelta,aed70801-e045-4738-9a47-117c788a95a4,2025-06-15T02:00:26.091104
12dcaf93-829d-4963-a6f2-ff61bb5fa40b,7291dd9d-1561-495a-b54d-9e1dac7b67c3,otro,baja,Incidencia generada automáticamente: Combustible bajo,resuelta,aed70801-e045-4738-9a47-117c788a95a4,2025-06-15T02:00:26.091104
4b90c909-b6d6-4857-b700-940e2c5df9f2,84245226-ab65-452a-9f76-7d943d6fb3a7,problema_temperatura,alta,Incidencia generada automáticamente: Temperatura fuera de rango,pendiente,aed70801-e045-4738-9a47-117c788a95a4,2025-06-15T02:00:26.089107
d11ea204-e4af-46dd-9d3e-502d908ab0aa,e19de5e7-bf39-4d24-ad88-e5d8a87c4a56,otro,media,Incidencia generada automáticamente: Velocidad excesiva,resuelta,aed70801-e045-4738-9a47-117c788a95a4,2025-06-15T02:00:26.089107
5b908376-fac7-4b73-9776-b69a4d6ef86d,6da1fc32-13d4-4360-b3aa-ce4b39716c29,otro,media,Incidencia generada automáticamente: Compartimento abierto,resuelta,aed70801-e045-4738-9a47-117c788a95a4,2025-06-15T02:00:26.089107
fd6dd05d-ead3-45ee-b0c9-bd6f2a31b255,5f512a3c-6962-412f-acae-90dee8c5365a,apertura_no_autorizada,baja,Incidencia generada automáticamente: Temperatura fuera de rango,resuelta,aed70801-e045-4738-9a47-117c788a95a4,2025-06-15T02:00:26.092104
518961c0-938f-495f-85b7-8df9eca29afc,bd131a3c-85aa-486f-81f1-bbaa374c4f58,otro,alta,Incidencia generada automáticamente: Compartimento abierto,resuelta,aed70801-e045-4738-9a47-117c788a95a4,2025-06-15T02:00:26.091104
7b268813-4deb-4b3f-afa6-9e5345d60f15,68bb99ea-126b-48bb-be65-c92691de7b73,otro,alta,Incidencia generada automáticamente: Combustible bajo,resuelta,aed70801-e045-4738-9a47-117c788a95a4,2025-06-15T02:00:26.090105
6698359c-7a0e-451d-b56a-9a4f7535faaf,e0a720c2-9dcd-4e73-9b54-07d14e0020b8,otro,baja,Incidencia generada automáticamente: Temperatura fuera de rango,resuelta,aed70801-e045-4738-9a47-117c788a95a4,2025-06-15T02:00:26.092104
84591e6e-a3a1-4b03-a499-da92b9829fb3,96e46910-f8d4-42ab-ae99-e0ebef6f85c4,otro,baja,Incidencia generada automáticamente: Compartimento abierto,resuelta,aed70801-e045-4738-9a47-117c788a95a4,2025-06-15T02:00:26.092104
98171988-f435-4198-84e4-2f615195e76f,fa8da925-53c0-4a5f-b228-c5d1710ebf12,otro,alta,Incidencia generada automáticamente: Velocidad excesiva,resuelta,aed70801-e045-4738-9a47-117c788a95a4,2025-06-15T02:00:26.091104
70dc9bfb-b795-4ad6-b78e-470611d43386,d8824f0a-c5fa-4bee-adad-628ac3a4b666,apertura_no_autorizada,media,Incidencia generada automáticamente: Velocidad excesiva,pendiente,aed70801-e045-4738-9a47-117c788a95a4,2025-06-15T02:00:26.092104
d25f4ba2-5282-4b48-92fd-54cbbdec9040,03aa5444-c099-437e-8648-3e1430021709,apertura_no_autorizada,alta,Incidencia generada automáticamente: Compartimento abierto,resuelta,aed70801-e045-4738-9a47-117c788a95a4,2025-06-15T02:00:26.091104
569039b6-4179-446b-bf53-96a5f4edf1ca,e8cc6fac-164c-4ea9-8f8d-37e86f04af62,apertura_no_autorizada,media,Incidencia generada automáticamente: Combustible bajo,resuelta,aed70801-e045-4738-9a47-117c788a95a4,2025-06-15T02:00:26.091104
f84a2635-7e20-45b5-b887-1e64388cb2e0,58761215-bb1f-457f-ad31-540d193ce571,apertura_no_autorizada,baja,Incidencia generada automáticamente: Combustible bajo,resuelta,aed70801-e045-4738-9a47-117c788a95a4,2025-06-15T02:00:26.091104
b842e8e3-cb0a-41b0-8f67-0e5233f3f0df,e749e1c0-9436-4ad8-b377-16a6ab3ba328,otro,media,Incidencia generada automáticamente: Velocidad excesiva,resuelta,aed70801-e045-4738-9a47-117c788a95a4,2025-06-15T02:00:26.091104
23d9d555-9740-4c17-892b-97558d1ae32d,bd131a3c-85aa-486f-81f1-bbaa374c4f58,otro,alta,Incidencia generada automáticamente: Temperatura fuera de rango,pendiente,aed70801-e045-4738-9a47-117c788a95a4,2025-06-15T02:00:26.091104
dfb5a9a8-2b1c-4d2a-86a1-c5b38e2d34ee,53ebb86a-f825-4094-bbbd-2336fd0af30f,otro,baja,Incidencia generada automáticamente: Velocidad excesiva,resuelta,aed70801-e045-4738-9a47-117c788a95a4,2025-06-15T02:00:26.089107
f220c4d2-e53c-4952-8d4e-7660e2e2b498,847459c8-58fd-4e23-b6fb-3e72038fdd88,apertura_no_autorizada,alta,Incidencia generada automáticamente: Combustible bajo,resuelta,aed70801-e045-4738-9a47-117c788a95a4,2025-06-15T02:00:26.091104
3ee9736c-cc4b-4936-beed-1470c54c2e77,aff246f5-dd10-4b17-ba62-110c6636247d,problema_temperatura,baja,Incidencia generada automáticamente: Temperatura fuera de rango,resuelta,aed70801-e045-4738-9a47-117c788a95a4,2025-06-15T02:00:26.092104
85111648-782e-4aa9-9c76-f163c78401ac,87f28754-eb23-49db-bd8b-4419ff2ec563,problema_temperatura,media,Incidencia generada automáticamente: Compartimento abierto,resuelta,aed70801-e045-4738-9a47-117c788a95a4,2025-06-15T02:00:26.089107
f6e79093-ef36-4025-8136-527a56ceca59,e228377e-3a5f-4445-b049-9b0f6cac2708,otro,alta,Incidencia generada automáticamente: Compartimento abierto,resuelta,aed70801-e045-4738-9a47-117c788a95a4,2025-06-15T02:00:26.091104
0f0d1eca-31e1-45f0-a9a9-e74a05d8ebb5,3efe80eb-0dcb-4fc5-b343-330c8d325849,otro,media,Incidencia generada automáticamente: Compartimento abierto,resuelta,aed70801-e045-4738-9a47-117c788a95a4,2025-06-15T02:00:26.091104
d3693296-5156-4171-8f38-080c049ed149,e19de5e7-bf39-4d24-ad88-e5d8a87c4a56,otro,alta,Incidencia generada automáticamente: Velocidad excesiva,resuelta,aed70801-e045-4738-9a47-117c788a95a4,2025-06-15T02:00:26.089107
071c04a4-f0c6-46db-a12c-8d84482f3d91,9b44b8fb-bcaf-4792-b13a-e6c162a03540,apertura_no_autorizada,media,Incidencia generada automáticamente: Velocidad excesiva,resuelta,aed70801-e045-4738-9a47-117c788a95a4,2025-06-15T02:00:26.089107
be22f3b6-c54a-4bba-a810-670e09b21148,a9369730-34ba-402a-bca8-e427feb25487,apertura_no_autorizada,alta,Incidencia generada automáticamente: Temperatura fuera de rango,resuelta,aed70801-e045-4738-9a47-117c788a95a4,2025-06-15T02:00:26.090105
836786df-3c3b-49cb-bb12-b5eb3def77a4,a7b2751b-18b2-44e9-9874-7ee976a58b86,otro,baja,Incidencia generada automáticamente: Velocidad excesiva,resuelta,aed70801-e045-4738-9a47-117c788a95a4,2025-06-15T02:00:26.090105
ff564b50-3712-426b-826f-3d95ec33deb7,76e777cf-4b95-4169-8fc7-a1fb5108a22b,apertura_no_autorizada,alta,Incidencia generada automáticamente: Combustible bajo,resuelta,aed70801-e045-4738-9a47-117c788a95a4,2025-06-15T02:00:26.090105
cc1a475f-3d49-4b2a-8d58-bf4ef21fc70e,232f8ded-446c-4607-86cf-57643ed87813,problema_temperatura,alta,Incidencia generada automáticamente: Compartimento abierto,resuelta,aed70801-e045-4738-9a47-117c788a95a4,2025-06-15T02:00:26.092104
0f676ed6-d37e-43dc-803e-3a899630c772,81c15223-44c7-49e1-8814-d74b2bc62ee5,otro,alta,Incidencia generada automáticamente: Combustible bajo,resuelta,aed70801-e045-4738-9a47-117c788a95a4,2025-06-15T02:00:26.092104
93d4f4c1-e557-4544-ae58-e206a78501aa,e3b619c8-16ce-44fa-8cb5-b321d543664b,apertura_no_autorizada,media,Incidencia generada automáticamente: Velocidad excesiva,resuelta,aed70801-e045-4738-9a47-117c788a95a4,2025-06-15T02:00:26.091104
cdb7d904-50c8-4497-9404-c52442a2e220,0b3ef033-342f-49e5-9dfa-d81ad04f3389,problema_temperatura,alta,Incidencia generada automáticamente: Compartimento abierto,resuelta,aed70801-e045-4738-9a47-117c788a95a4,2025-06-15T02:00:26.089107
a6c7991c-a67f-4985-98a2-763552cfedc6,dc0c883d-6bf2-422c-9683-8869ea2c0c09,apertura_no_autorizada,media,Incidencia generada automáticamente: Combustible bajo,resuelta,aed70801-e045-4738-9a47-117c788a95a4,2025-06-15T02:00:26.091104
754321a2-9f10-4134-ba61-6f115e14cd1c,e2648708-cf1b-4076-9756-737278655211,otro,baja,Incidencia generada automáticamente: Compartimento abierto,pendiente,aed70801-e045-4738-9a47-117c788a95a4,2025-06-15T02:00:26.092104
21aeb8ae-510f-4fa4-940e-c7c559db60c2,639a230d-4a52-4152-b05b-66fca73d36ad,problema_temperatura,media,Incidencia generada automáticamente: Combustible bajo,resuelta,aed70801-e045-4738-9a47-117c788a95a4,2025-06-15T02:00:26.089107
1134e82d-ba0b-43fc-988b-7fe2c579d8b9,e3c7aeb3-1f5c-4ace-9787-729602ac55be,problema_temperatura,baja,Incidencia generada automáticamente: Velocidad excesiva,resuelta,aed70801-e045-4738-9a47-117c788a95a4,2025-06-15T02:00:26.091104
c8c3c338-d42c-4dac-ad9b-63f6952a1eda,801acab3-6525-451f-a8eb-f916c51b8b76,otro,baja,Incidencia generada automáticamente: Compartimento abierto,resuelta,aed70801-e045-4738-9a47-117c788a95a4,2025-06-15T02:00:26.091104
89af35ea-73f3-4c89-912e-e3c872513c31,5e87cd14-2004-4834-89f4-e6057e3451be,otro,media,Incidencia generada automáticamente: Temperatura fuera de rango,resuelta,aed70801-e045-4738-9a47-117c788a95a4,2025-06-15T02:00:26.089107
75ef0038-0695-427a-a0d1-1d367da9bccf,76e777cf-4b95-4169-8fc7-a1fb5108a22b,problema_temperatura,alta,Incidencia generada automáticamente: Compartimento abierto,resuelta,aed70801-e045-4738-9a47-117c788a95a4,2025-06-15T02:00:26.090105
76d3f8d7-d4b2-481e-9a77-48984ae10a3b,b7492228-1030-4d95-ae42-c4694c762067,otro,baja,Incidencia generada automáticamente: Compartimento abierto,resuelta,aed70801-e045-4738-9a47-117c788a95a4,2025-06-15T02:00:26.092104
437161af-f0aa-4a4c-a3ee-8ba75f2dd8bb,d3f89b7b-a7ff-4b3c-b637-36a92a96cab7,problema_temperatura,alta,Incidencia generada automáticamente: Velocidad excesiva,pendiente,aed70801-e045-4738-9a47-117c788a95a4,2025-06-15T02:00:26.091104
afbb642a-7315-4108-ae6e-b65c6ed61514,27feef0b-d1a8-41b2-b0d1-cfbef111dcde,otro,baja,Incidencia generada automáticamente: Velocidad excesiva,resuelta,aed70801-e045-4738-9a47-117c788a95a4,2025-06-15T02:00:26.091104
a620396e-633e-49c3-be1b-ed4453533985,26a1a53d-7426-42af-bc47-e392574d95b4,problema_temperatura,baja,Incidencia generada automáticamente: Temperatura fuera de rango,pendiente,aed70801-e045-4738-9a47-117c788a95a4,2025-06-15T02:00:26.092104
d756be61-1725-4bc3-bf0e-c925b12a05db,0b3ef033-342f-49e5-9dfa-d81ad04f3389,apertura_no_autorizada,media,Incidencia generada automáticamente: Velocidad excesiva,resuelta,aed70801-e045-4738-9a47-117c788a95a4,2025-06-15T02:00:26.089107
b080d664-1e9b-4cc2-b8b5-3ff85b351644,a6f3e287-8b81-4c37-9455-24874b637180,apertura_no_autorizada,media,Incidencia generada automáticamente: Combustible bajo,pendiente,aed70801-e045-4738-9a47-117c788a95a4,2025-06-15T02:00:26.091104
a07c3607-49e6-4fe3-9d8a-a7c281de6bf2,8937731b-5a52-4bec-adb8-b03bf2cf6120,problema_temperatura,media,Incidencia generada automáticamente: Velocidad excesiva,resuelta,aed70801-e045-4738-9a47-117c788a95a4,2025-06-15T02:00:26.089107
5fac2698-c731-4edb-aa3d-edad41891c1d,68bb99ea-126b-48bb-be65-c92691de7b73,otro,baja,Incidencia generada automáticamente: Compartimento abierto,resuelta,aed70801-e045-4738-9a47-117c788a95a4,2025-06-15T02:00:26.090105
33fec47e-369c-4de3-b475-1cce5fd37dda,84f8e8a6-88b0-498f-a45d-f573bb08d0a2,problema_temperatura,media,Incidencia generada automáticamente: Combustible bajo,resuelta,aed70801-e045-4738-9a47-117c788a95a4,2025-06-15T02:00:26.089107
8472f28d-a079-41bf-8e71-3660ef198e61,154ff78e-ac33-44ad-ba83-b7271d8a53b4,apertura_no_autorizada,media,Incidencia generada automáticamente: Compartimento abierto,resuelta,aed70801-e045-4738-9a47-117c788a95a4,2025-06-15T02:00:26.090105
4d31fbb6-7b53-4d39-a7f9-ab9ba92b26b0,d8824f0a-c5fa-4bee-adad-628ac3a4b666,problema_temperatura,alta,Incidencia generada automáticamente: Temperatura fuera de rango,resuelta,aed70801-e045-4738-9a47-117c788a95a4,2025-06-15T02:00:26.092104
c8385018-7e8d-47f5-9c21-67f46adda77d,f7db7b48-b3e7-48d9-b9fa-29726c60c65d,otro,media,Incidencia generada automáticamente: Compartimento abierto,resuelta,aed70801-e045-4738-9a47-117c788a95a4,2025-06-15T02:00:26.092104
00b708eb-6ddd-44b5-80f0-60d2cc0a23c1,41160f23-4b75-496b-8302-bcb3ae827a23,otro,baja,Incidencia generada automáticamente: Combustible bajo,resuelta,aed70801-e045-4738-9a47-117c788a95a4,2025-06-15T02:00:26.089107
03982e8f-839d-4ba6-bd02-ae948eff1cf7,e749e1c0-9436-4ad8-b377-16a6ab3ba328,otro,media,Incidencia generada automáticamente: Compartimento abierto,resuelta,aed70801-e045-4738-9a47-117c788a95a4,2025-06-15T02:00:26.091104
4f9a736f-b376-4dd2-9747-95b38e1cb643,82da888e-1245-4fdd-ae84-17d4ceaadc42,otro,alta,Incidencia generada automáticamente: Velocidad excesiva,resuelta,aed70801-e045-4738-9a47-117c788a95a4,2025-06-15T02:00:26.089107
1954f33e-4024-4b84-96d7-a687811deb00,a6f3e287-8b81-4c37-9455-24874b637180,otro,alta,Incidencia generada automáticamente: Velocidad excesiva,resuelta,aed70801-e045-4738-9a47-117c788a95a4,2025-06-15T02:00:26.091104
1db5cd2b-d34c-423a-9b32-865409baa296,1a2f3494-ecae-476b-af04-226a7407c252,otro,baja,Incidencia generada automáticamente: Compartimento abierto,pendiente,aed70801-e045-4738-9a47-117c788a95a4,2025-06-15T02:00:26.089107
ceab8701-5333-4d4e-9865-6cce6ddbaa84,e19de5e7-bf39-4d24-ad88-e5d8a87c4a56,apertura_no_autorizada,alta,Incidencia generada automáticamente: Combustible bajo,resuelta,aed70801-e045-4738-9a47-117c788a95a4,2025-06-15T02:00:26.089107
5511172c-ed5b-4fc3-b805-36023fef6672,367248b7-1333-463f-a744-0a153d9eff9d,apertura_no_autorizada,baja,Incidencia generada automáticamente: Temperatura fuera de rango,pendiente,aed70801-e045-4738-9a47-117c788a95a4,2025-06-15T02:00:26.092104
49eafa6a-1e7b-4baf-b80f-a97330883672,7235397c-42d7-41ce-876e-e37f19ad826d,apertura_no_autorizada,baja,Incidencia generada automáticamente: Velocidad excesiva,resuelta,aed70801-e045-4738-9a47-117c788a95a4,2025-06-15T02:00:26.092104
f00bcbd6-2cf6-4dca-bc20-78b58aff9e7c,d5a30999-364f-4548-9718-85595b3b113a,otro,media,Incidencia generada automáticamente: Compartimento abierto,resuelta,aed70801-e045-4738-9a47-117c788a95a4,2025-06-15T02:00:26.089107
affdde83-1cbc-4659-87f8-9cfe1a96b954,64cec840-0ea1-40db-8319-a4551c310bfc,otro,alta,Incidencia generada automáticamente: Compartimento abierto,resuelta,aed70801-e045-4738-9a47-117c788a95a4,2025-06-15T02:00:26.092104
de71319c-d2e5-4fae-ba63-16e1bd080918,4ecd94fe-b101-4952-b86a-3bfc1d0ac18a,problema_temperatura,media,Incidencia generada automáticamente: Compartimento abierto,resuelta,aed70801-e045-4738-9a47-117c788a95a4,2025-06-15T02:00:26.089107
60487be4-3cd9-432a-8c1f-9b5bc55f34f4,6da1fc32-13d4-4360-b3aa-ce4b39716c29,apertura_no_autorizada,alta,Incidencia generada automáticamente: Compartimento abierto,resuelta,aed70801-e045-4738-9a47-117c788a95a4,2025-06-15T02:00:26.089107
c77c1c9f-fd57-46e0-afbd-49e45cd9c6a3,4ea5f9ae-13b9-4c07-8347-644e62aeec0e,problema_temperatura,alta,Incidencia generada automáticamente: Temperatura fuera de rango,resuelta,aed70801-e045-4738-9a47-117c788a95a4,2025-06-15T02:00:26.090105
365f8867-549a-4699-bdef-ed49caf9cca6,5e87cd14-2004-4834-89f4-e6057e3451be,otro,alta,Incidencia generada automáticamente: Combustible bajo,resuelta,aed70801-e045-4738-9a47-117c788a95a4,2025-06-15T02:00:26.089107
2a3fc542-ff85-4c96-ae99-b7586c2519e5,34f6b9fa-8e2e-4039-abe9-b4c581f05c1e,otro,baja,Incidencia generada automáticamente: Compartimento abierto,resuelta,aed70801-e045-4738-9a47-117c788a95a4,2025-06-15T02:00:26.091104
60199fc0-9ee6-43f8-a8c2-27d42ea50df3,6bd0e25b-c00f-4f12-a10d-96b5b2814dbc,apertura_no_autorizada,baja,Incidencia generada automáticamente: Compartimento abierto,resuelta,aed70801-e045-4738-9a47-117c788a95a4,2025-06-15T02:00:26.091104
e9c83d20-18a7-480e-81c9-21b61cd1fdf0,6f2923f2-1fac-41e6-bab1-9e6a9457fac1,apertura_no_autorizada,alta,Incidencia generada automáticamente: Temperatura fuera de rango,resuelta,aed70801-e045-4738-9a47-117c788a95a4,2025-06-15T02:00:26.091104
b313bf8c-a238-4f20-b43a-13fb96ceef4d,e19de5e7-bf39-4d24-ad88-e5d8a87c4a56,otro,media,Incidencia generada automáticamente: Combustible bajo,resuelta,aed70801-e045-4738-9a47-117c788a95a4,2025-06-15T02:00:26.089107
581a0b49-2273-48db-98bf-60c5ec7fec45,9f69be0e-eea1-4121-96b4-066b075dcbeb,apertura_no_autorizada,alta,Incidencia generada automáticamente: Velocidad excesiva,resuelta,aed70801-e045-4738-9a47-117c788a95a4,2025-06-15T02:00:26.092104
97f2ae36-5275-4fbb-a610-faa529783937,a696db86-9ff7-4f6e-992d-5c7c995dd035,apertura_no_autorizada,alta,Incidencia generada automáticamente: Compartimento abierto,resuelta,aed70801-e045-4738-9a47-117c788a95a4,2025-06-15T02:00:26.089107
f492a769-bd1f-41b9-9719-56a00e08d232,1d6c2638-a40a-40f4-b016-c9192b3464e3,otro,baja,Incidencia generada automáticamente: Temperatura fuera de rango,resuelta,aed70801-e045-4738-9a47-117c788a95a4,2025-06-15T02:00:26.092104
214ae11a-8647-49af-868b-3ac6e507c7a9,b6f8308d-ffa0-4272-8a2a-696031e3c726,otro,alta,Incidencia generada automáticamente: Velocidad excesiva,pendiente,aed70801-e045-4738-9a47-117c788a95a4,2025-06-15T02:00:26.090105
bafc02be-1623-4015-9b43-f665fd71c728,28b33cb8-7172-46d6-91e7-09e6f9ccdd7c,otro,alta,Incidencia generada automáticamente: Temperatura fuera de rango,pendiente,aed70801-e045-4738-9a47-117c788a95a4,2025-06-15T02:00:26.089107
2f74f19f-a8be-45a2-87db-d45366698379,3737cbac-7195-4c5f-b8e9-da403060dc23,otro,media,Incidencia generada automáticamente: Velocidad excesiva,resuelta,aed70801-e045-4738-9a47-117c788a95a4,2025-06-15T02:00:26.091104
272c6aeb-6962-43f3-9f56-2ef5fb2a445f,78658437-e5ae-4ad7-a72a-d8653c66cac6,otro,alta,Incidencia generada automáticamente: Velocidad excesiva,resuelta,aed70801-e045-4738-9a47-117c788a95a4,2025-06-15T02:00:26.092104
091222ee-8f48-4967-9502-092c2357b553,6e9e5ab6-b8bd-4f83-b7d5-317456e2e489,otro,media,Incidencia generada automáticamente: Temperatura fuera de rango,resuelta,aed70801-e045-4738-9a47-117c788a95a4,2025-06-15T02:00:26.089107
22e8d590-b2d5-43ce-8ea5-0a1c059d2cbe,98f6f448-cbde-4b09-8ea8-73c6cd49d489,apertura_no_autorizada,media,Incidencia generada automáticamente: Compartimento abierto,resuelta,aed70801-e045-4738-9a47-117c788a95a4,2025-06-15T02:00:26.091104
0e007e08-3f2c-4216-b6e5-430a3614fc25,94b23a3b-9bb4-4246-9baa-16b95ea97da1,problema_temperatura,alta,Incidencia generada automáticamente: Velocidad excesiva,resuelta,aed70801-e045-4738-9a47-117c788a95a4,2025-06-15T02:00:26.091104
7a7bb7b6-7dbd-4ba8-8909-d4e402c11008,e8cc6fac-164c-4ea9-8f8d-37e86f04af62,otro,alta,Incidencia generada automáticamente: Velocidad excesiva,resuelta,aed70801-e045-4738-9a47-117c788a95a4,2025-06-15T02:00:26.091104
86f88a6a-6f30-4f92-bcdb-38b3114388cd,7eb69346-6bec-4dc2-947e-fd258319945f,problema_temperatura,media,Incidencia generada automáticamente: Compartimento abierto,resuelta,aed70801-e045-4738-9a47-117c788a95a4,2025-06-15T02:00:26.091104
4312c4af-239f-48dc-a5bd-a66fbbcf1ac5,095d2e9a-465a-45e3-8b5b-3d71c769ba1a,apertura_no_autorizada,baja,Incidencia generada automáticamente: Compartimento abierto,resuelta,aed70801-e045-4738-9a47-117c788a95a4,2025-06-15T02:00:26.089107
2bf40467-c474-4b5f-b55c-d6d422b8345f,e613efd4-2099-45e7-a5a6-92bdf57ddbbb,otro,baja,Incidencia generada automáticamente: Temperatura fuera de rango,resuelta,aed70801-e045-4738-9a47-117c788a95a4,2025-06-15T02:00:26.089107
0cba5d7f-d985-4bdf-921c-e3892c9a3def,3e9d8c7d-9806-4894-a0e2-a9956ae4f997,otro,media,Incidencia generada automáticamente: Velocidad excesiva,resuelta,aed70801-e045-4738-9a47-117c788a95a4,2025-06-15T02:00:26.092104
b120b184-af1a-4224-9388-98333eeddcdf,8937731b-5a52-4bec-adb8-b03bf2cf6120,otro,media,Incidencia generada automáticamente: Temperatura fuera de rango,resuelta,aed70801-e045-4738-9a47-117c788a95a4,2025-06-15T02:00:26.089107
42c3ac9b-4116-4f77-a1a6-d5fda169c4fe,58cbfda5-a6c9-485f-a52f-0027f9521d68,problema_temperatura,alta,Incidencia generada automáticamente: Compartimento abierto,resuelta,aed70801-e045-4738-9a47-117c788a95a4,2025-06-15T02:00:26.091104
335d482e-4c05-46fd-941e-91465ec66e26,26522268-85d5-41c4-901e-a01f529c369e,problema_temperatura,media,Incidencia generada automáticamente: Velocidad excesiva,resuelta,aed70801-e045-4738-9a47-117c788a95a4,2025-06-15T02:00:26.089107
305dd7b8-19e9-4109-9d5b-d4ec2cfe21f2,ab5b31f6-c7b9-4571-b1ea-8795ef817e0f,otro,alta,Incidencia generada automáticamente: Compartimento abierto,resuelta,aed70801-e045-4738-9a47-117c788a95a4,2025-06-15T02:00:26.092104
b9343203-f75f-4187-ba1f-52ec12a0fbe8,0a7240fd-8f1d-4db8-a4ad-58110717d440,otro,alta,Incidencia generada automáticamente: Compartimento abierto,resuelta,aed70801-e045-4738-9a47-117c788a95a4,2025-06-15T02:00:26.092104
5eaa6e0f-658b-426d-882f-c3de4bce61fb,20367d24-83a2-4cdf-a5eb-86803b47b943,otro,alta,Incidencia generada automáticamente: Velocidad excesiva,resuelta,aed70801-e045-4738-9a47-117c788a95a4,2025-06-15T02:00:26.091104
ad1da734-4020-439f-a7a9-25e376175b62,782d0004-d642-4d68-bbe8-9670733a168c,problema_temperatura,media,Incidencia generada automáticamente: Velocidad excesiva,resuelta,aed70801-e045-4738-9a47-117c788a95a4,2025-06-15T02:00:26.089107
8c96e1ce-71cc-4a49-97d1-d038f944360b,b2ed2b9c-c1fd-4d24-aba1-cff73c55e632,problema_temperatura,baja,Incidencia generada automáticamente: Velocidad excesiva,pendiente,aed70801-e045-4738-9a47-117c788a95a4,2025-06-15T02:00:26.090105
eaf5b0d0-f266-43d7-bd38-2b6575818111,fb4528cb-2e95-4339-89c7-750903644754,otro,alta,Incidencia generada automáticamente: Compartimento abierto,resuelta,aed70801-e045-4738-9a47-117c788a95a4,2025-06-15T02:00:26.089107
bb0ff6f5-cf19-4e08-b123-e7ba7f9c295a,81c15223-44c7-49e1-8814-d74b2bc62ee5,otro,media,Incidencia generada automáticamente: Combustible bajo,resuelta,aed70801-e045-4738-9a47-117c788a95a4,2025-06-15T02:00:26.092104
bc857332-b517-4b9f-ad65-34535b825864,4d70ca80-cf55-4abb-9233-6fbd048807be,apertura_no_autorizada,baja,Incidencia generada automáticamente: Compartimento abierto,resuelta,aed70801-e045-4738-9a47-117c788a95a4,2025-06-15T02:00:26.092104
f91dc9be-52db-4ee8-b747-e3f54d2557d5,b1faed28-58fb-4022-8e90-3c39cc17eaee,otro,media,Incidencia generada automáticamente: Temperatura fuera de rango,resuelta,aed70801-e045-4738-9a47-117c788a95a4,2025-06-15T02:00:26.089107
c4cfdee2-0a67-4b79-ba6a-ed388644d6c1,1bbc020e-8b7b-4343-984f-e8e2524916b2,problema_temperatura,alta,Incidencia generada automáticamente: Combustible bajo,resuelta,aed70801-e045-4738-9a47-117c788a95a4,2025-06-15T02:00:26.090105
a33763d2-6055-4146-a782-d9757b27b707,88bf2f8b-51ac-41e5-804b-9127418dfc79,otro,alta,Incidencia generada automáticamente: Temperatura fuera de rango,resuelta,aed70801-e045-4738-9a47-117c788a95a4,2025-06-15T02:00:26.092104
e9f7ae4a-4789-4c4c-bd03-cdcf3658c8b9,60b3eb9d-4cdb-4299-86a5-193db3344d8c,apertura_no_autorizada,alta,Incidencia generada automáticamente: Compartimento abierto,pendiente,aed70801-e045-4738-9a47-117c788a95a4,2025-06-15T02:00:26.091104
678b2ba8-1566-42a0-96b5-ee11f18d6d97,64cec840-0ea1-40db-8319-a4551c310bfc,otro,alta,Incidencia generada automáticamente: Velocidad excesiva,resuelta,aed70801-e045-4738-9a47-117c788a95a4,2025-06-15T02:00:26.092104
9bc23632-6f3a-4bf7-ac06-2a01da25091f,59ddad80-c67c-4779-acbc-22e47d486b5d,otro,baja,Incidencia generada automáticamente: Combustible bajo,resuelta,aed70801-e045-4738-9a47-117c788a95a4,2025-06-15T02:00:26.091104
7ccbfc69-24ce-4cec-96d1-81352485c69a,da3d56fa-5d8c-4465-9921-b748027bba4e,otro,baja,Incidencia generada automáticamente: Temperatura fuera de rango,resuelta,aed70801-e045-4738-9a47-117c788a95a4,2025-06-15T02:00:26.092104
790c73d0-c9fb-4562-8c7d-3c5ffadc29d4,a9369730-34ba-402a-bca8-e427feb25487,problema_temperatura,media,Incidencia generada automáticamente: Velocidad excesiva,resuelta,aed70801-e045-4738-9a47-117c788a95a4,2025-06-15T02:00:26.090105
ae0cb771-8837-4a40-b7f9-9220a6e6c6ef,7bfe6958-3fcf-4e23-891c-0e87b8859df2,otro,media,Incidencia generada automáticamente: Compartimento abierto,resuelta,aed70801-e045-4738-9a47-117c788a95a4,2025-06-15T02:00:26.089107
5a216952-95c1-4fc9-90a6-9ffe1983d303,3a824680-3172-43c9-aaa6-0701cdc23cb6,apertura_no_autorizada,media,Incidencia generada automáticamente: Velocidad excesiva,resuelta,aed70801-e045-4738-9a47-117c788a95a4,2025-06-15T02:00:26.089107
eaaf3ecc-702f-4f24-a311-7960fcd29969,ef370fd5-bfec-454b-8b40-bfc7eec32ad3,apertura_no_autorizada,baja,Incidencia generada automáticamente: Compartimento abierto,resuelta,aed70801-e045-4738-9a47-117c788a95a4,2025-06-15T02:00:26.089107
03e84ccf-a3f7-4377-b72a-a07097ed379a,322d4c58-b2a3-44b4-8a77-b68112e5801a,otro,media,Incidencia generada automáticamente: Temperatura fuera de rango,resuelta,aed70801-e045-4738-9a47-117c788a95a4,2025-06-15T02:00:26.090105
efa7b4bb-5f3d-46d6-afbe-c105527a15e0,e020a7e4-9b6e-429c-9987-3d3e85eca972,apertura_no_autorizada,alta,Incidencia generada automáticamente: Velocidad excesiva,pendiente,aed70801-e045-4738-9a47-117c788a95a4,2025-06-15T02:00:26.090105
de8c2a2b-02a7-4126-a66e-57b635e49f81,cb06c01d-c7b9-4980-b552-f9d53dea4987,apertura_no_autorizada,media,Incidencia generada automáticamente: Velocidad excesiva,resuelta,aed70801-e045-4738-9a47-117c788a95a4,2025-06-15T02:00:26.092104
bc70c202-7671-4388-bd25-5b59ee07dd08,ca8842eb-5da2-4005-8f82-33550e8332a2,otro,media,Incidencia generada automáticamente: Temperatura fuera de rango,pendiente,aed70801-e045-4738-9a47-117c788a95a4,2025-06-15T02:00:26.092104
0121e834-70f4-4984-a7a7-cf7de59488c4,e020a7e4-9b6e-429c-9987-3d3e85eca972,otro,media,Incidencia generada automáticamente: Combustible bajo,resuelta,aed70801-e045-4738-9a47-117c788a95a4,2025-06-15T02:00:26.090105
9c1a974b-1b8a-4359-90c8-4e636f18078b,4d70ca80-cf55-4abb-9233-6fbd048807be,otro,media,Incidencia generada automáticamente: Temperatura fuera de rango,resuelta,aed70801-e045-4738-9a47-117c788a95a4,2025-06-15T02:00:26.092104
a142df6d-0fd3-4c89-a29b-ea99f1bc78a7,80ad65ee-517a-4966-9de3-3434a99a4b06,otro,media,Incidencia generada automáticamente: Compartimento abierto,resuelta,aed70801-e045-4738-9a47-117c788a95a4,2025-06-15T02:00:26.092104
5059aa72-ac6c-4c18-aad5-25556dcd3814,8937731b-5a52-4bec-adb8-b03bf2cf6120,otro,baja,Incidencia generada automáticamente: Temperatura fuera de rango,resuelta,aed70801-e045-4738-9a47-117c788a95a4,2025-06-15T02:00:26.089107
7892786c-c361-4606-be6d-34f068c25449,754f093a-2f2b-4e23-afdb-beb6e502bbdf,apertura_no_autorizada,media,Incidencia generada automáticamente: Compartimento abierto,resuelta,aed70801-e045-4738-9a47-117c788a95a4,2025-06-15T02:00:26.091104
bd855f6f-ccaf-426a-9fda-fa540957f886,322d4c58-b2a3-44b4-8a77-b68112e5801a,problema_temperatura,media,Incidencia generada automáticamente: Temperatura fuera de rango,resuelta,aed70801-e045-4738-9a47-117c788a95a4,2025-06-15T02:00:26.090105
885de24c-eca9-4e36-92be-5d64b266112a,dc0c883d-6bf2-422c-9683-8869ea2c0c09,apertura_no_autorizada,media,Incidencia generada automáticamente: Combustible bajo,resuelta,aed70801-e045-4738-9a47-117c788a95a4,2025-06-15T02:00:26.091104
91d5ecdf-000a-43db-b7c9-56da3e0ed5d5,6f69072c-1efa-4637-8ea6-4d2308b57da7,apertura_no_autorizada,baja,Incidencia generada automáticamente: Velocidad excesiva,resuelta,aed70801-e045-4738-9a47-117c788a95a4,2025-06-15T02:00:26.090105
68c5c64f-3604-4113-b47d-d9b0d721d16e,f7db7b48-b3e7-48d9-b9fa-29726c60c65d,otro,alta,Incidencia generada automáticamente: Temperatura fuera de rango,resuelta,aed70801-e045-4738-9a47-117c788a95a4,2025-06-15T02:00:26.092104
b3833cbe-d5f4-4e9c-acfc-ab277ff18faa,b354114b-0ad2-4f86-b8a4-1a84a5a21505,otro,media,Incidencia generada automáticamente: Temperatura fuera de rango,resuelta,aed70801-e045-4738-9a47-117c788a95a4,2025-06-15T02:00:26.090105
3a28ccc6-99f0-44c2-9fb5-3393734cbc61,e71c1f7d-f19f-491d-b8a9-24aa5f4e55f7,otro,alta,Incidencia generada automáticamente: Velocidad excesiva,resuelta,aed70801-e045-4738-9a47-117c788a95a4,2025-06-15T02:00:26.092104
59b4d9a1-cccc-4561-a6b6-01f2396bde32,4c4ecb5a-dd66-479a-90a5-4efb4bdcc7b7,otro,media,Incidencia generada automáticamente: Temperatura fuera de rango,resuelta,aed70801-e045-4738-9a47-117c788a95a4,2025-06-15T02:00:26.091104
ab07cccf-d24a-4cf0-abb7-ee3cd768a5b5,28b33cb8-7172-46d6-91e7-09e6f9ccdd7c,apertura_no_autorizada,baja,Incidencia generada automáticamente: Temperatura fuera de rango,resuelta,aed70801-e045-4738-9a47-117c788a95a4,2025-06-15T02:00:26.089107
911d671f-ac21-4a99-ac70-995afec17197,e228377e-3a5f-4445-b049-9b0f6cac2708,problema_temperatura,alta,Incidencia generada automáticamente: Velocidad excesiva,resuelta,aed70801-e045-4738-9a47-117c788a95a4,2025-06-15T02:00:26.091104
be672c2b-4ed8-4a70-b274-59685a8143e1,f7ebe2af-1971-415f-b657-1c9953d771ed,problema_temperatura,baja,Incidencia generada automáticamente: Velocidad excesiva,resuelta,aed70801-e045-4738-9a47-117c788a95a4,2025-06-15T02:00:26.089107
c8ec5ba2-b0bc-472c-a91f-73e4271110e3,a9c96c72-8107-4c03-add0-1249f21fae95,apertura_no_autorizada,media,Incidencia generada automáticamente: Combustible bajo,pendiente,aed70801-e045-4738-9a47-117c788a95a4,2025-06-15T02:00:26.091104
81ebb371-498a-4090-9e08-ded841fe4742,e2648708-cf1b-4076-9756-737278655211,otro,baja,Incidencia generada automáticamente: Combustible bajo,resuelta,aed70801-e045-4738-9a47-117c788a95a4,2025-06-15T02:00:26.092104
95aeb75b-6aaa-48b4-933d-629b50a12d5c,81c15223-44c7-49e1-8814-d74b2bc62ee5,apertura_no_autorizada,baja,Incidencia generada automáticamente: Temperatura fuera de rango,pendiente,aed70801-e045-4738-9a47-117c788a95a4,2025-06-15T02:00:26.092104
39b49e60-1ab9-408c-86c9-685940be1bca,94b23a3b-9bb4-4246-9baa-16b95ea97da1,otro,baja,Incidencia generada automáticamente: Combustible bajo,resuelta,aed70801-e045-4738-9a47-117c788a95a4,2025-06-15T02:00:26.091104
45ea7635-2181-4308-bb7b-c72d05d57440,fa1f078d-fa3c-4a85-99ca-9bd744161025,problema_temperatura,alta,Incidencia generada automáticamente: Combustible bajo,resuelta,aed70801-e045-4738-9a47-117c788a95a4,2025-06-15T02:00:26.089107
a52ca37e-3941-4b40-9bd8-bee70e1ca2d1,d3f89b7b-a7ff-4b3c-b637-36a92a96cab7,problema_temperatura,alta,Incidencia generada automáticamente: Compartimento abierto,resuelta,aed70801-e045-4738-9a47-117c788a95a4,2025-06-15T02:00:26.091104
28b8ddfe-e34a-4b2e-ac80-fea8ddce6dab,31a871aa-e39e-49fe-b1a0-c45b0979f114,problema_temperatura,alta,Incidencia generada automáticamente: Compartimento abierto,resuelta,aed70801-e045-4738-9a47-117c788a95a4,2025-06-15T02:00:26.090105
8945fc1d-acc8-459f-a4c9-c561107deb10,bfa60362-1fcd-45da-bdeb-ed6ef8b66705,apertura_no_autorizada,media,Incidencia generada automáticamente: Combustible bajo,resuelta,aed70801-e045-4738-9a47-117c788a95a4,2025-06-15T02:00:26.089107
fbfabb1b-da0e-4482-a2aa-f091a3d5f98b,ed794475-44bc-46e8-acae-ebdad7c593c4,problema_temperatura,media,Incidencia generada automáticamente: Combustible bajo,pendiente,aed70801-e045-4738-9a47-117c788a95a4,2025-06-15T02:00:26.091104
9d31a215-c9c5-40dd-b9cb-4b7a8d6a4a78,50a73006-28c0-43ce-b33e-df5fc5423ce2,problema_temperatura,alta,Incidencia generada automáticamente: Temperatura fuera de rango,resuelta,aed70801-e045-4738-9a47-117c788a95a4,2025-06-15T02:00:26.091104
a8ab430a-5f5d-4c1e-bd44-9957cb24896e,6c6b87a7-c8e2-4b88-bbac-7d9f3fdb010c,apertura_no_autorizada,alta,Incidencia generada automáticamente: Velocidad excesiva,resuelta,aed70801-e045-4738-9a47-117c788a95a4,2025-06-15T02:00:26.091104
3942712b-cacc-4705-b9f0-8e85cc7a39e7,6f69072c-1efa-4637-8ea6-4d2308b57da7,otro,media,Incidencia generada automáticamente: Combustible bajo,resuelta,aed70801-e045-4738-9a47-117c788a95a4,2025-06-15T02:00:26.090105
d1f9aa0a-698d-4e2e-8b2d-dfc59ce92d8c,b21fabbd-abf6-487b-ab9a-ac06eeb0ce91,otro,media,Incidencia generada automáticamente: Temperatura fuera de rango,resuelta,aed70801-e045-4738-9a47-117c788a95a4,2025-06-15T02:00:26.089107
9b6abfe9-661d-4778-9f29-77e5c4a296b2,db53954e-b505-4475-b211-fc47fbb09143,otro,media,Incidencia generada automáticamente: Velocidad excesiva,resuelta,aed70801-e045-4738-9a47-117c788a95a4,2025-06-15T02:00:26.089107
52dc0c92-a75d-47cc-9c37-bf48ccab0538,26a1a53d-7426-42af-bc47-e392574d95b4,otro,baja,Incidencia generada automáticamente: Combustible bajo,resuelta,aed70801-e045-4738-9a47-117c788a95a4,2025-06-15T02:00:26.092104
4856c974-699c-4b9e-bd39-1b702973bc0d,ce4f9c1f-77ea-4f00-a9ef-1166f83c41f1,apertura_no_autorizada,alta,Incidencia generada automáticamente: Compartimento abierto,resuelta,aed70801-e045-4738-9a47-117c788a95a4,2025-06-15T02:00:26.092104
c2be5c81-45df-47c1-bf4e-3d6336b30646,a919f212-bb5c-443d-9bd3-0a310f5f79a9,otro,media,Incidencia generada automáticamente: Combustible bajo,resuelta,aed70801-e045-4738-9a47-117c788a95a4,2025-06-15T02:00:26.091104
e5fb04e4-b3a7-4b21-b195-26cc3062a82d,e3b619c8-16ce-44fa-8cb5-b321d543664b,problema_temperatura,media,Incidencia generada automáticamente: Velocidad excesiva,resuelta,aed70801-e045-4738-9a47-117c788a95a4,2025-06-15T02:00:26.091104
7e7ec673-1555-4f88-a61d-abce2d1a4f79,db53954e-b505-4475-b211-fc47fbb09143,problema_temperatura,media,Incidencia generada automáticamente: Combustible bajo,resuelta,aed70801-e045-4738-9a47-117c788a95a4,2025-06-15T02:00:26.089107
dd3ebbad-67ff-4818-adc0-df41b23e9cc7,095d2e9a-465a-45e3-8b5b-3d71c769ba1a,otro,baja,Incidencia generada automáticamente: Combustible bajo,resuelta,aed70801-e045-4738-9a47-117c788a95a4,2025-06-15T02:00:26.089107
e34a1ad1-ddbb-4641-9574-4caae03304b1,e71c1f7d-f19f-491d-b8a9-24aa5f4e55f7,problema_temperatura,alta,Incidencia generada automáticamente: Velocidad excesiva,resuelta,aed70801-e045-4738-9a47-117c788a95a4,2025-06-15T02:00:26.092104
4870595a-9cbd-444a-a0df-636058d4fdc2,fa1f078d-fa3c-4a85-99ca-9bd744161025,apertura_no_autorizada,baja,Incidencia generada automáticamente: Compartimento abierto,pendiente,aed70801-e045-4738-9a47-117c788a95a4,2025-06-15T02:00:26.089107
154fd167-51ae-42d7-871f-c70e45ef8b23,3696c0b0-ea2d-459d-ba2e-98c336d656d8,otro,alta,Incidencia generada automáticamente: Temperatura fuera de rango,resuelta,aed70801-e045-4738-9a47-117c788a95a4,2025-06-15T02:00:26.089107
f5e9c05e-e61d-4aee-bce9-11208ed4a664,3a824680-3172-43c9-aaa6-0701cdc23cb6,apertura_no_autorizada,alta,Incidencia generada automáticamente: Temperatura fuera de rango,resuelta,aed70801-e045-4738-9a47-117c788a95a4,2025-06-15T02:00:26.089107
749f59b0-d826-49b8-bca7-693ceed78f01,2d1cc634-a11e-4fd0-b5e6-cf00add7b81c,otro,alta,Incidencia generada automáticamente: Compartimento abierto,resuelta,aed70801-e045-4738-9a47-117c788a95a4,2025-06-15T02:00:26.089107
7261e0f5-23cb-4c7f-85dc-3cc86378a33f,d2a91427-d33f-4f12-8ef4-b6dc32280000,otro,alta,Incidencia generada automáticamente: Compartimento abierto,resuelta,aed70801-e045-4738-9a47-117c788a95a4,2025-06-15T02:00:26.091104
a2405fd2-5d4a-4b6c-9b29-5c5610a53b72,ab5b31f6-c7b9-4571-b1ea-8795ef817e0f,otro,alta,Incidencia generada automáticamente: Combustible bajo,resuelta,aed70801-e045-4738-9a47-117c788a95a4,2025-06-15T02:00:26.092104
03467095-c639-4992-813a-427adff8bede,57eec9f0-b47b-4aa0-b97e-7802eb985c7d,apertura_no_autorizada,alta,Incidencia generada automáticamente: Temperatura fuera de rango,resuelta,aed70801-e045-4738-9a47-117c788a95a4,2025-06-15T02:00:26.092104
83091770-c36d-4938-a603-5eb4318b7e33,1d6c2638-a40a-40f4-b016-c9192b3464e3,otro,media,Incidencia generada automáticamente: Temperatura fuera de rango,resuelta,aed70801-e045-4738-9a47-117c788a95a4,2025-06-15T02:00:26.092104
0ad4e84f-523e-4418-8d8b-deacfcf7c6a8,9722fdc8-4484-4fd9-b587-dd4185b1acdb,apertura_no_autorizada,baja,Incidencia generada automáticamente: Compartimento abierto,resuelta,aed70801-e045-4738-9a47-117c788a95a4,2025-06-15T02:00:26.089107
f866ca64-7e08-44ad-8df6-b0e4d8e66725,ca8842eb-5da2-4005-8f82-33550e8332a2,apertura_no_autorizada,media,Incidencia generada automáticamente: Temperatura fuera de rango,resuelta,aed70801-e045-4738-9a47-117c788a95a4,2025-06-15T02:00:26.092104
1af89bca-bf92-4c6d-baec-ce0fd3d89d67,dc0c883d-6bf2-422c-9683-8869ea2c0c09,otro,alta,Incidencia generada automáticamente: Velocidad excesiva,resuelta,aed70801-e045-4738-9a47-117c788a95a4,2025-06-15T02:00:26.091104
cea456e3-8122-4782-96b8-edab9283cfb7,58761215-bb1f-457f-ad31-540d193ce571,otro,alta,Incidencia generada automáticamente: Compartimento abierto,resuelta,aed70801-e045-4738-9a47-117c788a95a4,2025-06-15T02:00:26.091104
b7cea663-839a-4988-80a3-22ca908d2ea0,7bfe6958-3fcf-4e23-891c-0e87b8859df2,otro,baja,Incidencia generada automáticamente: Combustible bajo,resuelta,aed70801-e045-4738-9a47-117c788a95a4,2025-06-15T02:00:26.089107
ad3c5261-9394-4f5e-bb53-3a9953f82966,d001eb3b-46d0-453e-ac43-71a9b30396fa,otro,media,Incidencia generada automáticamente: Temperatura fuera de rango,resuelta,aed70801-e045-4738-9a47-117c788a95a4,2025-06-15T02:00:26.092104
6e83e13d-52eb-4f01-8c66-bd2ff21b0f9b,3b420d48-5e62-4f8b-ba17-178576e1866b,problema_temperatura,alta,Incidencia generada automáticamente: Temperatura fuera de rango,resuelta,aed70801-e045-4738-9a47-117c788a95a4,2025-06-15T02:00:26.089107
2250d28e-e049-42e2-ba5c-4460e4d04785,b5aba6db-19eb-4e9d-b00b-0d1667171c38,otro,baja,Incidencia generada automáticamente: Combustible bajo,resuelta,aed70801-e045-4738-9a47-117c788a95a4,2025-06-15T02:00:26.091104
109f2de0-fe4d-4777-a333-f8dcc2afc00c,415650ff-3f26-4f4e-b0a8-8bf4bab8844f,apertura_no_autorizada,baja,Incidencia generada automáticamente: Compartimento abierto,pendiente,aed70801-e045-4738-9a47-117c788a95a4,2025-06-15T02:00:26.090105
63182392-7c34-4db9-9559-fb6c84a9303d,ac45c924-55bb-4e38-891e-585ac0cde2f5,otro,media,Incidencia generada automáticamente: Velocidad excesiva,resuelta,aed70801-e045-4738-9a47-117c788a95a4,2025-06-15T02:00:26.091104
e726f7b4-45ef-4131-9987-1f71cb30de68,38f6b95b-d9fd-48f0-828c-ad7fa89c39fc,otro,baja,Incidencia generada automáticamente: Velocidad excesiva,resuelta,aed70801-e045-4738-9a47-117c788a95a4,2025-06-15T02:00:26.089107
d8ac4466-373c-4d80-bc27-7a7e04d17e08,6bd0e25b-c00f-4f12-a10d-96b5b2814dbc,apertura_no_autorizada,alta,Incidencia generada automáticamente: Velocidad excesiva,resuelta,aed70801-e045-4738-9a47-117c788a95a4,2025-06-15T02:00:26.091104
bcefe49a-9b9d-41f2-b2d8-500ceaa6e131,ecd95011-4794-4d9f-a545-b52ce0a4dac4,otro,baja,Incidencia generada automáticamente: Temperatura fuera de rango,resuelta,aed70801-e045-4738-9a47-117c788a95a4,2025-06-15T02:00:26.091104
32e475f1-43ec-4a47-b8fa-5c5d21653d63,31a871aa-e39e-49fe-b1a0-c45b0979f114,otro,media,Incidencia generada automáticamente: Temperatura fuera de rango,resuelta,aed70801-e045-4738-9a47-117c788a95a4,2025-06-15T02:00:26.090105
81381ee7-fd75-4e95-bae2-7ffc3df11397,39db7279-36fa-4e26-ad7c-4fb96131c652,otro,alta,Incidencia generada automáticamente: Temperatura fuera de rango,pendiente,aed70801-e045-4738-9a47-117c788a95a4,2025-06-15T02:00:26.091104
ed56aa60-1a4f-4d8d-81c7-3f6fea6ffafe,61b30853-c4c4-4b32-9c17-63d3bde859a5,problema_temperatura,media,Incidencia generada automáticamente: Temperatura fuera de rango,resuelta,aed70801-e045-4738-9a47-117c788a95a4,2025-06-15T02:00:26.091104
18352372-d212-4377-ad68-57cac4703234,6f50fc84-9210-4db3-8ecd-f50af07b9906,otro,alta,Incidencia generada automáticamente: Temperatura fuera de rango,resuelta,aed70801-e045-4738-9a47-117c788a95a4,2025-06-15T02:00:26.089107
ffd995df-a4d2-4248-945c-22c7cf0a43b3,69aeeccc-f1a1-4ddf-9a62-d55845981d02,otro,alta,Incidencia generada automáticamente: Velocidad excesiva,pendiente,aed70801-e045-4738-9a47-117c788a95a4,2025-06-15T02:00:26.089107
8baf301b-fca7-4d5f-a887-4bc8499cc612,d9138a02-fed4-49d8-babd-d55ce0cb43c0,otro,alta,Incidencia generada automáticamente: Combustible bajo,pendiente,aed70801-e045-4738-9a47-117c788a95a4,2025-06-15T02:00:26.089107
584e1a20-7612-4f21-867a-62a4121c68e6,188714a8-42af-443f-94bd-b8ddd0dd46f2,otro,alta,Incidencia generada automáticamente: Velocidad excesiva,pendiente,aed70801-e045-4738-9a47-117c788a95a4,2025-06-15T02:00:26.090105
896be396-ed0b-421f-b256-71145ef3c3f1,3e9d8c7d-9806-4894-a0e2-a9956ae4f997,problema_temperatura,baja,Incidencia generada automáticamente: Temperatura fuera de rango,resuelta,aed70801-e045-4738-9a47-117c788a95a4,2025-06-15T02:00:26.092104
fd1883d7-3800-4ba7-bccc-1d98168b652e,fb520985-2338-4507-b270-07dca4466bf3,otro,baja,Incidencia generada automáticamente: Velocidad excesiva,resuelta,aed70801-e045-4738-9a47-117c788a95a4,2025-06-15T02:00:26.089107
931cf48b-8103-431e-a0dd-a314e76cb989,801acab3-6525-451f-a8eb-f916c51b8b76,otro,alta,Incidencia generada automáticamente: Combustible bajo,resuelta,aed70801-e045-4738-9a47-117c788a95a4,2025-06-15T02:00:26.091104
11c7c586-3563-494e-9757-c20478e463c9,7bfe6958-3fcf-4e23-891c-0e87b8859df2,otro,alta,Incidencia generada automáticamente: Combustible bajo,resuelta,aed70801-e045-4738-9a47-117c788a95a4,2025-06-15T02:00:26.089107
81bf518b-d553-4282-8ab6-832431b7fce9,9030790e-615e-459f-802d-a2ab440d336b,apertura_no_autorizada,baja,Incidencia generada automáticamente: Velocidad excesiva,resuelta,aed70801-e045-4738-9a47-117c788a95a4,2025-06-15T02:00:26.092104
cb53c4a1-79da-4868-940e-11207b146f84,300adcff-670a-4065-bcc8-6ef3d99f401c,problema_temperatura,alta,Incidencia generada automáticamente: Temperatura fuera de rango,resuelta,aed70801-e045-4738-9a47-117c788a95a4,2025-06-15T02:00:26.090105
62669bae-e56e-4519-bee0-e04fd6dd024e,0a53b7b6-3f82-48b5-a7c4-03ee355fc7f9,apertura_no_autorizada,media,Incidencia generada automáticamente: Temperatura fuera de rango,resuelta,aed70801-e045-4738-9a47-117c788a95a4,2025-06-15T02:00:26.091104
d0fa8ed7-0f88-4d4b-9a2e-6b510354059b,ea872abc-0cb5-4c3c-a45a-bfc415d962ab,otro,media,Incidencia generada automáticamente: Compartimento abierto,resuelta,aed70801-e045-4738-9a47-117c788a95a4,2025-06-15T02:00:26.091104
96d1b1f3-8791-4e48-9314-20349b48e254,69aeeccc-f1a1-4ddf-9a62-d55845981d02,otro,alta,Incidencia generada automáticamente: Temperatura fuera de rango,resuelta,aed70801-e045-4738-9a47-117c788a95a4,2025-06-15T02:00:26.089107
18b30d5b-f320-4856-b2ac-ff029cf91dda,38759acf-cd8d-4765-911d-458f2db24ae8,otro,baja,Incidencia generada automáticamente: Velocidad excesiva,resuelta,aed70801-e045-4738-9a47-117c788a95a4,2025-06-15T02:00:26.091104
b4f43aa2-7181-46da-94fb-571cf57d230c,764b72a4-931d-4d7f-8e16-cca66198ae38,otro,media,Incidencia generada automáticamente: Velocidad excesiva,resuelta,aed70801-e045-4738-9a47-117c788a95a4,2025-06-15T02:00:26.089107
fa56fc83-3f29-4020-a56f-cc4511733f34,bfa60362-1fcd-45da-bdeb-ed6ef8b66705,otro,alta,Incidencia generada automáticamente: Combustible bajo,resuelta,aed70801-e045-4738-9a47-117c788a95a4,2025-06-15T02:00:26.089107
1460acc3-b656-4b80-ab5c-0f39402e1e9e,c1b799c2-c24e-456d-8573-542145973e46,otro,media,Incidencia generada automáticamente: Combustible bajo,resuelta,aed70801-e045-4738-9a47-117c788a95a4,2025-06-15T02:00:26.091104
9621740c-98fa-486a-be9e-6329db34b2a4,ce2382ef-87fd-46e0-87d6-ab14f1115fd4,otro,media,Incidencia generada automáticamente: Temperatura fuera de rango,resuelta,aed70801-e045-4738-9a47-117c788a95a4,2025-06-15T02:00:26.091104
326cf858-62b9-43f2-a6f5-181a5b4ad680,b461f76c-aef2-4251-b8c9-8f4584035fa1,apertura_no_autorizada,media,Incidencia generada automáticamente: Temperatura fuera de rango,resuelta,aed70801-e045-4738-9a47-117c788a95a4,2025-06-15T02:00:26.090105
de38ba65-f03d-44c4-beb4-c1b6b1bd71a3,d9138a02-fed4-49d8-babd-d55ce0cb43c0,problema_temperatura,media,Incidencia generada automáticamente: Temperatura fuera de rango,resuelta,aed70801-e045-4738-9a47-117c788a95a4,2025-06-15T02:00:26.089107
591b7a2b-04b4-43b5-9411-d98cf911a20c,c18aac88-f9b1-4a71-9916-c883521f6e62,problema_temperatura,alta,Incidencia generada automáticamente: Compartimento abierto,resuelta,aed70801-e045-4738-9a47-117c788a95a4,2025-06-15T02:00:26.091104
2f381158-2816-4937-890d-4b7da7b12007,639a230d-4a52-4152-b05b-66fca73d36ad,problema_temperatura,alta,Incidencia generada automáticamente: Compartimento abierto,resuelta,aed70801-e045-4738-9a47-117c788a95a4,2025-06-15T02:00:26.089107
b9135f44-de45-4088-9884-5ee3437ba177,c1b799c2-c24e-456d-8573-542145973e46,apertura_no_autorizada,media,Incidencia generada automáticamente: Combustible bajo,resuelta,aed70801-e045-4738-9a47-117c788a95a4,2025-06-15T02:00:26.091104
669d7d4a-950d-47f5-887a-1fbe3cec8259,75deb7a3-6976-4709-b404-de4aaaa19c8a,problema_temperatura,alta,Incidencia generada automáticamente: Velocidad excesiva,pendiente,aed70801-e045-4738-9a47-117c788a95a4,2025-06-15T02:00:26.089107
0efd814d-edd4-41a4-98af-95824bff4663,e228377e-3a5f-4445-b049-9b0f6cac2708,problema_temperatura,media,Incidencia generada automáticamente: Combustible bajo,resuelta,aed70801-e045-4738-9a47-117c788a95a4,2025-06-15T02:00:26.091104
f8eeb946-d6a8-40f7-9f6c-fffb04252f05,e10400a0-0db0-4913-89ae-201bf347ac3a,apertura_no_autorizada,alta,Incidencia generada automáticamente: Temperatura fuera de rango,resuelta,aed70801-e045-4738-9a47-117c788a95a4,2025-06-15T02:00:26.091104
68e193b2-b8ca-481a-b6a2-1e72a36ca03a,3b420d48-5e62-4f8b-ba17-178576e1866b,otro,media,Incidencia generada automáticamente: Velocidad excesiva,resuelta,aed70801-e045-4738-9a47-117c788a95a4,2025-06-15T02:00:26.089107
21a48b99-b285-4cff-8f26-795ee2b73d00,8f8ff4e7-5bb8-47d1-82bb-442acc9efc73,otro,alta,Incidencia generada automáticamente: Velocidad excesiva,resuelta,aed70801-e045-4738-9a47-117c788a95a4,2025-06-15T02:00:26.090105
d91cdb2e-91ae-42d8-9338-4c0d2f6688d0,a9ad2353-abd0-4e14-896a-5fa2fa202bb0,apertura_no_autorizada,baja,Incidencia generada automáticamente: Compartimento abierto,resuelta,aed70801-e045-4738-9a47-117c788a95a4,2025-06-15T02:00:26.092104
ca0936ae-988e-45c2-adb0-ed23a3400a1e,13e42b8a-ef63-4fb7-bd62-e2515a3a2acd,otro,media,Incidencia generada automáticamente: Temperatura fuera de rango,resuelta,aed70801-e045-4738-9a47-117c788a95a4,2025-06-15T02:00:26.092104
7953f01e-74a4-408e-84e2-0fe227fcd1ad,78658437-e5ae-4ad7-a72a-d8653c66cac6,otro,alta,Incidencia generada automáticamente: Velocidad excesiva,resuelta,aed70801-e045-4738-9a47-117c788a95a4,2025-06-15T02:00:26.092104
58db6f6e-24cc-487e-87b6-26aa42945e40,35c90666-9318-41c1-b8c9-2971a104b2ed,problema_temperatura,baja,Incidencia generada automáticamente: Temperatura fuera de rango,resuelta,aed70801-e045-4738-9a47-117c788a95a4,2025-06-15T02:00:26.091104
ef5ba201-2c94-4a58-982a-3ee5ba728216,fe3635e1-566b-4f4f-9378-81d8b928b58f,otro,alta,Incidencia generada automáticamente: Compartimento abierto,pendiente,aed70801-e045-4738-9a47-117c788a95a4,2025-06-15T02:00:26.089107
312f08d8-647a-4e9a-a19b-f222c46c2b71,76e777cf-4b95-4169-8fc7-a1fb5108a22b,apertura_no_autorizada,baja,Incidencia generada automáticamente: Combustible bajo,resuelta,aed70801-e045-4738-9a47-117c788a95a4,2025-06-15T02:00:26.090105
5176218d-037f-4f8e-9ed5-6640ee2daaae,91f366b6-0c8a-41cc-8ac6-7d4240704ff8,problema_temperatura,alta,Incidencia generada automáticamente: Temperatura fuera de rango,resuelta,aed70801-e045-4738-9a47-117c788a95a4,2025-06-15T02:00:26.090105
b37d36d9-ecab-43cd-a9a6-918bc2ca5438,7291dd9d-1561-495a-b54d-9e1dac7b67c3,otro,media,Incidencia generada automáticamente: Temperatura fuera de rango,resuelta,aed70801-e045-4738-9a47-117c788a95a4,2025-06-15T02:00:26.091104
b218a1ba-7903-449b-a8a9-2f810c50eb8c,96779a9d-6e21-4548-ac62-69b658e721be,apertura_no_autorizada,media,Incidencia generada automáticamente: Combustible bajo,resuelta,aed70801-e045-4738-9a47-117c788a95a4,2025-06-15T02:00:26.089107
fc6da6f4-18a7-4ad7-bc14-dbc1fb50aff9,a9c96c72-8107-4c03-add0-1249f21fae95,otro,alta,Incidencia generada automáticamente: Compartimento abierto,resuelta,aed70801-e045-4738-9a47-117c788a95a4,2025-06-15T02:00:26.091104
912e2f1c-e840-43ad-95df-2efc3e196a82,6b68482e-325a-4f32-a9a3-53855efddbf2,otro,baja,Incidencia generada automáticamente: Velocidad excesiva,pendiente,aed70801-e045-4738-9a47-117c788a95a4,2025-06-15T02:00:26.089107
bb00fdd7-7f4b-4264-880a-93487bd51635,d5a30999-364f-4548-9718-85595b3b113a,otro,media,Incidencia generada automáticamente: Compartimento abierto,resuelta,aed70801-e045-4738-9a47-117c788a95a4,2025-06-15T02:00:26.089107
df625ecd-5c71-4c0e-b2a9-45dac6d72923,9ba99262-49fa-4442-bacf-d90ad811a52b,apertura_no_autorizada,baja,Incidencia generada automáticamente: Velocidad excesiva,resuelta,aed70801-e045-4738-9a47-117c788a95a4,2025-06-15T02:00:26.090105
26cfdfa2-e1ab-41a8-8d58-4621ffc97934,38c0ab52-7940-4275-9fbf-439594ef7e98,problema_temperatura,alta,Incidencia generada automáticamente: Temperatura fuera de rango,resuelta,aed70801-e045-4738-9a47-117c788a95a4,2025-06-15T02:00:26.089107
f3ca87b7-e912-4f45-b729-bd6c44dce368,d16cc5c5-7306-4cd6-944f-230185337c54,otro,baja,Incidencia generada automáticamente: Compartimento abierto,resuelta,aed70801-e045-4738-9a47-117c788a95a4,2025-06-15T02:00:26.091104
a3b8a3b8-8de5-462e-8c75-02843ee50e5d,0a79f642-a9db-410f-a065-ae6ba6921217,apertura_no_autorizada,baja,Incidencia generada automáticamente: Combustible bajo,resuelta,aed70801-e045-4738-9a47-117c788a95a4,2025-06-15T02:00:26.089107
8beb0019-564e-430d-b227-e249489ffd1f,bfa60362-1fcd-45da-bdeb-ed6ef8b66705,problema_temperatura,alta,Incidencia generada automáticamente: Compartimento abierto,pendiente,aed70801-e045-4738-9a47-117c788a95a4,2025-06-15T02:00:26.089107
6defb5f8-f05f-45b1-bedf-1a145eb5c299,c244086d-cad3-46e1-bbe6-96ebd7e7bd84,problema_temperatura,alta,Incidencia generada automáticamente: Combustible bajo,resuelta,aed70801-e045-4738-9a47-117c788a95a4,2025-06-15T02:00:26.090105
47d9074a-a9d6-463d-bfcb-feff2ea86524,82da888e-1245-4fdd-ae84-17d4ceaadc42,apertura_no_autorizada,baja,Incidencia generada automáticamente: Combustible bajo,resuelta,aed70801-e045-4738-9a47-117c788a95a4,2025-06-15T02:00:26.089107
52dc5ce7-b799-43c3-a534-339a0340e9a2,27feef0b-d1a8-41b2-b0d1-cfbef111dcde,otro,media,Incidencia generada automáticamente: Temperatura fuera de rango,resuelta,aed70801-e045-4738-9a47-117c788a95a4,2025-06-15T02:00:26.091104
faf2834e-4219-453a-a2c1-9199f6cd8546,b10912e7-b19e-48e9-a588-895e6cc6d109,otro,media,Incidencia generada automáticamente: Combustible bajo,resuelta,aed70801-e045-4738-9a47-117c788a95a4,2025-06-15T02:00:26.089107
f99497b5-968d-4279-8f5a-309a9686bd71,9b44b8fb-bcaf-4792-b13a-e6c162a03540,otro,baja,Incidencia generada automáticamente: Temperatura fuera de rango,resuelta,aed70801-e045-4738-9a47-117c788a95a4,2025-06-15T02:00:26.089107
9f9996ee-f5f4-4143-9969-db28bcd4508d,1a49d97a-1e84-4058-a217-fdf4ae1b2080,apertura_no_autorizada,media,Incidencia generada automáticamente: Combustible bajo,pendiente,aed70801-e045-4738-9a47-117c788a95a4,2025-06-15T02:00:26.090105
3eab9998-c642-4237-8179-517490e61e05,61b30853-c4c4-4b32-9c17-63d3bde859a5,apertura_no_autorizada,baja,Incidencia generada automáticamente: Velocidad excesiva,resuelta,aed70801-e045-4738-9a47-117c788a95a4,2025-06-15T02:00:26.091104
8faff81e-d505-47fd-820e-972a7bf9aeb8,a13fcab0-450b-4471-91b6-601493c18a5c,otro,media,Incidencia generada automáticamente: Velocidad excesiva,resuelta,aed70801-e045-4738-9a47-117c788a95a4,2025-06-15T02:00:26.092104
29fac651-846d-41ed-aff7-0cc6a18ae9d1,b2ed2b9c-c1fd-4d24-aba1-cff73c55e632,otro,baja,Incidencia generada automáticamente: Compartimento abierto,resuelta,aed70801-e045-4738-9a47-117c788a95a4,2025-06-15T02:00:26.090105
40c46884-a63e-4434-9fd4-9125343de42e,4c4ecb5a-dd66-479a-90a5-4efb4bdcc7b7,otro,baja,Incidencia generada automáticamente: Compartimento abierto,resuelta,aed70801-e045-4738-9a47-117c788a95a4,2025-06-15T02:00:26.091104
17d64ae9-c770-404c-8097-fbfd3b09e39f,fe294e5f-eb0c-4a65-85ed-249f7d1d3d60,apertura_no_autorizada,baja,Incidencia generada automáticamente: Combustible bajo,resuelta,aed70801-e045-4738-9a47-117c788a95a4,2025-06-15T02:00:26.089107
e65ec19b-e47e-41a9-b5ff-f19a7e3fb142,e688ddf7-6456-4a07-9ff5-09b423feea82,apertura_no_autorizada,alta,Incidencia generada automáticamente: Velocidad excesiva,resuelta,aed70801-e045-4738-9a47-117c788a95a4,2025-06-15T02:00:26.089107
7a9191d4-60b8-47cc-add9-271520d791eb,b1d5d58e-6239-4db0-b4f9-0ced34ce8af6,otro,baja,Incidencia generada automáticamente: Velocidad excesiva,resuelta,aed70801-e045-4738-9a47-117c788a95a4,2025-06-15T02:00:26.091104
337df2ee-d50e-4073-b427-f5d4f64dd4d9,9b4e1e8f-7efa-44e1-9772-cec935820651,apertura_no_autorizada,alta,Incidencia generada automáticamente: Velocidad excesiva,resuelta,aed70801-e045-4738-9a47-117c788a95a4,2025-06-15T02:00:26.091104
71d6040a-e89a-4729-a116-91324f94c83a,a4d179d4-d7e4-44d1-8b78-5dcefcb4591c,otro,baja,Incidencia generada automáticamente: Combustible bajo,resuelta,aed70801-e045-4738-9a47-117c788a95a4,2025-06-15T02:00:26.090105
490076cf-4a36-4160-997b-4d72d41c5a8e,88bf2f8b-51ac-41e5-804b-9127418dfc79,otro,alta,Incidencia generada automáticamente: Combustible bajo,resuelta,aed70801-e045-4738-9a47-117c788a95a4,2025-06-15T02:00:26.092104
e8114250-6d73-4bfa-8626-bf30b9019766,d5a30999-364f-4548-9718-85595b3b113a,otro,media,Incidencia generada automáticamente: Velocidad excesiva,resuelta,aed70801-e045-4738-9a47-117c788a95a4,2025-06-15T02:00:26.089107
494aa670-f839-40c7-8e5a-a6d4bf35960b,938a05c3-1463-4399-8f17-24d5ee754001,otro,alta,Incidencia generada automáticamente: Combustible bajo,resuelta,aed70801-e045-4738-9a47-117c788a95a4,2025-06-15T02:00:26.090105
50accaad-2487-42a0-be65-d9774c120fe3,b6f8308d-ffa0-4272-8a2a-696031e3c726,problema_temperatura,media,Incidencia generada automáticamente: Compartimento abierto,resuelta,aed70801-e045-4738-9a47-117c788a95a4,2025-06-15T02:00:26.090105
3d6cdf66-4d5d-401a-a05a-b92847a060f2,d16cc5c5-7306-4cd6-944f-230185337c54,otro,alta,Incidencia generada automáticamente: Temperatura fuera de rango,resuelta,aed70801-e045-4738-9a47-117c788a95a4,2025-06-15T02:00:26.091104
