id_rechazo_despacho,id_resultado_condicion_despacho,id_usuario,fecha_rechazo,motivo_rechazo,tipo_accion,estado_accion
a16840e5-8da3-4da7-849b-616646f8a090,21fcaf2c-aadd-4e17-8608-b5777da80a66,d96ab3b7-7e0e-4501-b44b-31c132a34bd3,2025-06-01T01:31:19.652612,Nostrum laborum neque repellendus veritatis.,reprogramar,cancelada
a5d9a8a3-c6e0-4df7-8746-5785733bc073,c68b22b3-636c-48c2-a4c2-f4b319bffb14,2ecaeba2-332c-481f-9716-3b9136629b48,2025-06-01T01:42:19.652612,Perspiciatis minima magnam at iure culpa minima.,reasignar_vehiculo,pendiente
720aaa75-2bb4-4faf-932e-c89bbce12179,ea2827ce-451a-40d4-b98a-a39b3c336b5a,a40d8039-d807-44a8-94de-e9bd1d8c7c68,2025-06-01T01:33:19.652612,Optio quam illo architecto.,reasignar_conductor,pendiente
0bc278f8-67dd-4489-a248-ecf3a779923e,f6c3f976-8918-487e-b1f0-7eda98aae379,5ecf6353-f300-45db-b30c-01edc66c3b26,2025-06-01T01:38:19.652612,Voluptatibus pariatur natus nesciunt ullam iste.,reasignar_conductor,pendiente
f9d30939-37c1-4c8c-afe1-4ef4b5adb1b7,b0ce6e3f-1e9e-4d17-a47d-335c61b250a4,d6fa77ed-3582-4e3a-83ef-85ba30dc7010,2025-06-01T01:31:19.652612,Voluptatibus quia odio tempore qui repudiandae ipsam velit.,cancelar,pendiente
3793b940-2f63-4078-972d-5de1195e3d7e,8ecec57b-8dfa-412d-8112-30ba5eed8449,ab73797a-a0e2-4e27-933a-382ad1960415,2025-06-01T01:10:19.652612,A aliquid suscipit laboriosam voluptas et doloremque.,mover_carga,en_proceso
747c7b7c-c977-4069-aa62-144f39341ad5,9ba2d25d-2bca-477a-84ef-93b52d285b84,b759050f-accc-49b1-95f9-be7a930aae8b,2025-06-01T01:01:19.652612,Perspiciatis eos esse nostrum.,mover_carga,pendiente
571b0760-1a11-4fac-9f56-4f7e8e900759,beb549db-178e-449e-ab9f-72a2336f403c,ea5e663c-b33c-4d18-a388-dceff9598f52,2025-06-01T01:30:19.652612,Iste impedit dignissimos dignissimos aperiam voluptas quidem.,reasignar_conductor,en_proceso
e8b1024a-45aa-4be7-883f-569d06e6ab8d,6e2b542f-2f22-4b6a-876c-f09751e62419,342d1d68-52bd-4301-840e-40702f66d9b0,2025-06-01T01:23:19.652612,Quis ducimus minima.,reprogramar,completada
d94e903a-05e8-4c8d-bdf3-5599cc8c9af1,f4d245d4-054b-42da-ab36-44d73ef65ca3,9b6d1931-2d3a-45bd-8bec-40d3afd2f115,2025-06-01T01:40:19.652612,Optio saepe dolores fugiat voluptatum nesciunt aut.,reasignar_vehiculo,completada
bf358427-62e8-4ae9-a0fa-ce653c21ce00,38ea08f5-38fe-4001-ae63-4c1f0e73245d,5c97b1e8-2c81-4699-a18b-126f5a889b29,2025-06-01T01:13:19.652612,Debitis soluta dolore quos.,reprogramar,pendiente
368e830e-c964-484b-8bb1-0689aa57c947,7e653ca1-072e-4ce0-8a89-f84a9a72b767,c3cd6440-2169-4e9a-9ccc-62674641248e,2025-06-01T01:57:19.652612,Mollitia soluta nulla iste.,reasignar_conductor,completada
51db1432-af46-4610-8b92-463cec852b6f,9f92e62b-c870-41c3-88cd-746f735bbd41,ec25a13a-fac0-450d-9325-cfc945d2de04,2025-06-01T01:33:19.652612,Repellat architecto reiciendis ab deleniti praesentium voluptas.,reasignar_vehiculo,en_proceso
4c6eafb8-25cd-453a-87c5-09a0b45d7fc0,3edf6e15-c5e9-4374-a25a-bca1fb346d67,f0e3c66b-8fd0-4f71-a396-241df9502712,2025-06-01T01:46:19.652612,Vero possimus facilis repellendus quidem ut natus.,mover_carga,cancelada
5f6ab7d7-ef93-4f58-8872-20ac63b19fa1,d455fe28-a1cb-488e-bb36-fd35a13a89b2,4191b578-4181-4904-8aa2-91b7c9391ea8,2025-06-01T00:50:19.652612,Illo commodi autem quis sapiente in.,reprogramar,cancelada
920cddc0-d5e0-4cd8-a97a-3e171730679e,92ac5cf0-c6a7-4cb7-8631-647f9eae1460,f08f3d62-de3e-4719-ab6c-999c5aaaf9f5,2025-06-01T01:38:19.652612,Eos nemo amet explicabo consectetur.,reasignar_conductor,cancelada
a51f7e8f-d57f-48f0-b4c2-6996a2bde17f,4c1d6f90-8b44-4a3f-9c13-bd04ad95c86e,7ec7da82-9ebb-4be2-89f9-6c972e442265,2025-06-01T01:04:19.652612,Nemo maxime tempore mollitia veniam quasi neque.,reasignar_vehiculo,en_proceso
729e5e37-b388-4fa9-99ba-8ca2630b0d1a,e2c11bf0-87eb-4e15-a8cc-8d8154fe46d0,958a96fd-df1c-4b2f-af15-eee3f985ede5,2025-06-01T01:31:19.652612,Veritatis eveniet quo nihil.,cancelar,completada
46f768ea-2c1a-4ecc-950a-5f8d3966e537,969e6e58-b37e-47ef-891b-5543dcf19aa5,2d21d2ea-6209-4462-bba2-6da5a7aa03d4,2025-06-01T01:14:19.652612,Magni eius voluptatem accusantium quam nisi fugit.,cancelar,cancelada
f8771390-316d-4c1a-8b03-82a241744a26,f8073dc8-75ea-4679-9db8-40e5c5b51ca0,6f875374-0cb7-4c05-bd9b-21064ba0927d,2025-06-01T01:19:19.652612,Atque doloribus nam eos harum incidunt quis.,reasignar_vehiculo,completada
8a2ed4fe-f3d8-45de-b6fd-9ab64f17152a,3683ecb6-86db-4519-8b03-2c18fda9d8b2,fee75ce3-2840-4715-ad14-73aa3be68876,2025-06-01T01:26:19.652612,Officia explicabo expedita cumque assumenda molestias.,reprogramar,en_proceso
2bf41ad7-bdd4-4de6-8812-422052952c77,57ccd166-ea82-434b-8fac-18a3dbdfecb3,b21fab0a-3d01-4f25-a62f-1dad05b5ec39,2025-06-01T01:21:19.652612,Praesentium laborum nostrum placeat.,reprogramar,completada
b38674bd-1511-435c-9737-9e91ba89aa05,f671edf3-688d-4ace-95ac-558f2e679e59,77c9947a-f83f-4b23-acd5-8f184092e720,2025-06-01T01:49:19.652612,Distinctio aliquid numquam itaque fuga provident nesciunt.,cancelar,en_proceso
98fae1f0-a583-4152-bd67-0ec7192789a8,976f6563-5297-4e1a-9a43-f121eea0b345,e904e160-2a60-4bbc-af99-78980c050b1f,2025-06-01T01:16:19.652612,Dicta quos id ipsa illo rerum.,reprogramar,pendiente
7c997cc1-b675-4223-bd36-308f202a8a81,dcbb0486-a257-404f-9304-65dd3a190bb6,af269a52-7199-4e6e-9c24-3069044f6806,2025-06-01T01:17:19.652612,Facilis accusamus eligendi officiis odio dolorem illo.,reasignar_vehiculo,cancelada
d6d3ef39-d1a6-4df9-98f7-e794df631dfc,8d5c875f-5013-4e4a-a44b-224f94da7402,26a8ed80-550b-421b-92bd-450710d38016,2025-06-01T01:23:19.652612,Amet minus sed fugit mollitia.,mover_carga,cancelada
9d9f370d-3f9c-4fe2-8be2-2b244309307f,3361176f-3e71-4eea-b2e4-628451836818,8547d8db-fc49-4612-ac0c-9d4546260149,2025-06-01T01:26:19.652612,Modi aut perspiciatis et.,reprogramar,completada
924a8f8e-7fa2-4c6a-b3af-5e1947351333,8503f280-c520-4b84-a8cb-1364f07e111d,87dfc384-a801-4d15-b339-6fc3c4215975,2025-06-01T01:38:19.652612,Voluptates esse architecto quod.,mover_carga,en_proceso
fff10b45-24c1-490b-bdc7-737b896fc7be,423d74da-2c84-4771-9bc5-a581be3a476c,6adc4bfe-b98e-4994-8b49-0dd5c0728a3a,2025-06-01T00:48:19.652612,Veritatis quo quos.,cancelar,cancelada
8ef971d2-9c26-4ba2-a93d-af6ed7a521d7,cc01f3b6-089a-43df-be6d-1aa02a85ce91,001cc940-183d-42ae-b139-759a448d712b,2025-06-01T01:42:19.652612,Magnam eligendi id aliquid reprehenderit occaecati quae.,mover_carga,cancelada
af57ce7d-efbd-486d-92ab-2d2170197041,6a673bf2-8b91-40c8-b14a-6243580f9564,1881e4cd-7c8d-4a25-a4eb-2574558dc79f,2025-06-01T01:15:19.652612,Facilis praesentium molestiae ut quia quasi iste omnis.,mover_carga,en_proceso
40cb116b-63f4-401e-8b5b-cfa1c952ed32,96d2b5a9-2bf3-441f-877b-03d81148caf9,f8e77acc-0671-43f6-a97a-203d592f9d13,2025-06-01T01:35:19.652612,Non nisi nostrum odit fuga.,reprogramar,pendiente
62893ab6-5da5-4777-9b14-809825908931,42a7f69f-913b-4be6-a27e-8cd2c61ab6d1,044af920-ae5b-448c-a146-20db6d383604,2025-06-01T01:21:19.652612,Dignissimos non dolores laboriosam fuga.,cancelar,completada
ad80227b-84ee-48b0-ad78-d2b1b49d064d,7375bad3-6630-4b9c-9f7a-ca47661b4908,d121bfd9-08e7-441e-b97f-2ade2620333a,2025-06-01T01:27:19.652612,Animi quo fugiat recusandae laudantium consequatur.,reasignar_conductor,completada
7b541c3b-558b-435f-b1d2-843b2af176e4,b82f7953-3510-4d1f-8095-7c01d2677c63,a059aa7d-5870-447e-85a5-a962d1ef0176,2025-06-01T01:08:19.652612,Natus quaerat at nisi ducimus.,reasignar_conductor,cancelada
6e039711-2a7b-451b-9295-3d11ec991a21,b0a6851f-67e6-4a95-89bc-2677c36dff41,b21fab0a-3d01-4f25-a62f-1dad05b5ec39,2025-06-01T01:41:19.652612,Quam tempora excepturi iste expedita velit.,reasignar_vehiculo,completada
68bce400-78d9-455a-9bed-3835ff9efdc5,27994dbf-2850-4439-a58b-814c834a1e2c,d71c9716-af16-48e3-a010-6d3d0f8ba63e,2025-06-01T01:31:19.652612,Animi fuga assumenda commodi provident quasi aut.,cancelar,pendiente
920f1c8f-f934-49d5-bc1b-ca2b573ce1da,6b2a04e1-5f3b-48d2-ae78-fa755df48248,345ec977-4bf5-47dd-886e-0fb2cc1e7acc,2025-06-01T01:41:19.652612,Exercitationem qui nihil consequatur soluta accusamus corporis.,mover_carga,cancelada
da361e98-666e-41f7-8c53-dbd5eea2d3e4,29cb70b8-7e3e-4437-ab6c-3fbf3aa76d8b,b75dc761-d43d-411a-8c59-eb6861403b40,2025-06-01T01:20:19.652612,Minus non voluptatem aperiam fugiat.,reasignar_conductor,completada
f6a39cea-8fd3-4687-95cc-2bfdae48e49d,725d9859-38a7-4e7e-aaa9-2480808355dd,43ef1852-5036-4af8-952c-ebe9f5455cc6,2025-06-01T01:14:19.652612,Numquam ipsum vitae facilis vero.,reasignar_conductor,completada
4bee138f-78b5-419d-8301-d2e42cc1e300,1f79275b-b4ef-4536-af88-67e0e23eb0f8,1f25e9e8-6495-45ae-9770-f152dba16582,2025-06-01T01:00:19.652612,Non voluptatum natus quibusdam tempore nihil hic.,reprogramar,cancelada
3fbff190-d758-491a-b40b-cf673cb76c04,739368f3-f084-408a-8853-2e0e4ba4b840,64f27c09-ab72-4f96-bf71-2327f2662475,2025-06-01T01:11:19.652612,Aliquid quam est.,cancelar,cancelada
13c6bb52-7299-4d19-8ed9-cc642c2d51e4,0a30397a-119d-49a1-ad89-93774a5b8764,0e9a3284-1e76-42e1-9c95-a1a6e41201eb,2025-06-01T01:10:19.652612,Modi ad ducimus.,reasignar_conductor,en_proceso
8a1f7ec6-abff-470c-bdc5-df461269a8d3,ec90ec83-eee4-4e5f-ac5b-ea90c89cb032,c1ce271d-30ce-4197-beb0-e38ac09d0579,2025-06-01T01:35:19.652612,Fuga minus adipisci at dolores dolor laboriosam.,mover_carga,en_proceso
f9a92004-39ee-4da2-936d-f997aef036fc,ee81dfc7-7ba7-47e0-8ba3-69d8d7db2d34,1fca5c1c-cbb4-4814-ad2b-df104ce54956,2025-06-01T01:20:19.652612,Eos consectetur culpa amet.,reasignar_vehiculo,completada
29eb2772-7a56-469f-8809-5179159320a5,e5e27161-a5b5-4cce-a819-46376e435686,bcf3e07b-2e21-41be-9af7-d2e5f486165f,2025-06-01T01:21:19.652612,Quod unde nesciunt impedit velit.,reprogramar,pendiente
48c5ca55-47b7-47ab-bbe2-acdad1ac3373,60cf3b3b-bc49-4149-8e03-7c0d6a525166,26358019-2575-4fa2-9887-6fb4f7774e47,2025-06-01T01:20:19.652612,Facere at nostrum commodi ullam.,mover_carga,en_proceso
44349ccf-5aba-42ce-8443-0202af0490a6,d6e73b54-c71a-484f-9c3e-8063361e5d22,a40d8039-d807-44a8-94de-e9bd1d8c7c68,2025-06-01T01:50:19.652612,Eius perferendis laboriosam reiciendis.,reasignar_conductor,en_proceso
cf29bc0e-5510-4561-84df-05a8a907ed23,e5ec9662-ebab-4f7a-81bd-1f7a0d19c2ba,176b87d7-0bf5-464c-9de4-4c795f0ef336,2025-06-01T01:09:19.652612,Accusantium corporis sint magnam dignissimos.,reasignar_vehiculo,completada
db24f4f3-8fe8-404e-919a-82e117e46e19,f9732ea1-7981-44b5-9e99-82f781900a91,559ef05e-2601-4858-812b-370aae7b6714,2025-06-01T01:48:19.652612,Autem alias quaerat fugiat mollitia.,mover_carga,completada
425122bc-fb1a-4daf-9210-85ba3afc4877,b069aacf-f66a-4a85-b4b0-4b67f5849653,786cdb53-b307-4b3e-b14e-10de302c3b70,2025-06-01T01:21:19.652612,Optio aliquid ut.,reasignar_conductor,completada
9f4d91ef-24cf-4573-b7e9-390eab2f7753,ec067f05-912e-4dd8-a5b6-ec2e60027dc3,ff14f17d-2121-4498-8b36-e846534577b2,2025-06-01T01:07:19.652612,Ad exercitationem aperiam iure atque vitae.,reprogramar,cancelada
7e2ebd8b-3333-475e-9ef5-c918abc104eb,02d6cb13-1d0a-4fdb-87ae-7039bedaf5f1,f6469f46-79b4-44d4-b214-c3e1267ba3a5,2025-06-01T01:21:19.652612,Possimus quasi tenetur animi expedita distinctio possimus.,mover_carga,completada
85996a84-7c6a-4be6-9896-827122f7292b,7b90320c-ea35-409c-8dd3-21c58428a142,e1c534c2-7c5c-4879-97f9-2a2227f761c8,2025-06-01T01:18:19.652612,Consequatur quaerat magnam nostrum tempora.,reprogramar,pendiente
17aa9c6e-8e1d-4fea-a9df-420f1488aec9,dbc92e0f-0628-417c-aff1-66cde9ee3176,9284e405-8ea7-43c1-bcef-fd0e9de64b0e,2025-06-01T01:40:19.652612,Maiores laborum quod rem architecto in accusantium illo.,reasignar_vehiculo,completada
0ae4776b-0294-4e15-a243-0caf065c82d1,ec62aa53-e82f-4f55-85b7-25ee8a168bdd,b11aadbd-d90f-474c-8787-6343c89975c1,2025-06-01T01:07:19.652612,Aspernatur fugiat magni eum.,reprogramar,cancelada
dc4122fc-7bbe-46cc-9bd0-e8d45c3173e3,2086e58c-c2eb-48e4-b9bd-21a179100e07,e39b5846-e8cf-4d74-811a-04f5d5e9c89d,2025-06-01T01:39:19.652612,Maiores ab error quae neque harum illo.,reasignar_vehiculo,en_proceso
c6d6165d-0a59-44d8-a7bf-25013b405f4a,06772330-1866-44d6-9839-72ae40da6d10,161511e7-0f2f-4569-a6eb-86adf3820449,2025-06-01T01:09:19.652612,Omnis sed iusto ipsam.,reasignar_vehiculo,completada
ed82cfca-ed8d-41b6-90ee-3164f4606262,447afc76-9762-4fd1-bd27-a01afd69abd8,1753ae81-2aef-4944-aa85-27ba436b3c6e,2025-06-01T01:42:19.652612,Incidunt cumque libero saepe.,reprogramar,en_proceso
c1643326-ca42-4c2a-a815-ad515a8738bc,1837ae10-f981-4dc4-9a42-0a16ecfe2d3f,43dae8a1-57fd-468a-8dfd-f570b5b1f9c4,2025-06-01T01:38:19.652612,Nisi non numquam maxime modi commodi.,reasignar_vehiculo,en_proceso
a77b7011-d54c-4ccb-96ed-ef3a868ff779,e942f0e7-820c-4d14-a90e-7aa75edec24a,f725ef4a-1361-421f-b5c8-351e088499e7,2025-06-01T01:23:19.652612,Quia sunt sed beatae id earum necessitatibus.,mover_carga,pendiente
c75e1c44-27ba-4c98-91aa-a5e34e1ce38d,ccf715d1-fcf7-4e04-8527-c51385d8e751,837fef48-f3af-41fc-af54-4677427a66b8,2025-06-01T01:49:19.652612,Dolor repudiandae nostrum deleniti sed nam quas.,reasignar_conductor,en_proceso
96be0582-f968-4f36-b8d5-07d5f2a784a8,35055354-0633-407e-a10b-57a6fb5d7948,f66d52fa-fe6e-4b2b-a1f2-6326a800b286,2025-06-01T01:33:19.652612,Vitae voluptate omnis odit veniam aperiam fugit dolorem.,mover_carga,pendiente
32627495-e993-4658-8882-fca957ae7a9b,04e06f7e-9863-4e5d-9ccf-9e3742e5792a,9008db7e-b3f1-4a5b-bcfe-817040584a07,2025-06-01T01:35:19.652612,Odit amet saepe quisquam id officia commodi.,reasignar_conductor,en_proceso
d54cd30b-d18a-4850-be51-f1033c630c0a,9f966a48-2873-4760-9a12-c6392ad9013c,3d12d450-ab72-4396-ae4d-7b4b48ed54aa,2025-06-01T01:41:19.652612,Aspernatur magni quibusdam beatae cumque.,mover_carga,completada
f3956543-c0ab-4ce3-a3c2-312b9a63e468,c41f2cf0-5e31-470e-bf79-e7975a0fbbf3,c3cd6440-2169-4e9a-9ccc-62674641248e,2025-06-01T01:19:19.652612,Ipsa eius sint distinctio dignissimos.,reasignar_conductor,completada
916fe708-5bdc-415a-aeeb-06c8dd586c30,950f1570-af80-47e0-9994-d12191751c07,64f27c09-ab72-4f96-bf71-2327f2662475,2025-06-01T02:00:19.652612,Sint itaque dolore voluptates illum omnis.,cancelar,pendiente
da63d5e9-f85a-4cc1-b789-05a25fbfd970,32fed023-f52e-4c8c-bae4-cdaf7e9f30ba,d123b1eb-a154-49a8-9983-3134533db388,2025-06-01T01:26:19.652612,Praesentium distinctio temporibus nobis ducimus natus.,reasignar_vehiculo,en_proceso
3fc8cb49-519a-49e9-8755-e73361660a41,c8faedb6-3cd4-4a09-abaf-1c4c6423a33d,d26b78ad-d655-4788-8a57-6f55398dab7e,2025-06-01T01:16:19.652612,Asperiores minima corrupti quas.,reasignar_vehiculo,pendiente
56a3663a-be86-457a-87a6-e4a941797392,90f96a8f-3ec8-484f-92ce-1a91faf7f62d,1758b530-cb28-4b41-8fc5-ee8443200dd7,2025-06-01T01:46:19.652612,Nesciunt assumenda tempora harum corrupti eum officiis.,mover_carga,pendiente
d9d6604f-5c9e-49db-a03d-daee2d7ff6ec,316c9a7a-261e-44ed-b35f-fd79a5f1aab3,a2bf5123-c769-4f09-b2a6-dea036a87357,2025-06-01T01:16:19.652612,Cumque nemo temporibus reiciendis suscipit esse aperiam.,mover_carga,cancelada
462ff09d-f8e1-412d-9e8a-55c9ef85d942,b15186fd-f2e5-40f7-828c-c9508ee5f99b,481be87c-aa2a-4ee2-940d-e6c0a0583a38,2025-06-01T01:41:19.652612,Veniam exercitationem consectetur dicta deserunt aperiam accusamus.,reprogramar,pendiente
ac9e0431-1ef3-419a-9f31-ab22e87878e4,a867e32e-49a2-43c6-b876-0eb1870d1087,26a8ed80-550b-421b-92bd-450710d38016,2025-06-01T01:18:19.652612,Voluptates dolorem quod quae.,reasignar_conductor,pendiente
1541c64c-93a4-4399-a36b-d3942ae6598c,67201477-15c0-4a46-b9cb-6d62cf3ea2bc,2cadcbfb-44c2-4601-abc0-52fbb7e5a61a,2025-06-01T01:49:19.652612,Iste minima minus totam quaerat maiores.,reasignar_conductor,en_proceso
9d34984a-4754-4ec3-a264-09aee9fbf837,aa9e52c0-df98-4596-9277-cc6bcb987422,445efb38-13d6-41b0-98e5-33354414c576,2025-06-01T01:21:19.652612,Rerum alias quis provident debitis nam quidem voluptatum.,reasignar_conductor,pendiente
44c7b413-60bf-48da-a983-9e1790a63eba,0d38f2e2-eb65-4e46-a7fc-7d4e23024688,097cb2f6-bc8e-4ad5-927f-7a25a23f61f3,2025-06-01T01:08:19.652612,Reiciendis sed ea omnis.,mover_carga,en_proceso
364d2b49-d420-4faf-b644-f269812efbd0,6cc1d883-74aa-4968-aca3-a0c2e8618774,06a4b920-2d83-452e-ac4a-961ba0dc0425,2025-06-01T01:05:19.652612,Assumenda quisquam soluta ab.,mover_carga,cancelada
bd4d7e0a-676b-43a9-ae20-ec93732be18d,731af536-b783-44d6-9ae8-4d46cc84dc4d,958a96fd-df1c-4b2f-af15-eee3f985ede5,2025-06-01T01:21:19.652612,Quas accusantium ipsam.,mover_carga,en_proceso
c6636fc0-2e1e-44e9-beaf-79760bee1bd1,9378f193-6ed1-4b65-bb83-6a5951b10901,13f36ba8-2e3e-4280-8fd5-62aaea9a6e2b,2025-06-01T01:25:19.652612,Modi consectetur corporis.,reasignar_conductor,completada
ea3691e3-db31-419a-bf9f-634b65b2cc8a,cadd8eb3-4c86-4607-aa03-83268b7c3e9d,63de5fda-90c0-4c72-b0b2-a82e92e65117,2025-06-01T01:12:19.652612,Eum maiores sunt quidem.,reprogramar,en_proceso
5fff8ce4-62e2-4a6d-ae14-e0acd05d55a8,64213cc3-7487-41c8-a430-a42fdad83c91,4a607e6f-4b86-46e1-a29d-73393d191bc3,2025-06-01T01:26:19.652612,Quibusdam voluptatem assumenda harum.,cancelar,pendiente
679bdfdb-5b73-424e-8661-d909d8a6a013,7937c221-cc50-4561-9901-0e19c4a70348,b11aadbd-d90f-474c-8787-6343c89975c1,2025-06-01T01:30:19.652612,Quo ut est temporibus.,reprogramar,completada
f9006b47-203a-4e9b-8136-6545b844b70b,c240c101-3fea-4c0b-9857-5639f45791dd,a7df93bf-13e7-48ea-bd9c-393e071ebe1f,2025-06-01T01:15:19.652612,Non mollitia modi dicta quis sit omnis.,reasignar_conductor,completada
72652627-e71f-4f6e-b649-2c77f5561d7b,6834ccad-2baa-4c1a-8688-f2fbebf8848b,d06cd773-f809-4449-a156-3ca4fa358775,2025-06-01T01:33:19.652612,Voluptatem temporibus unde possimus id dolorum.,reprogramar,cancelada
5b2f5d6b-337f-44da-9b65-423d5da69069,192c76a3-cbfd-4fa0-bc7f-61d1b9c07f7f,e904e160-2a60-4bbc-af99-78980c050b1f,2025-06-01T01:42:19.652612,Facilis quaerat alias molestiae ex officiis magni.,reasignar_conductor,completada
895ff0b5-64fd-4a9e-9ad9-b7c131a16c53,f941db2c-5335-41d9-aa71-7a7f682317e7,91f65af7-bbd9-4494-8c3d-a3b8bcdf9e19,2025-06-01T01:29:19.652612,Harum incidunt aut beatae magni deleniti assumenda.,reasignar_vehiculo,cancelada
0293e1a4-90db-4768-8999-bae0de95ac69,93493b9d-fa00-4892-8c89-678890037b96,c3cd6440-2169-4e9a-9ccc-62674641248e,2025-06-01T01:31:19.652612,Voluptatibus minus iure vel accusantium iste maiores maxime.,reasignar_vehiculo,pendiente
705bad6a-83e2-41d5-8ba9-eabfc81fe6dd,f96b7b29-8090-4ee7-9f95-0ab0b4362d04,4a607e6f-4b86-46e1-a29d-73393d191bc3,2025-06-01T00:48:19.652612,Unde ducimus recusandae nemo voluptates.,reprogramar,pendiente
4eef1a27-125f-42cd-9e65-07a4b1bf24af,fd36f1e2-af1c-41a1-9fe2-dcf3c2514953,ec25a13a-fac0-450d-9325-cfc945d2de04,2025-06-01T01:30:19.652612,Odio placeat architecto magnam harum quibusdam eius.,cancelar,en_proceso
c216e497-f4ba-47a0-815b-deccdba88221,cfed9b5a-0d80-4226-982f-52bd78b211df,6a727750-f5ec-4342-8b03-07a0df3c39b9,2025-06-01T01:44:19.652612,Hic doloremque sapiente maiores voluptatibus.,reprogramar,cancelada
66a1c8a0-2ffe-4b78-95e8-5afcfff97900,8de1ec45-0db1-4c34-8a40-6bff26191ec9,b18eec02-bd97-44e5-8ff6-8a14cc9e7bf6,2025-06-01T01:16:19.652612,Culpa dolores dignissimos perspiciatis molestias eos.,mover_carga,pendiente
4c49176e-d707-4a10-aa5c-5a6451431751,c2d54ac3-1e0a-42ec-a04a-9ca51fcc2f16,5cdcecb1-1af7-4552-b8d4-2a41db2f8372,2025-06-01T01:20:19.652612,Accusamus neque voluptatibus aliquid.,reprogramar,completada
21ddc637-7fba-4c6e-a50e-78b846c79343,e5cd6bfd-33ca-483d-9dba-5093a805c5a6,7973dee7-9028-4b3d-b98c-59e62727629d,2025-06-01T01:42:19.652612,Cumque hic architecto.,reasignar_vehiculo,cancelada
b81f1b05-6389-47d4-8d50-4224bf54d171,4c599e96-b9b9-4d6f-bf0d-d4fbfdef8cb7,a5c9a132-0d6d-4629-bc88-d7e3e8c688e7,2025-06-01T01:10:19.652612,Quo totam sequi tenetur blanditiis repellendus.,reasignar_vehiculo,cancelada
2717833d-5e90-4a5c-be01-a97a129d0259,8bec4c98-5eb3-4eaf-ab0e-9246dc18e3f4,5dc4ffbb-4321-4219-aaf9-f3719ed232cb,2025-06-01T01:35:19.652612,Nobis delectus iusto quasi aliquam dolorem enim voluptate.,mover_carga,pendiente
4115d920-1036-4a8a-95ae-9f6a73285c43,f5c9aa25-47dc-49b2-92b2-e4d8dd9ee1c3,edd15fdc-1a58-4010-ad53-fc95782a06f0,2025-06-01T01:15:19.652612,Architecto provident porro.,mover_carga,pendiente
d7096efe-382a-4b7e-9302-9ec35ce8b747,6d4ca62a-004b-4f49-9c6a-b1c033468e4d,a13993ab-45d5-4e46-9abd-83b5714ea344,2025-06-01T01:11:19.652612,Necessitatibus vitae quo nesciunt consectetur aliquid.,mover_carga,en_proceso
ad912229-e5f0-4fec-a0b2-86b0e83db299,4106e45a-927b-4c5f-b5fe-694eae1fb6d2,5791569d-38d9-4030-ad40-aa8b9fbd15cc,2025-06-01T01:31:19.652612,Consequatur accusamus quisquam illum.,reasignar_vehiculo,en_proceso
c71b7bc0-df65-4b3d-b300-f7a026c2da40,bd93b58b-1d47-4557-9ac9-be1f889d2e6c,7ec7da82-9ebb-4be2-89f9-6c972e442265,2025-06-01T01:21:19.652612,Ea sint corporis quos sed iusto a.,reprogramar,completada
975c737c-b521-461b-b85c-6390acd5c482,62c558b2-5bfd-48d3-b79e-71284b055542,0baaebef-1d25-41c2-a54b-07bda16cd83c,2025-06-01T01:35:19.652612,Iure nulla iusto.,mover_carga,pendiente
19e7a94b-dba1-4c08-a45a-d4463df4cce8,2ddfdea9-b6cf-4803-aefb-9b153a33bc04,d6fa77ed-3582-4e3a-83ef-85ba30dc7010,2025-06-01T01:35:19.652612,Molestias quis modi perferendis quo quod similique.,reasignar_vehiculo,en_proceso
0937a850-7eee-4ce6-8db6-b113b566c036,0a160204-f06f-47b3-b3c8-23c0474a808f,645067ab-7f47-43d9-a1fb-2fc26e734a8a,2025-06-01T01:31:19.652612,At fuga quae quae.,mover_carga,pendiente
87feaf10-17ec-4fbf-a54c-1b6e2966d295,54368175-75cc-4389-870d-6ab497392e78,340d4655-9af1-4438-8474-0d70afac807e,2025-06-01T01:44:19.652612,Harum voluptatum eveniet natus ex culpa fugiat.,reasignar_conductor,cancelada
c21853bd-b6c3-40fb-8aba-6c62cbb08f5a,aee78349-8e5c-42f2-86f6-1718c33b576d,c1ce271d-30ce-4197-beb0-e38ac09d0579,2025-06-01T01:20:19.652612,Aperiam adipisci ad nemo dolor.,reasignar_conductor,completada
fc8abbac-c2d9-435c-93dc-dc2c972b7f15,655b9dfd-d785-4fac-b5b4-edf94e5db9f1,2ecaeba2-332c-481f-9716-3b9136629b48,2025-06-01T01:07:19.652612,Quidem aliquid numquam quisquam.,reasignar_vehiculo,pendiente
2cbf1310-edd4-41a4-bb33-bce7a764c4c5,f8175760-c46a-4fa6-a84a-0f546360fbf5,b6491079-787c-4e13-b909-2ab7303d55cc,2025-06-01T01:05:19.652612,Perspiciatis corporis a recusandae.,cancelar,cancelada
860b5112-daea-44d5-97f9-fa608c33430e,11410eaf-3390-4051-a47f-8659f338d067,9284e405-8ea7-43c1-bcef-fd0e9de64b0e,2025-06-01T01:25:19.652612,Delectus sunt sit nostrum modi corrupti.,cancelar,en_proceso
23ab295c-8dcb-4200-b87e-f43d11a5cbcc,8541d443-46dd-408a-a4af-df60551fc066,7ec7da82-9ebb-4be2-89f9-6c972e442265,2025-06-01T01:15:19.652612,Nemo officiis quam.,reprogramar,en_proceso
2129bb04-6646-4b08-8277-5af46c0eefd2,46cdeec9-48aa-488c-9e16-55e34ceb1ae2,044af920-ae5b-448c-a146-20db6d383604,2025-06-01T01:15:19.652612,Quibusdam harum nisi.,cancelar,cancelada
842a20d7-cd2a-417b-a11d-0fa24f7c6552,d9ee788a-c122-4710-927d-dbe4d6b37e8e,26a8ed80-550b-421b-92bd-450710d38016,2025-06-01T01:13:19.652612,Saepe excepturi tenetur harum quaerat.,cancelar,completada
3178b521-7e19-4b2c-a449-ccddc3d6aadb,22f8edb6-122a-4166-b9eb-215e74af4971,52b51481-9e6a-4e7c-8101-03670ad7863d,2025-06-01T01:44:19.652612,Alias perferendis ducimus eum reiciendis.,cancelar,cancelada
3ca4927c-093c-4ca9-bbfa-5e1e7693d00d,81f677f6-9ce8-44ce-b5aa-3697df0b40c3,fc11d5a3-7248-430f-a92d-a910a251e68e,2025-06-01T01:29:19.652612,Magnam aut officiis accusamus beatae voluptate quis reprehenderit.,reprogramar,en_proceso
46332b7a-4914-40f4-a7eb-c2ec1dcf784c,35822add-5d17-46d6-bfc8-74a33f70da34,677eceaa-cd6d-4ed4-9d6a-49f78f08d55e,2025-06-01T01:00:19.652612,Perferendis magnam temporibus ab.,reprogramar,cancelada
b391ae8c-e0e7-4095-9480-25ebe21286f9,dcb2fdb8-dc09-41af-8952-95f070d41280,a2bf5123-c769-4f09-b2a6-dea036a87357,2025-06-01T01:30:19.652612,Qui nihil aut aut fugiat earum aspernatur incidunt.,reasignar_conductor,en_proceso
6b7b04c6-fba2-4c70-91ee-080ed4d37c0d,33bef601-ba3a-46e0-ac1a-0e2e7ee88813,ff14f17d-2121-4498-8b36-e846534577b2,2025-06-01T01:07:19.652612,Illo reiciendis accusamus ipsum nam ratione.,reasignar_conductor,cancelada
3a826e00-5fa0-4d5b-be09-6c044f27c936,c03e57b8-13f5-47ef-856e-e24707651175,d5674a35-da4f-4590-996e-99e6736260d3,2025-06-01T01:25:19.652612,Aperiam illo unde dolorem est.,cancelar,en_proceso
8eb87a9e-9e47-4a73-964e-b8e722a8ed03,9bdfe41b-5583-426c-af65-0659633d2ef6,f8083d2b-3f83-4840-af36-ce810673eea7,2025-06-01T01:25:19.652612,Reprehenderit perferendis qui nostrum commodi occaecati.,reasignar_vehiculo,en_proceso
e242c2c7-c81d-4826-b90e-1a2a70beb5b1,11c2ee21-7304-42e1-a8de-213ac9ab918f,1aee7c47-fefe-4906-a355-b6e72117fef4,2025-06-01T01:03:19.652612,Quo illum tempora excepturi.,mover_carga,completada
074bf0da-1f7e-47be-ac62-236212772d3f,7a28e37b-f2ea-4669-8e24-3e08b2f0158d,697683ef-a377-4ad4-bdfd-6ec8268a58af,2025-06-01T01:36:19.652612,Sed alias ea velit omnis placeat.,cancelar,cancelada
470aa5a1-6101-42f5-a9a0-60fc44c4dabc,4cf73151-c674-4c78-ab89-b4d9ca7a0cbe,059ce99a-5b31-4e3c-9eee-2b56b7507bb4,2025-06-01T01:31:19.652612,Quaerat quasi soluta autem veritatis totam labore.,cancelar,pendiente
a53a64f7-d091-4f25-a7b2-b386271f0388,d8c22d3e-3e87-480e-9c16-2a6086304d02,9826dcbf-a43c-4a8d-8310-24b038087f27,2025-06-01T01:15:19.652612,Numquam inventore modi reprehenderit corporis voluptas reprehenderit.,reasignar_conductor,cancelada
3eed28da-25d8-41f1-8629-e9e15198b798,2e64cb8d-3b56-48b7-951f-71b279f39429,d3d4215d-2549-4a60-90ae-5673fe6147a2,2025-06-01T01:19:19.652612,Ea possimus provident eaque explicabo cupiditate.,reprogramar,en_proceso
95c98e3b-95ac-43aa-927d-f79a1eaff8d2,76d134c2-7e0e-4cc5-af75-40fb50312c8c,c3cd6440-2169-4e9a-9ccc-62674641248e,2025-06-01T01:32:19.652612,Perspiciatis odio nesciunt praesentium tempora facere a nulla.,reasignar_vehiculo,completada
ccd0db0d-e153-420e-a901-dc461f91d802,fecf82f0-3b31-4222-80b0-de6d61d98e93,161511e7-0f2f-4569-a6eb-86adf3820449,2025-06-01T01:19:19.652612,Mollitia illum architecto ad quo.,reasignar_vehiculo,completada
d56c9818-9aca-4601-9c08-0a5b0b47ad07,7aba61fe-c024-44bb-b507-14e76576ac2c,f66d52fa-fe6e-4b2b-a1f2-6326a800b286,2025-06-01T01:36:19.652612,Ipsam voluptatem eius rerum.,reprogramar,cancelada
4bea735e-d7aa-47a1-89c6-3bf64f6d5f90,c81b54bd-7bfb-4c13-abcb-dd7d280ed115,8547d8db-fc49-4612-ac0c-9d4546260149,2025-06-01T01:37:19.652612,Iste quod sunt.,mover_carga,pendiente
865d1bab-3980-443b-a2f3-c3d3100655ed,d28db12e-04c4-4b04-8b0f-741329269786,161511e7-0f2f-4569-a6eb-86adf3820449,2025-06-01T01:18:19.652612,Nisi impedit minus placeat aliquid consectetur delectus.,cancelar,cancelada
7ee0f496-8c90-4aad-8dbe-d637217411e1,d1986402-1751-4c01-81ee-3066c11aae09,2ad8c2fd-4258-4dd1-aff6-9b3ebc320af0,2025-06-01T01:07:19.652612,Quibusdam ad cum eveniet vero provident praesentium.,mover_carga,cancelada
a7fdc6b4-7fca-4a09-8cdb-790abbf466b3,20c92d1b-c205-42a2-8fc3-a06487c1b65b,f6469f46-79b4-44d4-b214-c3e1267ba3a5,2025-06-01T01:42:19.652612,Quam voluptate cupiditate quaerat.,reasignar_conductor,completada
6a7da168-a8ec-4396-85bf-5454145245cb,b28d1f93-1b2b-4bcf-bcdd-34a066a15d56,a4042a3a-6ef2-4bf2-b599-a4fd4e8ce317,2025-06-01T01:32:19.652612,Assumenda quo iure tenetur debitis.,reasignar_conductor,completada
ca2e979b-6437-4d29-9f9d-040ef288a064,47db194a-32b3-449f-b81a-e65c567eaa0a,2cadcbfb-44c2-4601-abc0-52fbb7e5a61a,2025-06-01T01:23:19.652612,Et doloribus nemo quasi distinctio quidem.,cancelar,cancelada
e58f78e2-d648-425b-bd6e-65bb1ba63da9,02f4180d-82e0-4dc0-bb06-381e5d34d1f5,69d30068-3f2e-459c-bcc7-87b64c930d96,2025-06-01T01:12:19.652612,Qui veniam culpa quas aperiam.,mover_carga,cancelada
7df899c7-7b4a-47dc-8b0e-2e8182893ce9,6b983687-1823-447e-9834-e1581aeb617b,b2d82549-0531-4228-8f35-4e6709cec415,2025-06-01T01:19:19.652612,Ut dolores autem expedita culpa.,reasignar_conductor,pendiente
3de4406b-c94e-4c8d-86d8-a6f0f3d3e442,8eb41c09-89ce-4764-8ad9-24a4f4f71fac,2c931ddb-fbb2-4e1c-861c-14d3fabbac51,2025-06-01T01:18:19.652612,Itaque excepturi est laborum aliquam.,reprogramar,pendiente
37eebfc0-a932-40d2-b3c3-a6e46d537029,070d7996-3ba4-4418-920c-201bd8a26c32,fee75ce3-2840-4715-ad14-73aa3be68876,2025-06-01T01:20:19.652612,Ducimus dicta impedit debitis.,cancelar,pendiente
06bc0fc9-7931-409f-8eac-b33b228c97da,f8d85212-87ed-4042-b7de-00efeb316f94,2c498ddd-fdf6-4406-8e82-b4572a205946,2025-06-01T01:29:19.652612,Veniam recusandae nam incidunt ab.,reasignar_vehiculo,cancelada
7e55b0af-c32d-4a5e-a234-c2a102e092c1,db21a8ca-e092-4b2d-a1d3-0ba804e0012d,af7f1481-56f8-404d-9cc9-9c4127de250e,2025-06-01T01:09:19.652612,Omnis eum magnam distinctio quo aspernatur delectus perspiciatis.,reasignar_vehiculo,completada
652bfe1c-6031-4352-82a2-0da0f8ac1d8d,5e86c42d-1aa1-48ec-87ee-3ec181dd377c,69d30068-3f2e-459c-bcc7-87b64c930d96,2025-06-01T01:08:19.652612,Nulla praesentium mollitia.,reasignar_vehiculo,completada
25a1f901-2242-4df6-abf6-64b546c826f0,940273ab-91b1-4809-9b90-0b92e8a7a8fa,60d7a539-4cba-4024-978f-1f385bbccd4d,2025-06-01T01:13:19.652612,Commodi minima suscipit facilis quidem earum.,reasignar_vehiculo,completada
ac3bee80-2c66-4b9a-9bdc-18850d4c07d2,6803810c-f4a7-41ce-aefd-4051820ea979,3d12d450-ab72-4396-ae4d-7b4b48ed54aa,2025-06-01T01:56:19.652612,Adipisci doloremque natus eum voluptatum placeat.,mover_carga,completada
a52c4de2-1efd-4930-95db-37e6bd5fc775,23ef2845-619e-4c6e-b59b-66fd01c2c53b,b14ea5f3-7d91-4262-aff6-6b8f19576ae3,2025-06-01T00:59:19.652612,Ipsam aperiam eum veniam reiciendis nostrum.,cancelar,pendiente
99dd61b4-a9e0-4580-acbd-201779212117,06b508dc-c0a3-4ab4-b480-b422e87ee040,91f65af7-bbd9-4494-8c3d-a3b8bcdf9e19,2025-06-01T01:11:19.652612,Repellat labore nesciunt esse eaque aperiam.,reasignar_vehiculo,pendiente
a571eb4a-3667-4a86-a254-e5ee72246151,6ac3d63d-6ac8-4c1f-a64c-a68e6549406b,c87f54ff-704a-484f-aa8d-36b3309d6743,2025-06-01T01:39:19.652612,Deserunt harum dolores nesciunt.,mover_carga,pendiente
dcbcd1da-5644-41ad-9925-ad9768ffe589,fe538a90-905c-45b9-b8e6-a8e940e88b23,6fed4398-e805-4dfc-8af8-350ba1187ce7,2025-06-01T01:15:19.652612,Error cupiditate enim atque nostrum eum.,reasignar_conductor,completada
2dd43b92-c683-44c9-bd5f-850dad3e46a0,ffac1528-acca-4849-833e-7ac0fee4cb33,4a3bdf88-e320-49f7-af29-07e528ac40fe,2025-06-01T00:57:19.652612,Quos quaerat reprehenderit delectus odio distinctio ratione.,reasignar_conductor,pendiente
6ca8ff4e-cccf-476c-8523-f9dad47048e9,0c4241e7-26d6-49f6-b143-6c9b2c0096ee,9826dcbf-a43c-4a8d-8310-24b038087f27,2025-06-01T00:58:19.652612,Tempore facere fugiat blanditiis vitae.,reasignar_conductor,pendiente
5cf79cbd-1dbd-48ad-bfd8-bc7b7588ee58,5c58a4dd-664c-4412-b3ae-d848cd227d86,30cb274b-af31-4613-bc4d-f42d1979f794,2025-06-01T01:38:19.652612,Vitae recusandae deserunt ducimus aliquam.,cancelar,en_proceso
fae04f92-c719-4b06-bdf7-93b064389799,fec091d8-4493-4cef-87cf-86b300fb9ffb,e1082cf1-0930-40d9-8249-a861364bdac4,2025-06-01T01:03:19.652612,Cupiditate harum possimus voluptate nobis.,mover_carga,en_proceso
da061df7-7d2e-4b13-997d-3db4962bf2b1,1fd852ff-7eeb-4b06-bbf0-38ef2ebe256d,5e8037e9-71d6-4a68-bd5b-815f5677fb0b,2025-06-01T02:00:19.652612,Impedit explicabo adipisci beatae quibusdam.,reasignar_conductor,completada
415f5bcd-cd4b-460b-9564-4a5afeef3ac6,ec896fdb-1c6e-48dc-b09c-cbb46eb15955,958a96fd-df1c-4b2f-af15-eee3f985ede5,2025-06-01T01:26:19.652612,Blanditiis ratione magni nobis soluta.,reasignar_conductor,cancelada
071e8774-f6db-475b-a06a-bdaa73a8f825,97985052-2f12-404e-908c-1a998fbf5a61,2540f804-8e5d-4b67-88d5-f55e4a494d55,2025-06-01T01:28:19.652612,Voluptas maiores totam odio fugit nesciunt enim nam.,reasignar_vehiculo,en_proceso
3ffd59c0-9d14-47b5-9d32-48c6899346f3,214be777-6579-42d6-b5c8-a40f103dc4d9,af269a52-7199-4e6e-9c24-3069044f6806,2025-06-01T01:38:19.652612,Beatae ducimus explicabo quia animi.,reasignar_conductor,cancelada
ed69a275-f882-45d1-a83e-7b2c8869b326,7530ab03-81b3-4d45-94cd-bfd110a68108,8638df49-1364-41a7-ba79-e6643e912ca4,2025-06-01T01:27:19.652612,Veritatis possimus omnis consectetur.,mover_carga,en_proceso
4ca45578-5429-47b9-9384-bf5e498724b2,acf9cf2b-f513-45c7-a457-0ec040c323b6,df15a814-78a1-43bf-b533-361d16931f58,2025-06-01T01:40:19.652612,Minima quod repudiandae amet.,reasignar_vehiculo,pendiente
2842ea0c-4c7a-4f76-912a-d445cbaa94d9,6f33f01b-10a2-464f-8058-94fa99543ea3,69bc38d4-e4aa-4330-ad1b-8d7ac9adf282,2025-06-01T01:36:19.652612,Id repellendus id fugiat blanditiis saepe.,reprogramar,pendiente
27b007a2-ec0a-4717-8db1-78ed9b5cf755,6c73da94-f111-463d-b966-6d14b23659a0,f69b60e3-74d4-4f0b-be06-9ff54d84a66d,2025-06-01T01:47:19.652612,Eos inventore beatae.,reasignar_vehiculo,cancelada
f14017cd-aade-4a17-b63e-592c7eaabfaf,1ae299fe-ed88-497e-ad4b-951f3c6fdfd2,8369ee32-a457-47c4-bcd0-7134c02e0993,2025-06-01T01:42:19.652612,Animi ullam quos quisquam consequuntur.,mover_carga,completada
ed844cd6-98bd-4bbe-9efc-0da745008bc5,6a92d635-e040-4ffe-a6d6-862e028315c7,9b6d1931-2d3a-45bd-8bec-40d3afd2f115,2025-06-01T01:34:19.652612,Fuga iste occaecati saepe qui aut.,mover_carga,completada
c80a1317-2a9e-4e76-bc5f-945e67f92726,20e8aa8b-287a-49b1-bba3-11156ec6b51a,04a1bbe3-2a6f-4eb4-b969-edc86d0e31b3,2025-06-01T01:25:19.652612,Deserunt delectus ipsum nihil.,cancelar,cancelada
02270ef2-cc49-412d-8195-fc02f2bb3ae3,7e323c4e-4ac3-482a-8933-916d4f4d24d5,f2e1c665-ea6e-46cc-a41e-ebd49fa13e0b,2025-06-01T01:47:19.652612,Repudiandae vel modi voluptas.,cancelar,en_proceso
f5a0f720-7cfd-4c19-bfc2-ac90aedc98ee,61c5c711-6e4b-4079-a2b8-e77046a31f0f,30cb274b-af31-4613-bc4d-f42d1979f794,2025-06-01T01:12:19.652612,Nemo repudiandae molestiae impedit excepturi.,mover_carga,en_proceso
49b6b183-3564-4d07-bd17-c8e0a1152725,faa5e954-5e9b-4171-ad77-c68292bd52a3,8a8da460-8a01-41a1-a04e-38dd75dd3085,2025-06-01T01:01:19.652612,Ea veritatis iure quisquam.,mover_carga,en_proceso
aaf6de45-9856-495f-89a6-707b41c3545d,90efe244-492e-40c0-bffb-b3a6c901c760,f3d0c779-4304-43a1-bf18-71914c3b3c89,2025-06-01T01:31:19.652612,Culpa totam nemo animi dolorum fuga.,cancelar,en_proceso
3fc2de9a-7e46-4f04-b410-952231d53dc6,b0e24ada-ce48-4eea-8848-fd8e8b2c8bdd,50f85fc1-e16f-487f-aae8-36521406ff81,2025-06-01T01:11:19.652612,Ipsum a quo.,reasignar_conductor,pendiente
d8abdd4c-893d-4851-9289-1b294477d16b,a134c460-e0f1-47a9-90c5-d624edf8c3e1,c3cd6440-2169-4e9a-9ccc-62674641248e,2025-06-01T01:48:19.652612,Repellat vitae sapiente necessitatibus saepe atque a.,cancelar,completada
1330c876-4665-4d53-af93-cce9fb1c9f7d,aaa6b194-15be-4ee9-8075-3ff23e606b0b,ff832fea-1ac6-4a2f-8b96-5f67d2045156,2025-06-01T01:22:19.652612,Delectus maiores culpa amet corporis repellendus recusandae.,reasignar_conductor,en_proceso
b5019053-1705-44b3-b403-705e640b66f5,454b09b5-810b-495c-82f6-92bfedc9e79d,bcc1cb8b-7773-4848-b48e-616405d6af9e,2025-06-01T01:24:19.652612,Repudiandae ullam quo nulla commodi corporis.,reasignar_conductor,cancelada
f15b3e81-8e75-497f-86d7-fa92b107d413,dd16f479-d81b-4353-83bf-bfa2fd7cba46,2d7b3c59-c8f4-49d8-8bf0-0b06b195e5bb,2025-06-01T01:21:19.652612,Dignissimos voluptatem officia vero amet.,reasignar_vehiculo,en_proceso
d46943a7-840f-4d69-8d8b-0a8d089fba2f,78a216f1-8c6b-4c4c-a4b0-afaa539baf9b,ab245e77-dbb0-4c8a-887b-34d188a6d2c0,2025-06-01T01:47:19.652612,Culpa itaque ea.,reasignar_vehiculo,completada
61366236-a5d0-4f60-900e-9b02673d4fd8,62131de7-c52f-4d5d-85a2-623019e38f8e,2aa21b82-d67d-470d-bee8-30a139eab0e5,2025-06-01T01:41:19.652612,Facilis enim doloribus iure quasi ea.,cancelar,pendiente
bd91c6c7-4971-45a6-bae4-75e024d9bfd1,c664bb72-0353-44e3-8abb-f8fabef04d72,70d573f4-c60d-4f10-b1bf-06c473782203,2025-06-01T00:53:19.652612,Recusandae perferendis minima beatae asperiores.,cancelar,pendiente
afb11896-4b40-4f42-9921-254ff4ddcfd1,57a30100-27bf-4e8e-98a9-c569fe57079c,4ec9990f-2709-4161-943b-d636d21da809,2025-06-01T01:28:19.652612,Voluptate quae at deserunt.,reprogramar,en_proceso
e3a3640f-00bf-490f-9d4d-c46eff940e31,eaabc88b-d126-4726-956b-badf2b352f30,fd85d3ac-6ad5-42fb-9fd3-77eabfe52bd3,2025-06-01T01:27:19.652612,Praesentium praesentium porro laboriosam minima.,mover_carga,cancelada
84942bc9-077e-4155-9f2b-e888c5f49764,6a090c0a-311f-4c77-849a-0ca5e48634a1,0675298b-f135-4b90-ac9d-1f7919b7cd93,2025-06-01T01:06:19.652612,Odio accusantium alias veritatis vel sit maxime eum.,reprogramar,completada
573baf0b-faf5-4f8a-9736-4f860777ccae,286217a6-7c29-421d-8d87-e5791181dc1a,4425e250-3f5f-40c0-a45d-ef7b396b0ba2,2025-06-01T01:03:19.652612,Ea perferendis ad accusamus.,cancelar,en_proceso
b8c5d306-4e2c-4f82-9086-eb52cd984185,20fa1d1f-b03d-4974-8095-e82039497e4e,8b14115f-904b-436a-bc8d-60a2276d3d70,2025-06-01T01:58:19.652612,Doloremque possimus error atque.,reprogramar,completada
66c0267a-266e-408e-a993-7cbec3728277,b0d9439f-2fcd-4bed-8648-86f6d65a82fe,f547bd89-ed38-4dc6-982a-650331b66221,2025-06-01T01:21:19.652612,Rem tempore magni inventore eaque praesentium.,reasignar_conductor,completada
fa6a1661-f794-4877-84d2-e0cc827b0606,e793802b-9570-4574-a4fe-87ba6bba70aa,481be87c-aa2a-4ee2-940d-e6c0a0583a38,2025-06-01T01:17:19.652612,Molestias cumque porro.,mover_carga,pendiente
36e09b97-2612-46df-ad0a-67b1975e26ae,7294fd92-104d-4a68-bae7-3d678c9049ab,df15a814-78a1-43bf-b533-361d16931f58,2025-06-01T01:16:19.652612,Dolorem est molestias officiis voluptatum illum quisquam.,cancelar,en_proceso
3a36cadf-a913-466e-8f3c-4a34940f3b6e,88227de4-c896-49c7-aeec-681cd30c2ff0,c2ffeea2-9ae1-43ec-8258-51430a479c0b,2025-06-01T01:08:19.652612,Est ducimus sed unde.,mover_carga,cancelada
d1afcf47-9ac3-4f96-8bba-fe8fbf932654,e232b6d9-38ce-4aa6-9dbb-7cfb0acb53a1,4191b578-4181-4904-8aa2-91b7c9391ea8,2025-06-01T00:53:19.652612,Corrupti incidunt ut laborum modi itaque voluptates.,reasignar_conductor,pendiente
d8cc786f-c484-4049-823c-269826c4c5a7,9c97db2c-e251-4b0d-8c3a-6749577d1886,2aa21b82-d67d-470d-bee8-30a139eab0e5,2025-06-01T01:47:19.652612,Vero voluptate perferendis quam ut fugit voluptatem.,mover_carga,en_proceso
f9566a9a-486c-4305-b370-ec90795c3a17,a82ea8bc-0d28-4f58-a13f-cd8e64ff1305,21d98432-0ba5-4855-b7e0-199d67c49934,2025-06-01T01:48:19.652612,Sapiente eum tempora animi vitae corrupti distinctio.,mover_carga,completada
0526ddf0-0040-4e94-8b17-4be12ebcb935,71fbe841-6d80-4d1d-9c16-7dc3b82208fb,c1ce271d-30ce-4197-beb0-e38ac09d0579,2025-06-01T01:56:19.652612,Neque perspiciatis laudantium vero quis culpa ut.,reasignar_vehiculo,pendiente
f2fe570b-49a4-4806-a3ec-93925d2ef8dc,4022d7d6-dfee-4f28-8e48-e71cf6bb481e,f2e1c665-ea6e-46cc-a41e-ebd49fa13e0b,2025-06-01T01:10:19.652612,Eligendi deserunt aut illo recusandae veritatis.,cancelar,pendiente
9a1e1379-a267-4d1f-ab8c-cde9e552fe81,d21e3aaf-e745-4a4b-9256-5236756d18c2,43dbdb80-f4a0-4b83-816e-1b268de94d65,2025-06-01T01:04:19.652612,Autem iure fugit iusto.,reprogramar,completada
ad9a829e-db42-4f1f-bdd4-4140874e2a8d,bbf2b3a7-e13d-45f9-bbf8-322af7e499a3,e1fd5b85-b84b-434e-b073-de1d9c81bf25,2025-06-01T01:23:19.652612,Porro ipsa temporibus quis.,reasignar_vehiculo,en_proceso
f47b74af-92e8-4482-9f2f-d91d8cf0401d,61af68fc-21f7-4428-af6c-437e7e87d3e4,eac44f58-fbd2-4042-bb9d-b6a317f538e7,2025-06-01T01:08:19.652612,In ab doloribus optio iusto occaecati expedita.,reprogramar,completada
02c0a8d0-7053-4c62-a7c5-9751794cfe7a,eef2bb72-d6d8-4c36-af6f-d99d0efd75de,8638df49-1364-41a7-ba79-e6643e912ca4,2025-06-01T01:17:19.652612,Sequi sunt laudantium.,reasignar_vehiculo,completada
0e709927-0a61-4b6e-9dbd-06254503f2f7,6ef45c23-87c5-4f90-9250-6827d0a143bd,88e3af56-9a14-438b-87dd-80de1c662fbf,2025-06-01T01:11:19.652612,Dolor occaecati autem voluptatum et.,cancelar,en_proceso
f36b441a-3e36-4fac-af7b-c78831bcf5b2,98d1f65c-1535-42f8-beff-2b64557513bc,221bac78-7ec4-4166-972a-6ed942a63279,2025-06-01T01:16:19.652612,Distinctio libero explicabo harum iste.,mover_carga,cancelada
73aa0aaa-5549-4734-bec5-a8b1872da5f7,73cbdf93-01a8-484e-8f82-53dea1e94ccc,ffc91a76-fbdb-464a-86b0-0ec6c5667748,2025-06-01T02:01:19.652612,In quibusdam neque quas ad atque amet libero.,mover_carga,cancelada
80442c38-9ac5-485b-8d0b-ff27e6551542,f2fe03cf-cde9-4ad9-a5ad-e95f32b6a632,bfb25689-14f7-4d4c-9ab0-22f1b7c2ece5,2025-06-01T01:03:19.652612,Libero nesciunt aspernatur libero.,reprogramar,completada
8c5c7e26-f947-4201-bfd5-fce309a392d7,ffeedcdf-cec0-4f12-87f1-3ac8e1e53bcc,d121bfd9-08e7-441e-b97f-2ade2620333a,2025-06-01T01:29:19.652612,Alias explicabo fugit eius sapiente nam quaerat.,reasignar_vehiculo,pendiente
c3ef0f2f-9633-4788-9dd3-90439b614442,37c2d091-fa3f-403c-a067-a3d82b18faf7,e1cd2056-ddc1-4203-9d6d-911eee509c13,2025-06-01T01:21:19.652612,Inventore quidem officiis quidem aliquid voluptate.,reasignar_vehiculo,en_proceso
77a323af-f315-42f3-9eec-5faaf633e1bc,cad982f2-af4c-443f-bf4d-be75f20d745f,e21dded0-b457-4525-acb7-11842f4bedfe,2025-06-01T01:54:19.652612,Molestiae repellat maiores quo recusandae ut commodi.,mover_carga,en_proceso
e1d08a44-eeff-4536-bfe8-5f37d1442250,a8efe61a-8485-457e-94c5-0b48b057288b,5c97b1e8-2c81-4699-a18b-126f5a889b29,2025-06-01T01:23:19.652612,Ducimus aliquam quidem dicta inventore aspernatur odit.,mover_carga,completada
1224d834-35d8-4005-9ba8-dc2487b09768,c646a60a-0c6d-4bd3-bd9d-3a175e81b38a,76872232-7841-4abe-9266-f999a671a6f8,2025-06-01T00:52:19.652612,Excepturi molestias harum placeat.,reasignar_vehiculo,cancelada
26271b28-15ae-4e84-b56e-b9d6c91f4808,4a322043-8b28-4b2e-9adf-5833f4718e6b,b11aadbd-d90f-474c-8787-6343c89975c1,2025-06-01T01:23:19.652612,Expedita repellendus similique consequatur fugit sint eaque.,mover_carga,cancelada
017a9b77-2f0a-4781-92b7-4c7d03ddea34,2c30b140-2321-434c-b8b2-5b5169681973,2d7b3c59-c8f4-49d8-8bf0-0b06b195e5bb,2025-06-01T01:24:19.652612,Consequuntur provident voluptatibus similique.,reasignar_vehiculo,completada
3481594c-2669-470b-a0bd-8c392c57670e,e977690e-a311-409b-9073-1667ba1ac433,fd65324e-77e0-4b17-a69d-dfc55b4c13c5,2025-06-01T01:12:19.652612,Occaecati iusto tenetur optio possimus repellendus doloribus.,reasignar_conductor,cancelada
5f38c7f4-e7a2-4336-9141-e7e54ed50ec0,7390a65b-6ce0-438e-b701-afd953bb73ea,3e9fd66d-02e4-48a1-807c-483ea7130da4,2025-06-01T00:51:19.652612,Sit fugiat nesciunt eveniet sed earum ab.,reasignar_conductor,cancelada
b982e004-a437-4ecc-9c82-eca56845d2a8,a0187fc4-431b-47c2-8b35-0389816eefd4,ed69d931-8fca-4f34-815f-8e109f42c782,2025-06-01T01:27:19.652612,Tenetur beatae quidem est.,reasignar_vehiculo,en_proceso
be60f927-ee98-4274-939b-bf84361a3aa6,197ced67-9eb1-449b-971b-0f11d32df92d,8f98c08f-06be-4d6c-9c4c-8bf0192d9985,2025-06-01T01:12:19.652612,Error repellat consectetur illo autem.,reasignar_conductor,pendiente
aa19aa62-453e-4245-a3d7-e054e079cc8a,caf86483-f119-4da6-a83e-3fdc743ab983,e98eafeb-cc5b-4f23-8804-77a9fe1357e3,2025-06-01T01:17:19.652612,Ipsum inventore temporibus dignissimos similique.,reasignar_conductor,cancelada
c06f808c-53f6-43f7-8594-0ca1851b426d,6840b09d-b4c8-4c8c-be7f-805667146b99,f0e3c66b-8fd0-4f71-a396-241df9502712,2025-06-01T01:22:19.652612,Cumque quos consectetur error.,reasignar_vehiculo,pendiente
6721eb47-8cb4-4006-b03f-996e1b4b58d0,e9b0d88d-85fa-4228-9e32-4802737aead5,559ef05e-2601-4858-812b-370aae7b6714,2025-06-01T01:14:19.652612,Dolor voluptates doloribus autem iste vero hic non.,cancelar,pendiente
0834f894-922d-480f-9ce0-76d2b4fed28c,970059be-d4f0-4fa6-bcf6-aa229341fc1a,b75dc761-d43d-411a-8c59-eb6861403b40,2025-06-01T01:28:19.652612,Cupiditate voluptas dolor eius reprehenderit tenetur blanditiis quibusdam.,reasignar_vehiculo,completada
e33b9785-20f7-4b54-bfbc-613cefcb708b,175c9af6-e7d0-4e5d-b8fa-f57eed23c4d6,d71c9716-af16-48e3-a010-6d3d0f8ba63e,2025-06-01T01:36:19.652612,Accusamus corporis laboriosam.,cancelar,pendiente
e3fef3a5-0e70-4b18-93ce-db1ccb33b42f,e33ee238-8703-4a07-8c57-afc259dc3169,c9ab4321-4ab1-4244-bbd8-f78dd68e16fa,2025-06-01T01:48:19.652612,Reiciendis ipsa praesentium fugit.,mover_carga,cancelada
bf25afc8-fd33-4c3b-bdfd-933d354a3f2e,baac19c2-7d63-4274-9640-044b6b43c283,c2a7be29-5088-4402-a4ce-9a1b2bbf7ff5,2025-06-01T01:28:19.652612,Rerum dolores vitae harum.,cancelar,pendiente
bb5a6a81-8398-4ec7-ab6f-be30f156fdcb,9528992f-05b3-4fa0-9508-e0569fa6bdc9,1c3f563c-6146-4feb-bd76-4d93225a2ce7,2025-06-01T00:59:19.652612,Aut est reprehenderit quam facere.,reasignar_vehiculo,pendiente
f9eb5ee8-8b90-473c-bc61-96002502a7df,c058bebb-0dc2-434c-bc89-25df4bdf742c,3983c8a7-6165-413f-b567-7063f508c17c,2025-06-01T01:41:19.652612,Reiciendis quidem quis aut consectetur quae voluptatum.,reprogramar,completada
169f6c19-c0bd-47e7-8b60-b9af3878557a,ce94d039-f3a2-4e63-9266-46591d4dce20,d121bfd9-08e7-441e-b97f-2ade2620333a,2025-06-01T01:15:19.652612,Vitae recusandae ad minima nobis.,mover_carga,cancelada
f980f930-8225-4119-941b-afbdf92b0716,39cfd63f-5df5-4fa4-8d75-e23a02576f68,8c2e21f3-658c-4d23-9285-728d9d383e78,2025-06-01T01:41:19.652612,Vero molestias officiis debitis.,cancelar,completada
a20c35a7-7d48-4dc4-a211-258b5348b7e7,b63a0571-6f8b-4e33-b79e-dfa21b2918dc,97324d1f-aa3b-4f3e-8119-87e005f7deba,2025-06-01T01:31:19.652612,Sapiente rerum ullam reprehenderit ipsum quidem.,mover_carga,en_proceso
6e53e1cd-abdc-4a2f-b70b-07604ec016b9,69079f42-411e-4b77-ace7-7aed7af40ea8,c2a7be29-5088-4402-a4ce-9a1b2bbf7ff5,2025-06-01T01:05:19.652612,Voluptatibus doloremque ab quisquam.,cancelar,pendiente
8dc62598-89e3-4b84-bce5-b58cc1a018ca,80eac96c-8a24-4ac1-b9e4-dda8431bc7f7,9284e405-8ea7-43c1-bcef-fd0e9de64b0e,2025-06-01T01:57:19.652612,At nobis doloremque ratione.,reprogramar,cancelada
3aca7a45-1299-4a7d-963c-f2a2700da727,93a27441-4954-4ff8-b487-a8cf499f2bf7,c87f54ff-704a-484f-aa8d-36b3309d6743,2025-06-01T01:15:19.652612,Cupiditate asperiores voluptatem tenetur quis.,reasignar_conductor,pendiente
58c172a9-4032-4282-a9ed-8a04396069db,d0829990-d99c-4bb9-b2dd-8a56fcc2d9ed,6a74a7e0-9486-495f-a5bb-1cc7de4e769e,2025-06-01T01:32:19.652612,Reprehenderit natus iure quaerat quia.,reasignar_conductor,pendiente
0233a98a-9ffe-4e0b-8ac5-01e6de093da1,0d2c9b3f-c918-4ed9-bfad-cb470abbaaae,9008db7e-b3f1-4a5b-bcfe-817040584a07,2025-06-01T01:23:19.652612,Eligendi suscipit asperiores sint eos sint facere corporis.,reprogramar,completada
040f69e2-604b-4512-8879-820229ff7a11,e8d2e02b-b378-442b-b053-2841d6743c96,30cb274b-af31-4613-bc4d-f42d1979f794,2025-06-01T01:19:19.652612,Tenetur excepturi illo eaque.,mover_carga,pendiente
8e05bac0-4f0d-4e52-a8fd-2be33e02fc61,249e85bc-1598-4334-867d-964cbcd8b74b,313e74c9-c15f-48ce-9c3c-8fe0bab3dade,2025-06-01T01:16:19.652612,Soluta temporibus labore officia.,reasignar_vehiculo,cancelada
466bab11-aae3-47f7-9d35-437bb5132ef5,0a893d8f-a36d-4235-af8a-d0b8fcb0d2bb,43dae8a1-57fd-468a-8dfd-f570b5b1f9c4,2025-06-01T01:07:19.652612,Voluptatem voluptas dolor praesentium temporibus.,reasignar_vehiculo,cancelada
d53eb8aa-da95-443d-a451-15ee7c227fa4,cc8c4cea-341b-4170-8c74-184203698a76,166ffb4e-3dc0-455c-b782-8abf26479433,2025-06-01T01:22:19.652612,Beatae fugiat quam quia cum iure.,reprogramar,en_proceso
0c95bb17-a8e5-463d-a1b0-f942c95f0b80,10f93b5a-5981-4fd8-8c0c-9ef3837819bc,c850b468-b051-48a3-8b0a-798e21169f83,2025-06-01T01:26:19.652612,Temporibus nesciunt magni doloribus delectus est.,cancelar,en_proceso
b8641657-ef50-405a-b401-29c5cc15166c,af0dd069-f333-44c4-9b8e-90edb04902d7,211ba499-d814-468e-aa1b-c19386da803c,2025-06-01T01:31:19.652612,Ab fugit fugit quidem optio explicabo quaerat.,reprogramar,cancelada
1a8ffc28-90e8-49d8-8d79-15d24ed19a02,69d25927-402e-4247-98de-e4e9f4b8d73f,8d347fcd-6150-420f-b677-55fca7d6c3be,2025-06-01T01:24:19.652612,Vel nesciunt provident repudiandae sint.,cancelar,completada
86ece5fd-e03a-4ba9-a598-41e75f3465ee,131ea1cd-24e3-4c4f-9456-60c6116959dc,340d4655-9af1-4438-8474-0d70afac807e,2025-06-01T00:53:19.652612,Illum nisi doloribus animi recusandae veritatis pariatur ad.,reasignar_vehiculo,completada
5c98d606-4ab7-4f0f-b69f-38ec4792f1e9,05a1d959-d0c4-471e-9f41-752e099f2fba,bee4e019-ecc8-4cab-9eb1-cd4568291c53,2025-06-01T01:25:19.652612,Modi voluptas consequuntur modi similique minima est illo.,reasignar_vehiculo,cancelada
4b8ccc89-7cce-44f1-a1c6-3b8d4990c694,3261343d-1399-4656-bed8-2e92f3379b17,345ec977-4bf5-47dd-886e-0fb2cc1e7acc,2025-06-01T01:02:19.652612,Quidem maxime earum beatae.,mover_carga,cancelada
402235de-42a9-4256-b678-73b087858abb,3771d6dd-8f71-4c27-b31b-8521cae67a58,ac356e7f-d481-4806-8bb5-c4eb89cf58f7,2025-06-01T01:06:19.652612,Adipisci facere quasi pariatur totam dignissimos accusantium dicta.,mover_carga,pendiente
8f0d8929-39a4-46ea-8e8e-b3caaad4def0,ce072935-dfb8-4429-b891-6374eda27640,d6f70c95-2281-4d1b-86ce-29ba140bc93c,2025-06-01T00:58:19.652612,Eveniet cum dicta odio praesentium neque quas.,reprogramar,cancelada
2d132280-ed81-4658-9d91-584e03fb9f1f,b60cfb6a-7062-4513-aefb-2f9e6fd4e346,91f57baa-634f-48f7-83f1-af9839669040,2025-06-01T01:27:19.652612,Rerum quisquam veniam.,cancelar,cancelada
5ffeb788-92b2-4dae-b452-e0e416e33b5c,bc384b50-4b4f-4af6-a9c0-a5a2629617ef,3940ac26-5d3b-438a-bc04-a8745801694c,2025-06-01T00:54:19.652612,Quidem doloremque voluptas ullam eligendi amet.,reasignar_vehiculo,completada
b73aeca7-e536-4933-a082-f25e8a086787,0e7819f9-e643-4a23-852e-926fa157ec0d,63de5fda-90c0-4c72-b0b2-a82e92e65117,2025-06-01T01:09:19.652612,Quod similique quidem suscipit minus.,reprogramar,en_proceso
c4d061df-e5e6-47c1-b61d-f544d265eee8,4c44c9c0-52af-4244-a9e0-5846b03e62c4,d30579d5-1f8a-4e65-b826-72b797b2492a,2025-06-01T01:52:19.652612,Reprehenderit nesciunt iste officiis adipisci doloremque nemo.,mover_carga,en_proceso
476d3974-6094-4807-a412-965fe9ddb06e,4197309c-7048-42ad-af45-9aecf2583ce1,677eceaa-cd6d-4ed4-9d6a-49f78f08d55e,2025-06-01T01:35:19.652612,Molestias eos debitis laudantium ipsum.,reasignar_vehiculo,en_proceso
8cd4922f-d64f-437b-bc82-9634ecc2c292,ec8ba184-3f3e-445e-930c-c3ddf570c5b2,13f36ba8-2e3e-4280-8fd5-62aaea9a6e2b,2025-06-01T01:15:19.652612,Modi porro iusto nostrum ipsum.,cancelar,en_proceso
55856cf5-b70b-458c-b19c-fa97e10a2ac6,31c08c9e-c860-4747-bae6-eeafdd8e87ca,97334f1d-e559-45c4-ae39-a75e2f055687,2025-06-01T01:16:19.652612,Maiores ut molestias doloribus perferendis sunt.,reprogramar,completada
0c51ccff-beff-43d4-935e-9aab6c761345,1d03f1bd-e1ab-4126-931d-09e17a03be19,f66d52fa-fe6e-4b2b-a1f2-6326a800b286,2025-06-01T01:28:19.652612,Eveniet velit culpa ex modi.,mover_carga,cancelada
d66482e6-b463-40fb-ae54-b1470ca7447b,2869734f-13ab-48bf-aaef-987a5a4999f3,54227fb2-eabe-407b-bafa-475233c6572b,2025-06-01T01:16:19.652612,Dicta rerum dolore aut.,cancelar,pendiente
a9e17e73-e8ee-4745-a5a2-0b4ae89cb8d9,9488be5f-baa0-4ac8-b3c2-29fd3805b34c,ff14f17d-2121-4498-8b36-e846534577b2,2025-06-01T01:28:19.652612,Dolorem aut adipisci corporis aut ex.,reasignar_conductor,completada
56af8da3-5afc-482d-afee-76c2ee752060,d3f3b484-c96b-4809-8ba9-e95830f71b00,f66d52fa-fe6e-4b2b-a1f2-6326a800b286,2025-06-01T01:11:19.652612,Dignissimos non eaque dicta reprehenderit veniam.,reasignar_vehiculo,completada
3d0d299e-4baf-4932-be94-f369beeb92fd,bb5318b8-1642-43ba-8fdb-a89c21506b3d,b18eec02-bd97-44e5-8ff6-8a14cc9e7bf6,2025-06-01T01:29:19.652612,Nesciunt nesciunt voluptas fugit.,mover_carga,cancelada
6854a693-04fe-42d3-8bba-bdf27af6b3d6,7dfc694c-880f-4839-8d45-0728bbbf1dda,df15a814-78a1-43bf-b533-361d16931f58,2025-06-01T01:12:19.652612,Corrupti dolor amet odio fuga quas.,reprogramar,pendiente
0eea17ec-193e-43a2-9914-e6adc48bd0ad,9bae556d-5add-45c0-941a-0566a114f0a1,3dc74b99-91cf-4827-8c59-88a9cd9d3156,2025-06-01T01:06:19.652612,Animi aliquid nisi ab numquam praesentium.,reasignar_vehiculo,completada
eecd355a-1c6e-489a-b7e5-28be151bed7f,71f4b41c-0da7-44fa-b2af-c7682aa5c32d,9bcb8be0-3847-4e5a-a231-089901f9e5c1,2025-06-01T01:40:19.652612,Laborum molestiae expedita exercitationem.,reprogramar,cancelada
95e73942-2318-4047-ad54-86f340df2764,dddf9c44-1b3b-4a02-a086-6c5a1ba5950d,f66d52fa-fe6e-4b2b-a1f2-6326a800b286,2025-06-01T01:32:19.652612,Ea iste suscipit.,cancelar,completada
fca16244-4e59-4d0a-932c-04b2b648f85c,0a66c88a-a99b-4ba0-94c7-243b56b153e4,044af920-ae5b-448c-a146-20db6d383604,2025-06-01T01:36:19.652612,Assumenda non commodi iure.,cancelar,completada
78a655b6-0684-421a-afee-9d2d373c3385,3d57e61e-0767-48e9-b5ef-e969ceb85dc8,b867cc68-bc9a-461d-90ff-f39ccdff78ab,2025-06-01T01:05:19.652612,Exercitationem cumque quam voluptas officiis.,reasignar_conductor,pendiente
63cfc312-dfde-43fb-b2eb-7479fb975483,a4f79c35-db8f-4142-bd33-588923e5da3d,1aee7c47-fefe-4906-a355-b6e72117fef4,2025-06-01T01:26:19.652612,Minus labore culpa dolor maiores.,reasignar_conductor,en_proceso
ec629749-fdc9-4581-a9af-a12e2b642012,0f327c1b-3565-4167-beba-589dfcfd507a,ff832fea-1ac6-4a2f-8b96-5f67d2045156,2025-06-01T01:17:19.652612,Possimus ullam deleniti a neque maxime explicabo.,cancelar,en_proceso
a6b2c906-9190-4e1b-b23f-a8a0db6d7a7a,fd33d0a9-c58d-49f5-9a46-de1cb0d096c1,97334f1d-e559-45c4-ae39-a75e2f055687,2025-06-01T01:40:19.652612,Eum sequi molestias odio.,reprogramar,pendiente
67b03353-cd18-4e86-9628-efca56b702a0,55501468-be30-41b7-9381-4a313a1ccf10,4fd1d128-a869-428b-b219-bfbe0f301bee,2025-06-01T01:13:19.652612,Fuga quasi vel necessitatibus vero quaerat.,reasignar_conductor,cancelada
b9c09563-3a23-4113-893f-61b280f7dec7,9363675f-3a0f-459d-b1c6-bada64704696,ec2ea81f-e84b-4bf2-a0d4-d5e9a6bd0b03,2025-06-01T01:17:19.652612,Perspiciatis ullam recusandae repellat.,cancelar,en_proceso
02832d3f-86b3-4d2b-ad10-40c9bc452d19,57d1de8a-c04d-4533-9e05-a22ad1d88115,2c498ddd-fdf6-4406-8e82-b4572a205946,2025-06-01T01:03:19.652612,Doloremque harum ea voluptatem quisquam mollitia.,reasignar_vehiculo,en_proceso
8e031ebf-d317-4b45-9d39-d2edfc796fcc,986ebf2a-cccf-4365-82e0-de2b175e9549,d06cd773-f809-4449-a156-3ca4fa358775,2025-06-01T01:11:19.652612,Veniam dicta ipsam maiores debitis magni.,cancelar,pendiente
ef7a4bfc-8475-48ad-8f22-4b3240bff9a6,dbde97ad-6e7e-4907-87cf-f8643f66450d,ff14f17d-2121-4498-8b36-e846534577b2,2025-06-01T01:51:19.652612,Ipsa omnis temporibus fugit repellat.,reprogramar,cancelada
cfcfd502-3444-49bf-82b7-7f3e8de1816a,e5f9844d-f191-47f7-8f0d-64a964978cb6,4fd1d128-a869-428b-b219-bfbe0f301bee,2025-06-01T01:13:19.652612,Quis quaerat cum ab.,cancelar,en_proceso
4cc53411-79b0-4b99-b898-e95240d67711,c9aa34c4-22b5-4677-af3c-aa3d975e5e6f,c2a7be29-5088-4402-a4ce-9a1b2bbf7ff5,2025-06-01T01:40:19.652612,Quia aut placeat eius quam aspernatur voluptatum tempora.,reasignar_vehiculo,cancelada
8400f5b3-ff3e-4aa5-a132-53b22f6de4e2,749a0a7c-f588-4499-a66a-73aeb1ec8ea6,2302ffd7-9fde-4272-a1f0-a03e5ad284e4,2025-06-01T01:23:19.652612,Voluptatum excepturi aperiam placeat vel amet repellendus.,mover_carga,completada
fa6dfd24-a216-421d-a335-0afd9ee053e1,131bd95b-910e-4e1a-8de7-614600732627,a7df93bf-13e7-48ea-bd9c-393e071ebe1f,2025-06-01T01:14:19.652612,Quis velit magnam.,reasignar_conductor,completada
e525758c-7683-4143-9478-dde6ed4d9aa4,851781d8-5258-43fc-9593-1aca31bc3e72,43dae8a1-57fd-468a-8dfd-f570b5b1f9c4,2025-06-01T01:15:19.652612,Porro reprehenderit voluptas suscipit.,reasignar_conductor,pendiente
98671887-1d92-4b63-a1de-3baed9b9ef72,ece8c112-a876-4a33-8697-cd4226a8924d,9bcb8be0-3847-4e5a-a231-089901f9e5c1,2025-06-01T01:24:19.652612,Nisi itaque nesciunt laborum.,mover_carga,en_proceso
0de7d10c-1565-43fb-b6c2-2443a52f131b,014c05cc-b691-4a03-8e6e-da2e31301ab5,d6fa77ed-3582-4e3a-83ef-85ba30dc7010,2025-06-01T01:42:19.652612,Atque distinctio est veritatis natus sint.,reasignar_conductor,completada
38be06ec-e885-407b-abf5-b2aa09331169,6202925f-0d74-4aee-b3ea-0bfd3297dd82,e1fd5b85-b84b-434e-b073-de1d9c81bf25,2025-06-01T02:04:19.652612,Praesentium incidunt quisquam architecto dignissimos dignissimos.,reasignar_vehiculo,cancelada
83375265-a0fc-4e30-a41b-92e155257937,c16929b9-c18f-4104-8c89-dbd85ea18d82,221bac78-7ec4-4166-972a-6ed942a63279,2025-06-01T01:35:19.652612,Reiciendis sed corporis.,mover_carga,cancelada
6f5894c0-0bc8-483c-b81e-929ec4e10ca3,0630d33d-03b0-49da-a3df-8afb302149b4,f0e3c66b-8fd0-4f71-a396-241df9502712,2025-06-01T01:39:19.652612,Voluptates soluta porro accusamus aliquam vero provident.,reprogramar,completada
3c1cc774-79a8-4d76-b9b0-00a33e5b7c80,6b801f11-206b-4534-9bcd-25ebb54a8365,21d98432-0ba5-4855-b7e0-199d67c49934,2025-06-01T00:51:19.652612,Neque facilis molestias expedita accusantium.,reasignar_vehiculo,pendiente
a309d9b4-d403-4367-8f7c-4144e94f5b17,836658bf-3f93-4e07-a05b-3a38d0c36347,ff14f17d-2121-4498-8b36-e846534577b2,2025-06-01T01:18:19.652612,Perferendis eum laudantium amet quod repellat.,mover_carga,completada
c07ea474-7c7e-4edc-a717-555a1fd6be8e,e0ca948e-6c2f-4656-acb0-75eb2e5f74bc,0675298b-f135-4b90-ac9d-1f7919b7cd93,2025-06-01T01:48:19.652612,Impedit iste delectus.,reasignar_conductor,completada
d4f81eaa-2d7e-4f44-882a-134044013251,0ae9d25e-1e2f-47e3-a6bd-ddceb05d37d6,bfb25689-14f7-4d4c-9ab0-22f1b7c2ece5,2025-06-01T01:25:19.652612,Quas nobis aperiam quo ullam.,reprogramar,cancelada
f0ad2415-4a93-4e7e-bd75-25d9d5f86e02,8fa58619-091f-4418-b109-1d0eb94a2c51,b36f37d4-27bf-456a-b435-c0092e868660,2025-06-01T01:20:19.652612,Dolor repudiandae fuga ullam consequuntur beatae perferendis mollitia.,mover_carga,cancelada
24834474-ca8d-4432-87ca-22f4b1a48eda,e5ee6c81-97de-4040-a23e-4cdff298e651,3d12d450-ab72-4396-ae4d-7b4b48ed54aa,2025-06-01T01:22:19.652612,Sapiente quos sit minus temporibus.,reasignar_conductor,en_proceso
28907a02-2652-430a-a28b-b760c8cdbfb6,1a53c022-38d0-4246-8b5b-8f030d123af8,89aa59de-c742-4c9d-b70b-9d84775118ef,2025-06-01T01:28:19.652612,Eaque debitis architecto.,cancelar,en_proceso
34b2a843-e83b-4edf-a05f-0b2e43dbceeb,2e0e8fa0-650e-4d32-a6b6-b6bd18742ef8,497349d1-0102-47bf-8a33-25c239530ea5,2025-06-01T01:14:19.652612,Eum eveniet dolores omnis officiis.,reasignar_vehiculo,en_proceso
61a6f594-70d8-4da1-8b11-0e9e31bf5d5b,c19fb1a2-be9e-41c2-982b-59d0764a05d1,a193acd6-7ce0-4d77-9fc5-259d9a80c79a,2025-06-01T01:09:19.652612,Beatae sit iure.,reasignar_vehiculo,completada
7c5703c0-1227-4970-85cc-0a3ca2f7c77b,19d1af00-f2c5-4c85-8464-3824df1a1487,4fd1d128-a869-428b-b219-bfbe0f301bee,2025-06-01T01:23:19.652612,Ducimus aperiam laborum dolor expedita nihil.,reprogramar,cancelada
2e847688-fb69-4e7c-8490-00dfc4714866,1d5e367d-162b-4fdc-a9d2-c165339c529c,a40d8039-d807-44a8-94de-e9bd1d8c7c68,2025-06-01T01:06:19.652612,Maxime quo dolor itaque.,reprogramar,en_proceso
7ce82af0-587c-4a59-b7bc-8ed304dc1e90,66479bd7-2137-4eb4-9894-53d2cb55eb3d,d2a4a449-9a1c-43ea-8f0e-89fd2177d4a5,2025-06-01T01:25:19.652612,Possimus dicta incidunt praesentium laboriosam doloribus.,reasignar_vehiculo,pendiente
32224031-0741-40bd-8e61-bb83a621b3e8,aa2d51e9-16da-49b9-bb3a-29cd3ed8b616,e492f7e6-295d-42c4-8881-7ff94a725533,2025-06-01T01:16:19.652612,Ipsam sed molestias accusantium dignissimos eos.,mover_carga,pendiente
05b55552-378c-4df6-90bd-349a0c0b644e,5286ea03-c231-4f3f-8cdd-6f8db3b411ba,5ecf6353-f300-45db-b30c-01edc66c3b26,2025-06-01T00:59:19.652612,Nesciunt labore aut excepturi dignissimos dolores.,reasignar_conductor,cancelada
bb99f23a-8f66-41be-817f-020d842b2230,84905208-439e-4161-9bf6-e6c3224d1a21,ff14f17d-2121-4498-8b36-e846534577b2,2025-06-01T01:53:19.652612,Dolores harum modi sequi similique error magni.,reasignar_conductor,cancelada
b23ec2f6-27f4-4fdf-a15a-749ad3163452,90d4c39e-676b-480c-b7f1-30e3bdfe16d4,f0a163c3-7b25-4e1f-ab72-faabc5039b26,2025-06-01T01:23:19.652612,Et ab alias perferendis.,reprogramar,cancelada
713aa43e-972c-43bd-b210-ed1acfc4dd57,019a0a7f-b4df-40fc-af8b-1af9422f3f65,ff14f17d-2121-4498-8b36-e846534577b2,2025-06-01T01:20:19.652612,A recusandae quo mollitia.,reasignar_conductor,cancelada
d9963b71-ce13-4dff-ac71-b2c820a7f6fa,c117d5bb-b126-4da1-89bc-252b29b0aa03,0baaebef-1d25-41c2-a54b-07bda16cd83c,2025-06-01T01:33:19.652612,Harum nihil facilis eaque.,reasignar_vehiculo,en_proceso
327c95a1-5a2c-473a-a418-20bdf804d405,f340d581-717d-48a8-abe2-390b15d151b1,63de5fda-90c0-4c72-b0b2-a82e92e65117,2025-06-01T01:41:19.652612,Autem est animi debitis minus.,mover_carga,en_proceso
6b93d6bf-93ed-40a5-b3fb-0b47ae98f383,d3e0c839-1425-49d5-830a-e1c5833910ea,0e9a3284-1e76-42e1-9c95-a1a6e41201eb,2025-06-01T01:09:19.652612,Illum facilis voluptates maxime ex eaque.,mover_carga,pendiente
b00d1537-ccb4-4a5d-a061-22c68cbacb2e,b39532a0-20c1-4f5e-8c06-c3045d6d4efa,f08f3d62-de3e-4719-ab6c-999c5aaaf9f5,2025-06-01T00:44:19.652612,Similique nemo sequi at eius sunt.,reprogramar,completada
36482153-2d35-4725-a879-f463df7f2c1e,c7392512-32bb-4655-a23a-18a0ed625c71,8235396e-34cc-4f97-9ad0-be60ffa29aaf,2025-06-01T01:24:19.652612,Necessitatibus quis asperiores eveniet quo.,cancelar,completada
f7ebe3bb-f49e-43c4-90fa-25bffb42cf92,453556b6-c8ed-48fa-b47e-a7d09ae13619,37a2b34b-fbf1-4eac-bf1f-bbcb36ae9493,2025-06-01T01:23:19.652612,Earum itaque pariatur consequuntur.,cancelar,completada
