id_reclamo,id_detalle_entrega,id_usuario_registro,descripcion,fecha_reclamo,estado,tipo_reclamo,severidad,observaciones
03b37ca9-6e31-47d9-bdfe-c4e396c7cc36,e491d028-d3c2-4e22-9380-4b173e3ab536,ec2ea81f-e84b-4bf2-a0d4-d5e9a6bd0b03,Reclamo generado automáticamente: Producto dañado,2025-06-15T02:00:26.118103,solucionado,daño_empaque,alta,
748175b2-800b-43d0-ad8d-14c28b26f331,18801e5f-ad3c-4898-ae8c-22ac4942d2ba,166ffb4e-3dc0-455c-b782-8abf26479433,Reclamo generado automáticamente: Falta de producto,2025-06-15T02:00:26.118103,solucionado,retraso_entrega,media,
373ee8c9-2ea1-4353-a0e1-0f5aee794078,49043779-f028-4ff6-9dd1-25d4977432a3,91f65af7-bbd9-4494-8c3d-a3b8bcdf9e19,Reclamo generado automáticamente: Otro problema,2025-06-15T02:00:26.118103,solucionado,pedido_incompleto,alta,
1dbe961a-5d7c-4f75-957c-e04b17eae9f1,727d917e-4239-49cc-8daf-2f27dc829561,786cdb53-b307-4b3e-b14e-10de302c3b70,Reclamo generado automáticamente: Producto dañado,2025-06-15T02:00:26.118103,solucionado,retraso_entrega,baja,
68edba50-82a3-40d7-ab41-74473628a5a4,0f05ac1b-e5c7-42ba-8a60-18d2223f7313,64269380-ee4f-4d64-ba8d-dfc7f6b7bf44,Reclamo generado automáticamente: Producto dañado,2025-06-15T02:00:26.118103,solucionado,pedido_incompleto,baja,
2c7247b9-bd20-4a01-91b0-26646d96541f,c3adc5dc-b87c-4daf-97c1-0b48f08386b9,824658e2-b1e0-438d-9860-afb580e69ac8,Reclamo generado automáticamente: Retraso en la entrega,2025-06-15T02:00:26.118103,solucionado,otro,alta,
b7b65cc0-3991-4a00-869b-be4f4eaeabc0,d55e8f94-816e-42fa-b4c3-351254e8e313,1f25e9e8-6495-45ae-9770-f152dba16582,Reclamo generado automáticamente: Retraso en la entrega,2025-06-15T02:00:26.118103,solucionado,otro,baja,
e16907c4-dbee-4044-bb84-0d38e491c722,50db37af-6d46-40d5-b224-b0352a41b195,f547bd89-ed38-4dc6-982a-650331b66221,Reclamo generado automáticamente: Otro problema,2025-06-15T02:00:26.118103,solucionado,otro,alta,
261b3a21-42b4-47cf-84cb-5ccfb537836d,91e85bc9-27ea-43ef-beb3-029ddd22f13c,5dc4ffbb-4321-4219-aaf9-f3719ed232cb,Reclamo generado automáticamente: Falta de producto,2025-06-15T02:00:26.118103,solucionado,daño_empaque,alta,
43d2617c-d9f8-4635-bf28-a784015892a8,935ade9a-851d-4b52-8698-5114acb67b08,82aac3de-6993-4729-8536-b25c73367ef4,Reclamo generado automáticamente: Retraso en la entrega,2025-06-15T02:00:26.118103,solucionado,daño_empaque,alta,
43459ed2-2cc7-47ad-a3d3-4b52c01fd927,9b15a41f-8fcf-4b96-9606-d39d5a1f0612,61c01d60-89cc-4372-9151-fc7820a42a08,Reclamo generado automáticamente: Retraso en la entrega,2025-06-15T02:00:26.118103,solucionado,daño_empaque,alta,
d83023df-0a23-44ea-9ddf-1ec64216b70b,bdb565c2-d3a2-41ea-8e10-f1afa9dc64ea,a059aa7d-5870-447e-85a5-a962d1ef0176,Reclamo generado automáticamente: Otro problema,2025-06-15T02:00:26.118103,solucionado,retraso_entrega,baja,
d4f25908-7e13-4f3b-8650-ba2964425360,87e216a9-a024-4906-88ca-800a81c3cb62,1fca5c1c-cbb4-4814-ad2b-df104ce54956,Reclamo generado automáticamente: Retraso en la entrega,2025-06-15T02:00:26.118103,solucionado,retraso_entrega,media,
ef2495bb-97c9-46dd-ad79-487465ee2691,2159832b-f6db-4683-9c1a-a17976c195a6,1dbac2d5-5649-4985-992e-7dce91bde3ec,Reclamo generado automáticamente: Otro problema,2025-06-15T02:00:26.118103,solucionado,pedido_incompleto,alta,
ab138c89-2d01-473d-be39-459e6563d934,bad471e6-b5d1-429f-800e-b628c9fe6cab,73509ad7-c973-4e87-a1a0-7d7cb22e1cbb,Reclamo generado automáticamente: Producto dañado,2025-06-15T02:00:26.118103,rechazado,daño_empaque,alta,
95746b23-607e-48f4-8028-26d63b5c0bb1,2f5956c0-b926-4e67-84b2-ea3e5ef9c7f9,f1b27759-9dbc-473c-a6ab-8d4c2e132b11,Reclamo generado automáticamente: Retraso en la entrega,2025-06-15T02:00:26.118103,en_proceso,otro,critica,
14df07cf-3619-4a6b-bf96-c0a4aedac9ca,d98e57aa-c203-41eb-b1d8-0d13902ab115,b11aadbd-d90f-474c-8787-6343c89975c1,Reclamo generado automáticamente: Producto dañado,2025-06-15T02:00:26.118103,solucionado,retraso_entrega,alta,
a3161bb6-c275-44f5-8657-0d1021f33a1a,e9043da7-2f0e-4643-970c-aeaf350366a2,56c6189d-9412-4e39-9ea0-ec96463d5622,Reclamo generado automáticamente: Falta de producto,2025-06-15T02:00:26.118103,solucionado,pedido_incompleto,alta,
a7273dc1-effa-420b-b4dd-1cb743db824e,011a7feb-20b0-4649-b819-6162741c5760,445efb38-13d6-41b0-98e5-33354414c576,Reclamo generado automáticamente: Producto dañado,2025-06-15T02:00:26.118103,solucionado,daño_empaque,alta,
7854a0f6-fca8-47b3-9848-2005884d6459,d5212d54-f7f3-4018-8057-8bf3cb34a3b9,9b6d1931-2d3a-45bd-8bec-40d3afd2f115,Reclamo generado automáticamente: Retraso en la entrega,2025-06-15T02:00:26.118103,solucionado,otro,critica,
cc7ce2ee-dcc3-4726-a3ce-3e363ceef804,1cb77650-eb14-49b0-a671-c06f11f52315,97334f1d-e559-45c4-ae39-a75e2f055687,Reclamo generado automáticamente: Otro problema,2025-06-15T02:00:26.118103,solucionado,retraso_entrega,baja,
77140f4b-7129-44d0-87fe-5f3e2ab41cdb,5fe51fdf-6f7d-4469-934f-253f828bc95a,d30579d5-1f8a-4e65-b826-72b797b2492a,Reclamo generado automáticamente: Otro problema,2025-06-15T02:00:26.118103,solucionado,daño_empaque,alta,
9f5c6c37-6c68-43bd-8d0b-bb3bbbcf4c68,0795f85a-742a-4dfb-9e7f-a0d574796c50,bfb25689-14f7-4d4c-9ab0-22f1b7c2ece5,Reclamo generado automáticamente: Retraso en la entrega,2025-06-15T02:00:26.118103,en_revision,otro,baja,
4343c0a6-c868-4510-8cca-83dbb4ffeb7a,df1d89a6-9415-4a5a-8dca-85019fd90bf3,113b42ff-eecb-4a56-b6c3-fd644ae5f3f5,Reclamo generado automáticamente: Falta de producto,2025-06-15T02:00:26.118103,pendiente,otro,baja,
a08ec622-3c20-47be-891c-ed66ed3a54c0,6e28a6ff-0230-4b16-bfd0-9ad34fa8cf38,a5c9a132-0d6d-4629-bc88-d7e3e8c688e7,Reclamo generado automáticamente: Producto dañado,2025-06-15T02:00:26.118103,solucionado,retraso_entrega,media,
459b1b61-8fc0-4f62-bfcc-5066dad53506,ea060322-acb3-4260-9d6f-c3ac087848c5,d30579d5-1f8a-4e65-b826-72b797b2492a,Reclamo generado automáticamente: Falta de producto,2025-06-15T02:00:26.118103,solucionado,daño_empaque,media,
8e7ab46e-7461-46c0-a316-b13d369ac7a6,7c4788ba-e64b-4604-a172-7b1ccd152c34,359326f9-b8b7-4849-a175-f93dd72d3f5b,Reclamo generado automáticamente: Falta de producto,2025-06-15T02:00:26.118103,solucionado,otro,critica,
748c2ac6-4743-4333-abc5-c25d30aa42a5,7de32ed9-bbd8-430b-b3f1-54cae9351b8d,424d6cd7-bf50-4b26-abe6-259835f10c6e,Reclamo generado automáticamente: Otro problema,2025-06-15T02:00:26.118103,solucionado,pedido_incompleto,baja,
69bcb72b-de8b-4e47-afb1-edf1e29f34be,6a9d98cf-02c9-4ba2-96f1-7f9a64e9f792,ffb79f57-ab3d-494e-88e0-0f7ee9534aa6,Reclamo generado automáticamente: Producto dañado,2025-06-15T02:00:26.118103,solucionado,pedido_incompleto,media,
584be1e2-8517-4c03-bfc3-01d0e5ae2a62,96345bee-52a0-4ffc-8b7e-26475a2e8f41,98e6f282-ee6f-4552-b926-8bedc9277e14,Reclamo generado automáticamente: Falta de producto,2025-06-15T02:00:26.118103,solucionado,daño_empaque,critica,
ead9aa20-a422-4991-bc89-65a1e5c28686,d3cb6875-db9d-4a50-adbd-715b7c4be70f,71ac6874-0963-450f-9c9f-44d865459c3e,Reclamo generado automáticamente: Otro problema,2025-06-15T02:00:26.118103,en_proceso,daño_empaque,critica,
c7a0fd30-d885-481e-a951-cdcf8b3441a5,9c33be75-b4d4-401a-a320-0bb3c152904b,d96ab3b7-7e0e-4501-b44b-31c132a34bd3,Reclamo generado automáticamente: Retraso en la entrega,2025-06-15T02:00:26.118103,solucionado,daño_empaque,alta,
180be1d7-e31f-49a9-a9dc-80e091d674b2,9c78198a-dbf2-4fe5-b562-dbec1b2ebd4a,6f81cdce-f444-48ad-bcc0-b987e28e38e8,Reclamo generado automáticamente: Producto dañado,2025-06-15T02:00:26.118103,solucionado,retraso_entrega,critica,
c38b3822-06a2-40a7-9c8d-ab8588a14d0a,955d1516-05fd-4047-a696-b21c272ac78e,8638df49-1364-41a7-ba79-e6643e912ca4,Reclamo generado automáticamente: Producto dañado,2025-06-15T02:00:26.118103,solucionado,pedido_incompleto,media,
07bc18cc-2144-4365-a76a-fbbb559a4fbf,f14417e6-ec07-4610-a43c-0eb99bc7087b,4fd1d128-a869-428b-b219-bfbe0f301bee,Reclamo generado automáticamente: Falta de producto,2025-06-15T02:00:26.118103,solucionado,daño_empaque,alta,
3c1d75a0-4ef3-4ca7-90f4-a3b1843c4b8e,0725140e-18f3-411d-a813-2f7046c8f79c,d6f70c95-2281-4d1b-86ce-29ba140bc93c,Reclamo generado automáticamente: Otro problema,2025-06-15T02:00:26.118103,en_pausa,retraso_entrega,critica,
6228588d-f0a5-4207-ba77-7721b4d2a00f,9c78198a-dbf2-4fe5-b562-dbec1b2ebd4a,2ee70078-624c-44ff-a40d-29475f5a27bb,Reclamo generado automáticamente: Falta de producto,2025-06-15T02:00:26.118103,solucionado,daño_empaque,alta,
08018ccc-a01d-4822-9ba8-859e1dab9e1b,6e28a6ff-0230-4b16-bfd0-9ad34fa8cf38,64f27c09-ab72-4f96-bf71-2327f2662475,Reclamo generado automáticamente: Otro problema,2025-06-15T02:00:26.119105,solucionado,pedido_incompleto,baja,
00196fae-7618-4c33-bea4-868650513d3d,0b024246-0ae2-4518-8662-7555784de347,64269380-ee4f-4d64-ba8d-dfc7f6b7bf44,Reclamo generado automáticamente: Retraso en la entrega,2025-06-15T02:00:26.119105,solucionado,retraso_entrega,media,
3d18a28e-211c-4484-9fec-57cc4f9f0679,97ec8bd7-fa2d-4a2d-afd4-762615502872,f3d0c779-4304-43a1-bf18-71914c3b3c89,Reclamo generado automáticamente: Retraso en la entrega,2025-06-15T02:00:26.119105,solucionado,pedido_incompleto,alta,
902a2c6c-b31f-472c-b8ae-379f71064fef,b4d9aac5-da11-4320-84dd-a5deb09a76b1,60d7a539-4cba-4024-978f-1f385bbccd4d,Reclamo generado automáticamente: Producto dañado,2025-06-15T02:00:26.119105,solucionado,otro,baja,
f0bd6619-3ae8-467e-94ee-b7e189e9e12f,a584a432-1a70-4f8d-b857-e683dea86bdf,32aae54c-4c41-4aac-a8f1-7ad450d5c182,Reclamo generado automáticamente: Retraso en la entrega,2025-06-15T02:00:26.119105,rechazado,daño_empaque,alta,
f4656e09-db96-4762-aa24-c3b0e56cb29e,b0d67470-e8f2-4467-a064-6bf4beb5be63,b11aadbd-d90f-474c-8787-6343c89975c1,Reclamo generado automáticamente: Producto dañado,2025-06-15T02:00:26.119105,solucionado,retraso_entrega,critica,
4a8cdb8a-c3c8-4bf8-80bb-d243469e522e,e73ba6a5-7cdc-4936-a5d0-03bc02fe8ca4,bfa86e4a-bf2c-4657-a5a3-edb33107bccb,Reclamo generado automáticamente: Producto dañado,2025-06-15T02:00:26.119105,solucionado,daño_empaque,alta,
658c1075-026d-407f-b6e1-cec4afc90655,7e5e83c2-4a7b-44f2-bde2-ab9bc91caeff,424d6cd7-bf50-4b26-abe6-259835f10c6e,Reclamo generado automáticamente: Falta de producto,2025-06-15T02:00:26.119105,solucionado,retraso_entrega,baja,
66192eee-9495-410a-ad8f-39a5fa46c436,8783ed12-9acf-4b87-a8a5-e3693beca00f,ac356e7f-d481-4806-8bb5-c4eb89cf58f7,Reclamo generado automáticamente: Falta de producto,2025-06-15T02:00:26.119105,solucionado,otro,alta,
ebb259c6-c1cf-4af1-b0eb-f4383021cd43,813d891c-25ff-478c-90cf-92d122248c36,60d7a539-4cba-4024-978f-1f385bbccd4d,Reclamo generado automáticamente: Producto dañado,2025-06-15T02:00:26.119105,solucionado,retraso_entrega,critica,
e73e2aa8-70b2-474a-a516-fb966a026571,6ed28429-119a-4c07-bb8c-c8ed6658f198,f69b60e3-74d4-4f0b-be06-9ff54d84a66d,Reclamo generado automáticamente: Retraso en la entrega,2025-06-15T02:00:26.119105,solucionado,retraso_entrega,alta,
cfa9fb18-55d1-43f0-9dd3-cb5c8de21b0b,668455b9-275b-4d4f-8ee1-3a235ed322c5,6a74a7e0-9486-495f-a5bb-1cc7de4e769e,Reclamo generado automáticamente: Otro problema,2025-06-15T02:00:26.119105,solucionado,daño_empaque,alta,
5af9977c-cfe8-4d36-a067-b87c36ee6b6d,19ae47fc-98cb-4466-af87-0f08790e2c68,fd29009a-1ab9-48e6-953b-188f32ca2f12,Reclamo generado automáticamente: Retraso en la entrega,2025-06-15T02:00:26.119105,en_proceso,pedido_incompleto,media,
defb21d3-ff1f-459d-9b2e-72c8dc5c20ad,257f3f19-a36b-4ff8-8abe-f653f92f7bfc,ff14f17d-2121-4498-8b36-e846534577b2,Reclamo generado automáticamente: Retraso en la entrega,2025-06-15T02:00:26.119105,en_proceso,otro,critica,
f1884819-d50e-4acf-b474-3de71cb2f6c6,450c51b0-29a2-4cc4-af11-780a5e098dd7,059ce99a-5b31-4e3c-9eee-2b56b7507bb4,Reclamo generado automáticamente: Producto dañado,2025-06-15T02:00:26.119105,solucionado,daño_empaque,critica,
bb4c27bb-8904-40ac-9744-947ff8dc5555,987ef468-a086-4e73-b42a-da89ba073d7c,1716753f-d415-4fd2-9897-c1db99f7ee6b,Reclamo generado automáticamente: Producto dañado,2025-06-15T02:00:26.119105,solucionado,retraso_entrega,critica,
aded99ca-3f0c-4c0d-8385-89267b714c3e,2871a1e2-414b-4dec-9258-dca4bbd9eac6,f547bd89-ed38-4dc6-982a-650331b66221,Reclamo generado automáticamente: Producto dañado,2025-06-15T02:00:26.119105,solucionado,retraso_entrega,alta,
4dabd264-f7de-4deb-97d9-d6d2729c398c,a061fefd-e099-4e76-936f-4d1096f73806,113b42ff-eecb-4a56-b6c3-fd644ae5f3f5,Reclamo generado automáticamente: Otro problema,2025-06-15T02:00:26.119105,solucionado,pedido_incompleto,critica,
b09fc9a3-9afa-4356-87ab-951a8a690d77,6631c058-b7e6-47b5-b185-2e6916b534a0,1d5c27b1-9adb-45ad-b89b-742e10afc1ab,Reclamo generado automáticamente: Otro problema,2025-06-15T02:00:26.119105,solucionado,retraso_entrega,critica,
1e4aba78-23c6-460d-9a8b-dcbb16853498,aef2ab32-4555-4c18-9810-3d8c92c4fc2d,f0e3c66b-8fd0-4f71-a396-241df9502712,Reclamo generado automáticamente: Producto dañado,2025-06-15T02:00:26.119105,solucionado,daño_empaque,baja,
8f913999-8ac9-412d-a392-bff34fbdbc92,0a0cad06-d233-4a54-905f-c166ec07be31,32aae54c-4c41-4aac-a8f1-7ad450d5c182,Reclamo generado automáticamente: Retraso en la entrega,2025-06-15T02:00:26.119105,solucionado,daño_empaque,media,
03147483-ec8a-452c-bec9-6b618149637b,20cdff2d-914e-4319-90ab-0c3935389035,1753ae81-2aef-4944-aa85-27ba436b3c6e,Reclamo generado automáticamente: Falta de producto,2025-06-15T02:00:26.119105,solucionado,daño_empaque,baja,
81295354-b233-4392-872f-d1bfda1f236a,741814b5-cea4-4f1f-99bc-8700c00d04af,ab245e77-dbb0-4c8a-887b-34d188a6d2c0,Reclamo generado automáticamente: Producto dañado,2025-06-15T02:00:26.119105,solucionado,pedido_incompleto,baja,
d248a54a-6f85-4ef3-8b59-7a3672c5480b,720acb32-a6fe-4d4b-ba02-6782fcba4c06,6c729ce4-2484-4722-b114-cd862cb6e2f2,Reclamo generado automáticamente: Retraso en la entrega,2025-06-15T02:00:26.119105,solucionado,pedido_incompleto,media,
db2f9a33-5098-41b0-8e4a-fe7f03447b76,d498d365-eb0a-4657-96d7-708c1acb4ff4,4191b578-4181-4904-8aa2-91b7c9391ea8,Reclamo generado automáticamente: Otro problema,2025-06-15T02:00:26.119105,solucionado,daño_empaque,media,
aae44f57-9236-4216-a39b-325a18a325c9,0ed60781-1b5a-42c8-8391-7cd529ad4eb1,677eceaa-cd6d-4ed4-9d6a-49f78f08d55e,Reclamo generado automáticamente: Retraso en la entrega,2025-06-15T02:00:26.119105,solucionado,pedido_incompleto,media,
32352be9-8bfc-414b-8e59-67ff90609fe9,b3e43b7b-c290-4efc-b8d3-a6d2fbd9693e,90c0cf86-bb80-420c-a271-5e34d6fdbb7e,Reclamo generado automáticamente: Otro problema,2025-06-15T02:00:26.119105,solucionado,daño_empaque,baja,
33363923-13e7-4853-a86a-6710da044083,57c37a8a-fd37-426c-9d5a-71cceede8536,d96ab3b7-7e0e-4501-b44b-31c132a34bd3,Reclamo generado automáticamente: Producto dañado,2025-06-15T02:00:26.119105,solucionado,pedido_incompleto,media,
e95fc77e-6bdf-4d71-b449-fa3d6be7d068,2f5956c0-b926-4e67-84b2-ea3e5ef9c7f9,2eee8c70-7ac2-4109-856f-9e5698f13794,Reclamo generado automáticamente: Otro problema,2025-06-15T02:00:26.119105,solucionado,retraso_entrega,baja,
a4beaef7-6716-4ceb-a854-925a8b0b7a4f,8d9681b4-6107-412a-b02c-5f53eb7f0f8b,13f36ba8-2e3e-4280-8fd5-62aaea9a6e2b,Reclamo generado automáticamente: Retraso en la entrega,2025-06-15T02:00:26.119105,solucionado,otro,alta,
bdf88f07-25bd-4c1b-a16a-cedc5b28fce9,a66d510a-db66-4836-8681-a525e4676dad,b21fab0a-3d01-4f25-a62f-1dad05b5ec39,Reclamo generado automáticamente: Otro problema,2025-06-15T02:00:26.119105,en_revision,otro,critica,
6ba9abe3-17c0-4c90-98de-31faf628e29c,0b024246-0ae2-4518-8662-7555784de347,90c0cf86-bb80-420c-a271-5e34d6fdbb7e,Reclamo generado automáticamente: Otro problema,2025-06-15T02:00:26.119105,solucionado,pedido_incompleto,media,
54ce7281-3b9d-4676-acae-a8831cbb645c,dc2b7e5b-97ef-4fb9-af8f-35a6521a801e,63de5fda-90c0-4c72-b0b2-a82e92e65117,Reclamo generado automáticamente: Falta de producto,2025-06-15T02:00:26.119105,en_proceso,otro,media,
23d81211-aae7-4dcb-ba4c-ab5cda069144,7c4788ba-e64b-4604-a172-7b1ccd152c34,bfa86e4a-bf2c-4657-a5a3-edb33107bccb,Reclamo generado automáticamente: Otro problema,2025-06-15T02:00:26.119105,solucionado,daño_empaque,critica,
e9be429f-c827-481c-b5e3-963ddfdeb7a5,aef2ab32-4555-4c18-9810-3d8c92c4fc2d,4a3bdf88-e320-49f7-af29-07e528ac40fe,Reclamo generado automáticamente: Falta de producto,2025-06-15T02:00:26.119105,en_proceso,otro,alta,
59a7091a-e2b0-4b54-a2e7-31fa6f20b0ab,18801e5f-ad3c-4898-ae8c-22ac4942d2ba,a4042a3a-6ef2-4bf2-b599-a4fd4e8ce317,Reclamo generado automáticamente: Producto dañado,2025-06-15T02:00:26.119105,solucionado,otro,alta,
b3e7a0c8-dcbb-4f1f-925c-aa7b4bb65176,782ae837-b9d4-4fff-9e97-10066ac9020f,8c2e21f3-658c-4d23-9285-728d9d383e78,Reclamo generado automáticamente: Otro problema,2025-06-15T02:00:26.119105,solucionado,retraso_entrega,baja,
bb48da0d-a605-4659-9a51-50423f81fac4,93bd05ab-7eb0-4901-b5e6-15160822a9b1,7e856126-fd5d-494a-9282-fc8fb2d90b14,Reclamo generado automáticamente: Producto dañado,2025-06-15T02:00:26.119105,solucionado,otro,baja,
ad295e84-d368-4787-b02c-c98a9e0aee34,bec761fa-c62c-43c4-999f-d60ca2c9d114,3983c8a7-6165-413f-b567-7063f508c17c,Reclamo generado automáticamente: Retraso en la entrega,2025-06-15T02:00:26.119105,solucionado,retraso_entrega,alta,
f37108f8-40db-4723-8e84-e05c28997b32,10e6fd77-516c-4ec6-a953-096fb7219e1a,9284e405-8ea7-43c1-bcef-fd0e9de64b0e,Reclamo generado automáticamente: Retraso en la entrega,2025-06-15T02:00:26.119105,solucionado,pedido_incompleto,media,
0cb98f43-d80a-4fc7-81ae-1f21c383c7af,608bb886-18a9-4885-bdd9-e8b4ebb14e35,df15a814-78a1-43bf-b533-361d16931f58,Reclamo generado automáticamente: Producto dañado,2025-06-15T02:00:26.119105,solucionado,pedido_incompleto,alta,
376ab528-5f4a-4cc5-8c45-c06d8d17dcd9,ec3b1b0b-1c22-4dfe-828d-e746a533da00,3983c8a7-6165-413f-b567-7063f508c17c,Reclamo generado automáticamente: Falta de producto,2025-06-15T02:00:26.119105,solucionado,pedido_incompleto,media,
deabd01c-87b0-4228-b7ff-57ae01f2b4ed,2b674ca3-224c-42ca-9c4a-08a6cb318d83,d6fa77ed-3582-4e3a-83ef-85ba30dc7010,Reclamo generado automáticamente: Falta de producto,2025-06-15T02:00:26.119105,solucionado,daño_empaque,baja,
74762114-23f4-490a-a911-d4eee625d341,8a59ceac-ae1f-4a19-8015-c51f1b674562,d6c39a50-474c-4461-9ad0-ccf7b5956aa7,Reclamo generado automáticamente: Otro problema,2025-06-15T02:00:26.119105,solucionado,pedido_incompleto,baja,
aaf125f4-d004-431a-b4b4-9d164f7cace6,1cb77650-eb14-49b0-a671-c06f11f52315,5791569d-38d9-4030-ad40-aa8b9fbd15cc,Reclamo generado automáticamente: Retraso en la entrega,2025-06-15T02:00:26.119105,solucionado,daño_empaque,baja,
bfa4cac1-aa97-492d-8be5-7a42d66864f1,bec761fa-c62c-43c4-999f-d60ca2c9d114,9e2081ca-8843-4d8a-a0b0-bc2425736069,Reclamo generado automáticamente: Retraso en la entrega,2025-06-15T02:00:26.119105,solucionado,daño_empaque,critica,
a9b971cc-7cfc-4ed1-a4d4-f98b5af0ca65,10e6fd77-516c-4ec6-a953-096fb7219e1a,359326f9-b8b7-4849-a175-f93dd72d3f5b,Reclamo generado automáticamente: Producto dañado,2025-06-15T02:00:26.119105,solucionado,pedido_incompleto,alta,
e105798c-16ba-4e8f-975a-fe1cfe19c931,05a66670-81d8-4720-9f04-78ff17d6b5a8,cae72d84-2447-41d9-bd0f-c209c3d5c2be,Reclamo generado automáticamente: Retraso en la entrega,2025-06-15T02:00:26.119105,solucionado,daño_empaque,media,
55116cf3-ac8e-44ae-8f08-fa45f65795d7,a2a0b88a-1ab8-48d0-89a8-2f1291921a58,8d347fcd-6150-420f-b677-55fca7d6c3be,Reclamo generado automáticamente: Falta de producto,2025-06-15T02:00:26.119105,en_proceso,pedido_incompleto,critica,
ec8bccd3-2c6b-4c42-b53e-67446a2a4227,dea641bd-d6b7-48c6-b644-445ba210c1b0,0190be6c-bcc5-4c09-b46d-e3fc91706dfe,Reclamo generado automáticamente: Falta de producto,2025-06-15T02:00:26.119105,solucionado,retraso_entrega,critica,
28c0dcf9-cd51-4947-89d9-6cbeaa5b33b1,096209a8-fb0b-4420-bfcc-c305cde8bae9,6a4183e8-2150-45aa-b844-cfd8cb2ba6c4,Reclamo generado automáticamente: Retraso en la entrega,2025-06-15T02:00:26.119105,solucionado,retraso_entrega,critica,
a828ec11-7bed-42a4-91ab-b39d86ac04f1,302bdc7c-60e2-4050-bc6a-88c06af52c32,b75dc761-d43d-411a-8c59-eb6861403b40,Reclamo generado automáticamente: Producto dañado,2025-06-15T02:00:26.119105,solucionado,pedido_incompleto,critica,
ed563cfd-52d1-447a-87fe-b5e8345380f5,cea57245-d610-40ad-8c9c-c6e066f34e36,1753ae81-2aef-4944-aa85-27ba436b3c6e,Reclamo generado automáticamente: Falta de producto,2025-06-15T02:00:26.119105,solucionado,otro,critica,
1bf9c036-9077-46e0-abc0-3c4c8bf327cb,44248c41-31fc-4a4c-b316-395015f5ae77,69bc38d4-e4aa-4330-ad1b-8d7ac9adf282,Reclamo generado automáticamente: Otro problema,2025-06-15T02:00:26.119105,solucionado,retraso_entrega,alta,
369a1f38-fa83-4160-a211-61a7ca4604a9,61bdca36-dd2a-432c-96ca-a923fc964f95,d6c39a50-474c-4461-9ad0-ccf7b5956aa7,Reclamo generado automáticamente: Producto dañado,2025-06-15T02:00:26.119105,solucionado,retraso_entrega,alta,
4385e9f0-2068-4915-8de4-b704f9068276,d98e57aa-c203-41eb-b1d8-0d13902ab115,8c2e21f3-658c-4d23-9285-728d9d383e78,Reclamo generado automáticamente: Retraso en la entrega,2025-06-15T02:00:26.119105,en_revision,pedido_incompleto,alta,
33669958-812a-4252-9f7d-f03989b73e93,67493bec-365f-4114-8bed-3f59129bb16e,513a64a6-c725-49c2-94c3-938f5ad32c00,Reclamo generado automáticamente: Producto dañado,2025-06-15T02:00:26.119105,en_revision,retraso_entrega,media,
41a55d60-100e-431e-88c7-c3b5efc94458,82702a24-9ff1-4f8c-ad76-cc5c96b23baf,bee4e019-ecc8-4cab-9eb1-cd4568291c53,Reclamo generado automáticamente: Otro problema,2025-06-15T02:00:26.119105,solucionado,retraso_entrega,critica,
4e53f528-28a8-414b-9955-9dbb7d7b5164,6f98d25f-b441-4a44-972b-85ce6a1c36ca,211ba499-d814-468e-aa1b-c19386da803c,Reclamo generado automáticamente: Retraso en la entrega,2025-06-15T02:00:26.119105,solucionado,pedido_incompleto,critica,
c4dee005-d71d-45f2-8e74-e8e5b791da90,d81aa425-1491-409c-b9dd-a095baf073d3,43dae8a1-57fd-468a-8dfd-f570b5b1f9c4,Reclamo generado automáticamente: Otro problema,2025-06-15T02:00:26.119105,solucionado,daño_empaque,media,
44a72011-8da6-4cb7-ad0e-61efd148b89e,d9bab2ca-933d-47b6-86c7-342ff794e666,f3d0c779-4304-43a1-bf18-71914c3b3c89,Reclamo generado automáticamente: Falta de producto,2025-06-15T02:00:26.119105,en_pausa,otro,baja,
308e3219-d6ba-44b3-afdb-921336cb51fc,109257bf-a447-4db5-ba0e-4c3fd9bceedb,1c3f563c-6146-4feb-bd76-4d93225a2ce7,Reclamo generado automáticamente: Producto dañado,2025-06-15T02:00:26.120104,solucionado,retraso_entrega,media,
91fc6ce5-1b28-447c-83df-1120e40b1af8,551fd216-abf3-42d8-a66d-c97be1dbde53,77c9947a-f83f-4b23-acd5-8f184092e720,Reclamo generado automáticamente: Retraso en la entrega,2025-06-15T02:00:26.120104,solucionado,retraso_entrega,media,
8cef48cf-0fa7-4a34-a7fc-6966a5feab30,634f429d-9abf-48eb-8271-308ee6eaafc7,64269380-ee4f-4d64-ba8d-dfc7f6b7bf44,Reclamo generado automáticamente: Retraso en la entrega,2025-06-15T02:00:26.120104,solucionado,pedido_incompleto,alta,
4e723fe5-e748-401a-ad9f-c44b3bf30b6a,208d25c9-d1cf-4e87-9265-5e38392a54e6,4425e250-3f5f-40c0-a45d-ef7b396b0ba2,Reclamo generado automáticamente: Retraso en la entrega,2025-06-15T02:00:26.120104,solucionado,daño_empaque,alta,
637eed96-f9ba-4af1-bad3-62678dfa4c61,bad471e6-b5d1-429f-800e-b628c9fe6cab,b759050f-accc-49b1-95f9-be7a930aae8b,Reclamo generado automáticamente: Otro problema,2025-06-15T02:00:26.120104,solucionado,retraso_entrega,media,
121734b2-45d6-4dde-a948-9e742a0e321b,dc2b7e5b-97ef-4fb9-af8f-35a6521a801e,8f98c08f-06be-4d6c-9c4c-8bf0192d9985,Reclamo generado automáticamente: Retraso en la entrega,2025-06-15T02:00:26.120104,solucionado,pedido_incompleto,critica,
a2ab6163-f67a-4bd9-b39a-fe9c1d5bc3b0,fd3bfa59-9ef2-48df-9a2e-e4cd0a45494c,559ef05e-2601-4858-812b-370aae7b6714,Reclamo generado automáticamente: Producto dañado,2025-06-15T02:00:26.120104,solucionado,daño_empaque,baja,
1c152805-c2d7-4a6e-9941-098ba3661d95,096209a8-fb0b-4420-bfcc-c305cde8bae9,2855ed30-46d5-4879-8e19-8bdde8e4955e,Reclamo generado automáticamente: Retraso en la entrega,2025-06-15T02:00:26.120104,solucionado,retraso_entrega,media,
fd8a047b-3817-4320-bf8c-a40643f20932,fc86b6c0-85be-43e7-bebe-55a960288052,b75dc761-d43d-411a-8c59-eb6861403b40,Reclamo generado automáticamente: Falta de producto,2025-06-15T02:00:26.120104,solucionado,otro,baja,
8aba1b86-8f55-43f2-8382-774713d3fa8b,b9542b3b-29d8-4af4-9b7f-b24bdd3dbc34,bfa86e4a-bf2c-4657-a5a3-edb33107bccb,Reclamo generado automáticamente: Retraso en la entrega,2025-06-15T02:00:26.120104,solucionado,daño_empaque,baja,
6ce7ff68-7e4a-4069-99de-7cbb92b59fd4,a78aa237-025b-4fb3-9086-b0ed3565daa1,fe785419-0c78-4bc1-a7aa-2cc6eaaf567c,Reclamo generado automáticamente: Otro problema,2025-06-15T02:00:26.120104,solucionado,pedido_incompleto,baja,
71416302-8733-4a8a-9de2-03af28612e9d,6e51c34f-fdf2-4459-b3de-6c2b783ccbcd,a9e9110c-3214-4c9e-ba21-e5ffa54d3bab,Reclamo generado automáticamente: Falta de producto,2025-06-15T02:00:26.120104,en_revision,daño_empaque,critica,
8230bfe4-3493-4cd5-9d75-2c94696111d5,b0d67470-e8f2-4467-a064-6bf4beb5be63,13f36ba8-2e3e-4280-8fd5-62aaea9a6e2b,Reclamo generado automáticamente: Retraso en la entrega,2025-06-15T02:00:26.120104,solucionado,retraso_entrega,media,
468429f9-cbb1-4194-855b-8abf02524e8b,6e5a9a3a-2b6c-4268-a9b6-d4f45a388574,78fc512d-a1ea-4d3f-b107-4e302ac4187d,Reclamo generado automáticamente: Producto dañado,2025-06-15T02:00:26.120104,solucionado,retraso_entrega,alta,
5c1ce54f-bcdc-4489-bbcc-cdf404c330e9,109257bf-a447-4db5-ba0e-4c3fd9bceedb,8d538381-f8e7-4966-9a7d-75a053b64e03,Reclamo generado automáticamente: Producto dañado,2025-06-15T02:00:26.120104,solucionado,pedido_incompleto,alta,
d07cd455-dfba-440a-9492-66d5f9f46a9b,2704f6c3-3f9f-4ccf-96ef-5fc1fca3c9d5,d6fa77ed-3582-4e3a-83ef-85ba30dc7010,Reclamo generado automáticamente: Producto dañado,2025-06-15T02:00:26.120104,solucionado,pedido_incompleto,baja,
1902d5b6-392f-4de0-8177-4981769cdf50,6e5a9a3a-2b6c-4268-a9b6-d4f45a388574,bfa86e4a-bf2c-4657-a5a3-edb33107bccb,Reclamo generado automáticamente: Otro problema,2025-06-15T02:00:26.120104,solucionado,daño_empaque,critica,
9f212900-89b9-4fed-8f26-268a44ce74f5,ebbfa94b-0d4d-4849-ab26-a298096fb6f6,f79de586-5620-45a2-beca-fe72ab2406fa,Reclamo generado automáticamente: Falta de producto,2025-06-15T02:00:26.120104,solucionado,retraso_entrega,critica,
1e5e1fe1-8bac-4042-a52d-462e65c28390,0d9c6c0b-7a37-47f4-9d45-ed5d73d3bcdf,c1ce271d-30ce-4197-beb0-e38ac09d0579,Reclamo generado automáticamente: Falta de producto,2025-06-15T02:00:26.120104,solucionado,daño_empaque,critica,
94f67d6e-9470-4886-97de-497b8935c4be,5b1d19ac-a8d2-432a-bf02-5dfc953f23b0,d26b78ad-d655-4788-8a57-6f55398dab7e,Reclamo generado automáticamente: Otro problema,2025-06-15T02:00:26.120104,solucionado,retraso_entrega,critica,
63d7b331-d09e-498f-9653-5359350439cb,bb1768a2-26a3-405d-891c-0c0685bf7eae,a2bf5123-c769-4f09-b2a6-dea036a87357,Reclamo generado automáticamente: Retraso en la entrega,2025-06-15T02:00:26.120104,solucionado,pedido_incompleto,media,
83441fdb-6130-4af0-80a2-8b119a7b936d,02bbf218-aa40-4e22-a03f-404c7d74f6b0,76f357e4-dd08-44d5-83c5-5cb881882de7,Reclamo generado automáticamente: Otro problema,2025-06-15T02:00:26.120104,solucionado,otro,alta,
657287a1-9ca0-45e9-9f5d-70fbd2a150d9,6f98d25f-b441-4a44-972b-85ce6a1c36ca,21d98432-0ba5-4855-b7e0-199d67c49934,Reclamo generado automáticamente: Falta de producto,2025-06-15T02:00:26.120104,rechazado,retraso_entrega,alta,
2646ebb8-8643-462f-b683-33254fc14069,1db76be5-c37a-45b4-a20f-16d4255f8dae,837fef48-f3af-41fc-af54-4677427a66b8,Reclamo generado automáticamente: Producto dañado,2025-06-15T02:00:26.120104,pendiente,daño_empaque,critica,
b75b2b15-dd89-4d42-8e23-c1d64f43cc1f,39627efc-4703-495e-b2de-34b17f7d3bd0,e1c534c2-7c5c-4879-97f9-2a2227f761c8,Reclamo generado automáticamente: Producto dañado,2025-06-15T02:00:26.120104,solucionado,retraso_entrega,baja,
172e9642-5943-40fe-8e09-7dce9683cb1e,d4cd7045-8540-42af-bde1-f34b30516b20,0e8a54be-99b9-4456-86ad-194c07c1fd12,Reclamo generado automáticamente: Producto dañado,2025-06-15T02:00:26.120104,solucionado,daño_empaque,media,
101ad415-7fff-438e-ae5d-0ccd1dec1182,595966b5-269e-4585-85f6-dca32b714fc7,4dcbc702-28ad-4e13-8757-f39a37af0157,Reclamo generado automáticamente: Retraso en la entrega,2025-06-15T02:00:26.120104,solucionado,pedido_incompleto,media,
eddf87dd-4517-4122-8554-753b2e964dae,935ade9a-851d-4b52-8698-5114acb67b08,b21fab0a-3d01-4f25-a62f-1dad05b5ec39,Reclamo generado automáticamente: Producto dañado,2025-06-15T02:00:26.120104,solucionado,retraso_entrega,media,
eeec5953-d936-4cfa-afda-d10a446d87f0,54504710-9c1c-4212-8780-e861c1a9e594,6fed4398-e805-4dfc-8af8-350ba1187ce7,Reclamo generado automáticamente: Falta de producto,2025-06-15T02:00:26.120104,en_pausa,retraso_entrega,critica,
2690c48d-a892-496e-858f-b0ad9a0c9c7d,76df278e-2e8c-4ba8-b4fb-42c400c748da,ac356e7f-d481-4806-8bb5-c4eb89cf58f7,Reclamo generado automáticamente: Retraso en la entrega,2025-06-15T02:00:26.120104,solucionado,retraso_entrega,baja,
5a14163e-27b8-46eb-a0eb-4e4112aa98bd,823804f8-5c47-4c08-aa5c-85a10664527c,43ef1852-5036-4af8-952c-ebe9f5455cc6,Reclamo generado automáticamente: Retraso en la entrega,2025-06-15T02:00:26.120104,en_pausa,retraso_entrega,alta,
1ae485b4-dafe-4383-8255-723402f13203,01fa7a87-2eac-43f1-a6d3-7321ca3974c3,1dbac2d5-5649-4985-992e-7dce91bde3ec,Reclamo generado automáticamente: Producto dañado,2025-06-15T02:00:26.120104,solucionado,pedido_incompleto,baja,
0c3a47d2-d25c-46af-a52d-9e54573ab326,007e7425-ba26-4e27-a5f8-bd8b2ccc3db3,9008db7e-b3f1-4a5b-bcfe-817040584a07,Reclamo generado automáticamente: Retraso en la entrega,2025-06-15T02:00:26.120104,solucionado,daño_empaque,baja,
aebf8184-a0c1-4da1-834b-f3d09adb98b2,dea641bd-d6b7-48c6-b644-445ba210c1b0,87dfc384-a801-4d15-b339-6fc3c4215975,Reclamo generado automáticamente: Otro problema,2025-06-15T02:00:26.120104,solucionado,pedido_incompleto,alta,
b1153fe3-dcae-4248-a681-61e1e76f000c,2616864a-15b3-48c4-be4b-342e9ed189de,97334f1d-e559-45c4-ae39-a75e2f055687,Reclamo generado automáticamente: Falta de producto,2025-06-15T02:00:26.120104,solucionado,pedido_incompleto,alta,
40d0617e-2446-4cc9-8ac1-45212030706b,007e7425-ba26-4e27-a5f8-bd8b2ccc3db3,7ec7da82-9ebb-4be2-89f9-6c972e442265,Reclamo generado automáticamente: Retraso en la entrega,2025-06-15T02:00:26.120104,en_revision,pedido_incompleto,alta,
8182ebe4-c130-46ce-9533-fc7c1d53434b,49f99403-cc2f-4d80-bc54-19acc1d289cc,2855ed30-46d5-4879-8e19-8bdde8e4955e,Reclamo generado automáticamente: Producto dañado,2025-06-15T02:00:26.120104,solucionado,otro,media,
a502eb40-d50e-42da-8ea6-ea828a9584e7,bc6ade8c-8be6-4a39-80db-793ec6895834,059ce99a-5b31-4e3c-9eee-2b56b7507bb4,Reclamo generado automáticamente: Retraso en la entrega,2025-06-15T02:00:26.120104,solucionado,daño_empaque,critica,
ec17d3d7-bcd8-47e8-baa3-cdd2a2d6068a,b4d9aac5-da11-4320-84dd-a5deb09a76b1,e21dded0-b457-4525-acb7-11842f4bedfe,Reclamo generado automáticamente: Falta de producto,2025-06-15T02:00:26.120104,en_revision,otro,media,
2ea7ecfb-bea2-41ec-9672-66d7b2b87854,bd96d5f9-9ea9-42d8-8790-717cf3eb7d3b,775fdc56-325a-464a-9c7c-3deb15cd1886,Reclamo generado automáticamente: Producto dañado,2025-06-15T02:00:26.120104,solucionado,retraso_entrega,critica,
ba6acf4f-a298-4eb6-8b54-8bf3c7d6dfb4,b54c7291-dc69-489f-b34f-05f56dd3d253,70e33cf5-b109-4662-9262-4cbd45a4d0cd,Reclamo generado automáticamente: Otro problema,2025-06-15T02:00:26.120104,solucionado,pedido_incompleto,critica,
b312c65c-288d-479a-9a4e-0f30db8c61c7,0ed60781-1b5a-42c8-8391-7cd529ad4eb1,958a96fd-df1c-4b2f-af15-eee3f985ede5,Reclamo generado automáticamente: Retraso en la entrega,2025-06-15T02:00:26.120104,solucionado,otro,critica,
c77ffae7-1841-42a1-ab23-d47e0a4ee295,edf0d5de-0bac-426c-928a-41e7baebcfba,a40d8039-d807-44a8-94de-e9bd1d8c7c68,Reclamo generado automáticamente: Falta de producto,2025-06-15T02:00:26.120104,en_pausa,daño_empaque,alta,
6329ee63-88ef-4c2e-9962-dedad99b7d29,593936c4-05c0-435d-afde-988bb65695b6,fee14ca3-08c8-4281-a84a-fa878689a885,Reclamo generado automáticamente: Producto dañado,2025-06-15T02:00:26.120104,solucionado,daño_empaque,media,
0ce97b43-7bfc-466c-8e22-dc8a2ba9ee1a,11ec17fb-ae32-407f-9836-18d0c63d4a54,52b51481-9e6a-4e7c-8101-03670ad7863d,Reclamo generado automáticamente: Retraso en la entrega,2025-06-15T02:00:26.120104,solucionado,daño_empaque,critica,
0e64f070-49af-47bc-9838-1b91c7014a08,ae14db53-c5d6-4ca6-bf3f-d8eda0c961be,6f81cdce-f444-48ad-bcc0-b987e28e38e8,Reclamo generado automáticamente: Otro problema,2025-06-15T02:00:26.120104,solucionado,otro,baja,
8a16697a-eea9-4e45-a1c4-b982a8717cd8,823804f8-5c47-4c08-aa5c-85a10664527c,7605f5d8-384a-4140-a7c2-b5264f3ac3c3,Reclamo generado automáticamente: Otro problema,2025-06-15T02:00:26.120104,solucionado,pedido_incompleto,alta,
62320d48-600f-4f73-a444-82339025104b,1b8d0331-4f23-4b09-aef9-bfe8654152f3,bcf3e07b-2e21-41be-9af7-d2e5f486165f,Reclamo generado automáticamente: Producto dañado,2025-06-15T02:00:26.120104,solucionado,daño_empaque,media,
325a1149-3470-47d9-baea-491e04de8cc2,378358c3-c606-4106-a646-5866409d32d5,497349d1-0102-47bf-8a33-25c239530ea5,Reclamo generado automáticamente: Retraso en la entrega,2025-06-15T02:00:26.120104,solucionado,pedido_incompleto,alta,
e5cd2910-7bb0-4215-9d99-01173cc7cff5,3f94b90d-5111-4d07-b98e-dbf46bb3e9bd,af269a52-7199-4e6e-9c24-3069044f6806,Reclamo generado automáticamente: Otro problema,2025-06-15T02:00:26.120104,solucionado,pedido_incompleto,critica,
9dbb5d80-a511-4934-b024-38218bec6315,02bbf218-aa40-4e22-a03f-404c7d74f6b0,340d4655-9af1-4438-8474-0d70afac807e,Reclamo generado automáticamente: Falta de producto,2025-06-15T02:00:26.120104,solucionado,daño_empaque,critica,
92d02ec4-5e36-4a1a-8f31-a52d7a28ae21,0992e00c-4139-4c72-905e-b3a684ec72b4,26358019-2575-4fa2-9887-6fb4f7774e47,Reclamo generado automáticamente: Producto dañado,2025-06-15T02:00:26.120104,solucionado,pedido_incompleto,baja,
eb3fdef9-9320-4e4c-873a-103a92644e53,9f46585d-3cf9-415d-ae3f-b3ff6aaebebd,dd2908f0-43ca-459f-9bd2-8c6791b97d77,Reclamo generado automáticamente: Falta de producto,2025-06-15T02:00:26.120104,solucionado,daño_empaque,media,
260a40ec-7a8f-4179-b23a-b6ee4e96f034,60690403-a77e-424f-abe0-472a4c1528b2,a4042a3a-6ef2-4bf2-b599-a4fd4e8ce317,Reclamo generado automáticamente: Retraso en la entrega,2025-06-15T02:00:26.120104,solucionado,otro,media,
3026238a-84b1-4a6b-827a-2aec851b6b79,3f94b90d-5111-4d07-b98e-dbf46bb3e9bd,30cb274b-af31-4613-bc4d-f42d1979f794,Reclamo generado automáticamente: Producto dañado,2025-06-15T02:00:26.120104,solucionado,pedido_incompleto,baja,
2e250588-b7a6-4c8d-8dd7-6dcd9793a6b1,3ab6786a-aedf-4596-8d0f-4df2991ecdab,786cdb53-b307-4b3e-b14e-10de302c3b70,Reclamo generado automáticamente: Falta de producto,2025-06-15T02:00:26.120104,solucionado,pedido_incompleto,alta,
92ca7ca2-caac-411b-a09a-6a569671c6ed,011a7feb-20b0-4649-b819-6162741c5760,f725ef4a-1361-421f-b5c8-351e088499e7,Reclamo generado automáticamente: Falta de producto,2025-06-15T02:00:26.120104,solucionado,retraso_entrega,critica,
9f625ec9-216f-4490-af38-2b7c62275303,67645d2f-6b3c-44b1-9436-8db141e617cc,d3d4215d-2549-4a60-90ae-5673fe6147a2,Reclamo generado automáticamente: Falta de producto,2025-06-15T02:00:26.120104,solucionado,pedido_incompleto,alta,
b80010aa-375e-4241-94c0-dd8043dd1e93,d50c0b3a-d266-42fe-b00a-caff321e35d9,707ef963-2712-48d7-91f3-ad65061f8fc9,Reclamo generado automáticamente: Retraso en la entrega,2025-06-15T02:00:26.120104,solucionado,daño_empaque,media,
e1e3ee6d-a559-42da-b8eb-f729765586cc,df1d89a6-9415-4a5a-8dca-85019fd90bf3,837fef48-f3af-41fc-af54-4677427a66b8,Reclamo generado automáticamente: Retraso en la entrega,2025-06-15T02:00:26.120104,solucionado,otro,baja,
e8397684-94dc-48a9-8dd2-a38c0e962533,e73ba6a5-7cdc-4936-a5d0-03bc02fe8ca4,78fc512d-a1ea-4d3f-b107-4e302ac4187d,Reclamo generado automáticamente: Falta de producto,2025-06-15T02:00:26.120104,solucionado,retraso_entrega,baja,
e0ce2869-d2b8-498c-8ed5-a810cab20b14,c8f82c2d-2f13-4693-b55e-e31f771c65de,211ba499-d814-468e-aa1b-c19386da803c,Reclamo generado automáticamente: Retraso en la entrega,2025-06-15T02:00:26.120104,solucionado,daño_empaque,media,
f59b82bf-d3cf-4d15-afa2-3b0865946602,608bb886-18a9-4885-bdd9-e8b4ebb14e35,00f2064c-8561-49fd-b999-160a360f3215,Reclamo generado automáticamente: Retraso en la entrega,2025-06-15T02:00:26.120104,solucionado,daño_empaque,critica,
396dc1e8-4249-4ddb-8e1a-510c566c0d59,f9807c7d-d815-40ea-b349-d985d5caad91,e1e13edc-4276-4517-9cb2-c60e686f9bac,Reclamo generado automáticamente: Producto dañado,2025-06-15T02:00:26.120104,solucionado,retraso_entrega,critica,
18d6b21a-5f72-4c1d-be09-c6a9e1fb1216,861d6886-7814-4e90-9e22-bbaeec4a5b76,1d5c27b1-9adb-45ad-b89b-742e10afc1ab,Reclamo generado automáticamente: Otro problema,2025-06-15T02:00:26.120104,solucionado,retraso_entrega,alta,
13b4ff7d-cb80-4cbd-9882-0f803cff08ca,e291e460-2e11-4343-b4e2-2534dada6de0,7b134324-922a-4fae-86a7-319a57682196,Reclamo generado automáticamente: Producto dañado,2025-06-15T02:00:26.120104,solucionado,daño_empaque,baja,
37bc8870-bada-4651-9bf0-5c4f54f3c839,3d3b412c-1d4c-4c48-97fa-d20cd2c8f574,87dfc384-a801-4d15-b339-6fc3c4215975,Reclamo generado automáticamente: Producto dañado,2025-06-15T02:00:26.120104,pendiente,daño_empaque,baja,
3573f087-8409-4b03-905e-482c16787306,ed2cfe50-e6dd-4786-9521-1abad04c00eb,eb1fa1e9-d06b-4261-908d-13e76a75c226,Reclamo generado automáticamente: Producto dañado,2025-06-15T02:00:26.121103,solucionado,daño_empaque,media,
458113d2-8e03-4622-87b1-138bc2782746,90a47906-1259-41fa-b2f5-24b22377a295,fd29009a-1ab9-48e6-953b-188f32ca2f12,Reclamo generado automáticamente: Otro problema,2025-06-15T02:00:26.121103,solucionado,pedido_incompleto,baja,
7e48d919-7993-4f9e-bbee-07a46ddb43a6,1dc327af-b291-4389-9712-9448f7ca064e,d6389ad0-ce17-413c-a613-6e7f80c22557,Reclamo generado automáticamente: Otro problema,2025-06-15T02:00:26.121103,solucionado,pedido_incompleto,critica,
144b2e01-3bb8-45a5-bf84-e0efe5a03304,0d6039ff-af56-47d5-8db8-66505c3e995a,2d21d2ea-6209-4462-bba2-6da5a7aa03d4,Reclamo generado automáticamente: Retraso en la entrega,2025-06-15T02:00:26.121103,solucionado,otro,alta,
f7bc5d9b-4e4a-4703-bdb9-22a74112dca2,823804f8-5c47-4c08-aa5c-85a10664527c,e1c534c2-7c5c-4879-97f9-2a2227f761c8,Reclamo generado automáticamente: Producto dañado,2025-06-15T02:00:26.121103,solucionado,daño_empaque,alta,
ae775d7c-75f7-4a7f-82da-2dc0a17c5b07,19ae47fc-98cb-4466-af87-0f08790e2c68,d5ee2479-474a-4d9b-9ae6-dc470a67befb,Reclamo generado automáticamente: Falta de producto,2025-06-15T02:00:26.121103,solucionado,retraso_entrega,alta,
ac5a9939-ae7c-4af4-8344-6e77954c4d1b,173528a5-5741-41e6-baf7-49987b915e9f,bcf3e07b-2e21-41be-9af7-d2e5f486165f,Reclamo generado automáticamente: Retraso en la entrega,2025-06-15T02:00:26.121103,solucionado,retraso_entrega,baja,
38f45aac-d3a4-472a-90d5-9f2c4257263c,08bf50e5-5c38-49e7-b97b-049c22015aa0,481be87c-aa2a-4ee2-940d-e6c0a0583a38,Reclamo generado automáticamente: Falta de producto,2025-06-15T02:00:26.121103,solucionado,otro,media,
64cafcbb-286c-4b94-84be-61c8cd54a4c7,2abe5c18-c75b-48ff-ae0f-c53f9911552c,775fdc56-325a-464a-9c7c-3deb15cd1886,Reclamo generado automáticamente: Retraso en la entrega,2025-06-15T02:00:26.121103,solucionado,pedido_incompleto,critica,
edbcf4f5-5275-43ef-bead-3ba47e8255a8,9b1be56c-20ec-4c3c-8901-09d8853202c2,9b6d1931-2d3a-45bd-8bec-40d3afd2f115,Reclamo generado automáticamente: Falta de producto,2025-06-15T02:00:26.121103,solucionado,retraso_entrega,baja,
7691e0f4-59bf-4d37-a0d0-2e3bb580f11d,d2415fb9-23d5-42c3-80f1-8096543486a6,76f357e4-dd08-44d5-83c5-5cb881882de7,Reclamo generado automáticamente: Falta de producto,2025-06-15T02:00:26.121103,solucionado,pedido_incompleto,alta,
fa1c2607-c4ca-49ba-8d71-d0ec634e9340,8a59ceac-ae1f-4a19-8015-c51f1b674562,340d4655-9af1-4438-8474-0d70afac807e,Reclamo generado automáticamente: Producto dañado,2025-06-15T02:00:26.121103,solucionado,otro,alta,
2d20f4b1-0572-4e7c-be91-c11b859a3fe7,b4d9aac5-da11-4320-84dd-a5deb09a76b1,9008db7e-b3f1-4a5b-bcfe-817040584a07,Reclamo generado automáticamente: Retraso en la entrega,2025-06-15T02:00:26.121103,solucionado,daño_empaque,alta,
5992d1b5-41dc-436d-951f-351efdec06c3,1c1ff3d6-6c5b-42d9-818b-d94201f40a27,f547bd89-ed38-4dc6-982a-650331b66221,Reclamo generado automáticamente: Producto dañado,2025-06-15T02:00:26.121103,solucionado,otro,baja,
1a597b72-9601-460c-af0d-a20a8697ad1a,87e216a9-a024-4906-88ca-800a81c3cb62,f34b490b-ca66-4f2d-b7b3-778b86951feb,Reclamo generado automáticamente: Otro problema,2025-06-15T02:00:26.121103,solucionado,otro,media,
73addd72-5171-4e14-8e2e-a9082cdb3b21,bc6ade8c-8be6-4a39-80db-793ec6895834,0baaebef-1d25-41c2-a54b-07bda16cd83c,Reclamo generado automáticamente: Falta de producto,2025-06-15T02:00:26.121103,solucionado,retraso_entrega,alta,
3ec013b8-a523-48ce-b2a5-ab13274d6ee9,be824509-8c29-4b4c-80e1-9fdba42a47f1,0190be6c-bcc5-4c09-b46d-e3fc91706dfe,Reclamo generado automáticamente: Falta de producto,2025-06-15T02:00:26.121103,solucionado,pedido_incompleto,alta,
a94cbff6-13b2-4acf-a670-ee5dab9a62eb,aef2ab32-4555-4c18-9810-3d8c92c4fc2d,5791569d-38d9-4030-ad40-aa8b9fbd15cc,Reclamo generado automáticamente: Falta de producto,2025-06-15T02:00:26.121103,solucionado,otro,media,
c519eb43-636e-49c0-85df-92ae0244f55e,88b6eeb0-d8f0-4ece-a8ac-f82e759749d3,2855ed30-46d5-4879-8e19-8bdde8e4955e,Reclamo generado automáticamente: Retraso en la entrega,2025-06-15T02:00:26.121103,solucionado,pedido_incompleto,baja,
1aa9f933-451e-4b90-9a43-f82c01081c3a,61bdca36-dd2a-432c-96ca-a923fc964f95,5ecf6353-f300-45db-b30c-01edc66c3b26,Reclamo generado automáticamente: Otro problema,2025-06-15T02:00:26.121103,solucionado,retraso_entrega,alta,
5d6bb423-1201-4d38-8793-0646f2898a1d,987ef468-a086-4e73-b42a-da89ba073d7c,12336382-cece-40b0-b424-74803238b7ed,Reclamo generado automáticamente: Falta de producto,2025-06-15T02:00:26.121103,en_pausa,daño_empaque,baja,
4de01cfc-f011-40ed-a243-f8c5db5f8397,9c0ca14c-adae-4c66-a10c-43a934b8448f,f69b60e3-74d4-4f0b-be06-9ff54d84a66d,Reclamo generado automáticamente: Otro problema,2025-06-15T02:00:26.121103,en_revision,retraso_entrega,critica,
31467a67-e750-40cb-abb3-e228e97abe53,c3adc5dc-b87c-4daf-97c1-0b48f08386b9,2855ed30-46d5-4879-8e19-8bdde8e4955e,Reclamo generado automáticamente: Retraso en la entrega,2025-06-15T02:00:26.121103,solucionado,daño_empaque,critica,
ef629c5e-048f-47a0-a69e-18da8a02d956,67645d2f-6b3c-44b1-9436-8db141e617cc,2d7b3c59-c8f4-49d8-8bf0-0b06b195e5bb,Reclamo generado automáticamente: Producto dañado,2025-06-15T02:00:26.121103,solucionado,retraso_entrega,baja,
5d4b414e-112d-4843-9bcc-7b11b32a0869,9c78198a-dbf2-4fe5-b562-dbec1b2ebd4a,1716753f-d415-4fd2-9897-c1db99f7ee6b,Reclamo generado automáticamente: Otro problema,2025-06-15T02:00:26.121103,solucionado,pedido_incompleto,baja,
926d4c08-9117-4c68-add3-a8345a952c58,4dc59e81-2d81-465f-8865-784f2e4215f9,bee4e019-ecc8-4cab-9eb1-cd4568291c53,Reclamo generado automáticamente: Producto dañado,2025-06-15T02:00:26.121103,solucionado,pedido_incompleto,baja,
224da800-b047-4278-af8a-5b97f1e14fbb,d5212d54-f7f3-4018-8057-8bf3cb34a3b9,ec2ea81f-e84b-4bf2-a0d4-d5e9a6bd0b03,Reclamo generado automáticamente: Producto dañado,2025-06-15T02:00:26.121103,solucionado,otro,alta,
6861335e-4205-4f09-91e8-af542d424992,955d1516-05fd-4047-a696-b21c272ac78e,70e33cf5-b109-4662-9262-4cbd45a4d0cd,Reclamo generado automáticamente: Otro problema,2025-06-15T02:00:26.121103,solucionado,otro,critica,
a79e8648-cc1a-4703-83a7-c634b29030c9,b6055c01-cc64-4c77-928d-2c8f7c0459ce,88e3af56-9a14-438b-87dd-80de1c662fbf,Reclamo generado automáticamente: Producto dañado,2025-06-15T02:00:26.121103,solucionado,otro,critica,
1c3bb8f5-c018-4e6d-8d8b-93adc62b8f99,38715acf-c1e8-45dc-8fb4-c729f24342c8,c9bdb678-c5b2-4004-b813-68b4745942ca,Reclamo generado automáticamente: Falta de producto,2025-06-15T02:00:26.121103,solucionado,daño_empaque,critica,
bf6b9a11-ac66-4862-8238-276847334b35,df1d89a6-9415-4a5a-8dca-85019fd90bf3,2c931ddb-fbb2-4e1c-861c-14d3fabbac51,Reclamo generado automáticamente: Producto dañado,2025-06-15T02:00:26.121103,solucionado,pedido_incompleto,critica,
73d6a10c-42d1-4f2f-9ee3-bd359847b7f5,9a1b9fd8-3e62-471f-a269-0305c234458c,45473c0d-fd92-4c53-8362-41e73a7101d4,Reclamo generado automáticamente: Producto dañado,2025-06-15T02:00:26.121103,solucionado,daño_empaque,media,
afc89186-45b5-4439-86bd-038d037cf312,d5212d54-f7f3-4018-8057-8bf3cb34a3b9,9b6d1931-2d3a-45bd-8bec-40d3afd2f115,Reclamo generado automáticamente: Producto dañado,2025-06-15T02:00:26.121103,solucionado,retraso_entrega,critica,
988e5e98-5835-4860-aca1-979d46f41156,5d0b3712-370a-47c4-9f82-dd371d4b2cb8,89aa59de-c742-4c9d-b70b-9d84775118ef,Reclamo generado automáticamente: Otro problema,2025-06-15T02:00:26.121103,solucionado,pedido_incompleto,media,
3920a040-f691-46fc-bd92-251f2fff68b6,668455b9-275b-4d4f-8ee1-3a235ed322c5,e904e160-2a60-4bbc-af99-78980c050b1f,Reclamo generado automáticamente: Retraso en la entrega,2025-06-15T02:00:26.121103,solucionado,retraso_entrega,media,
f867aec2-c0cc-42aa-9009-f74ec1dc2b14,0ed60781-1b5a-42c8-8391-7cd529ad4eb1,3e9fd66d-02e4-48a1-807c-483ea7130da4,Reclamo generado automáticamente: Retraso en la entrega,2025-06-15T02:00:26.121103,en_proceso,daño_empaque,media,
664bdefe-10e4-425c-89ba-06c00771ce38,fc86b6c0-85be-43e7-bebe-55a960288052,ab73797a-a0e2-4e27-933a-382ad1960415,Reclamo generado automáticamente: Falta de producto,2025-06-15T02:00:26.121103,solucionado,otro,media,
769791bf-404f-4bfb-a3a6-0f2a61a6394b,dc2b7e5b-97ef-4fb9-af8f-35a6521a801e,fe785419-0c78-4bc1-a7aa-2cc6eaaf567c,Reclamo generado automáticamente: Falta de producto,2025-06-15T02:00:26.121103,solucionado,otro,baja,
9bdb9119-d7c7-45f6-8739-da65171f813e,450c51b0-29a2-4cc4-af11-780a5e098dd7,3dc74b99-91cf-4827-8c59-88a9cd9d3156,Reclamo generado automáticamente: Retraso en la entrega,2025-06-15T02:00:26.121103,solucionado,retraso_entrega,critica,
e956df3a-061c-4360-9bd2-c4c4295683cc,3de4ba77-3115-4cdf-935b-3beec42db8e9,50f85fc1-e16f-487f-aae8-36521406ff81,Reclamo generado automáticamente: Otro problema,2025-06-15T02:00:26.121103,solucionado,retraso_entrega,media,
599d1deb-8112-4499-899d-8f948b4b83c7,6e5a9a3a-2b6c-4268-a9b6-d4f45a388574,76872232-7841-4abe-9266-f999a671a6f8,Reclamo generado automáticamente: Falta de producto,2025-06-15T02:00:26.121103,solucionado,otro,baja,
87855b0a-65c9-43b0-8392-ca8ac6051b40,955d1516-05fd-4047-a696-b21c272ac78e,ea5e663c-b33c-4d18-a388-dceff9598f52,Reclamo generado automáticamente: Retraso en la entrega,2025-06-15T02:00:26.121103,solucionado,retraso_entrega,critica,
010fd7d1-d529-4340-b733-e2e30dc74c61,39034d49-e287-4284-a001-1e0dd744f9b5,e9b31ad4-800c-40f9-a045-0dd5d6c90de7,Reclamo generado automáticamente: Otro problema,2025-06-15T02:00:26.121103,en_revision,retraso_entrega,media,
28e83462-593b-46e7-894e-7bb455ab3d81,b0a2119d-ecec-485e-84dc-46cf7eb0c412,a059aa7d-5870-447e-85a5-a962d1ef0176,Reclamo generado automáticamente: Retraso en la entrega,2025-06-15T02:00:26.121103,rechazado,retraso_entrega,alta,
0f0bec70-77a8-4c4c-8754-a7607f4108b9,e172f6b4-4f5a-4bcf-96bd-912fec806319,04a1bbe3-2a6f-4eb4-b969-edc86d0e31b3,Reclamo generado automáticamente: Otro problema,2025-06-15T02:00:26.121103,solucionado,pedido_incompleto,baja,
30ea5b15-6404-4f2d-a1f6-3fb4877c463c,b73c5028-c1bb-464f-a139-694ade12e120,97324d1f-aa3b-4f3e-8119-87e005f7deba,Reclamo generado automáticamente: Falta de producto,2025-06-15T02:00:26.121103,solucionado,pedido_incompleto,media,
407d3d61-a389-480d-b5ac-5d515e2af8b7,b3e43b7b-c290-4efc-b8d3-a6d2fbd9693e,54227fb2-eabe-407b-bafa-475233c6572b,Reclamo generado automáticamente: Falta de producto,2025-06-15T02:00:26.121103,solucionado,pedido_incompleto,baja,
62d795b3-11d7-48c6-a854-4102f4f8ae06,fc86b6c0-85be-43e7-bebe-55a960288052,a2bf5123-c769-4f09-b2a6-dea036a87357,Reclamo generado automáticamente: Falta de producto,2025-06-15T02:00:26.121103,en_revision,pedido_incompleto,media,
828b5ef5-d8c2-4e81-805e-8e1532e87052,c9596ecc-a4f1-4b53-a71f-077f29dfbefe,429bd7fb-b7a0-4390-8e0a-03e3ba597a16,Reclamo generado automáticamente: Otro problema,2025-06-15T02:00:26.121103,solucionado,otro,critica,
36fbb15e-10fa-4cf9-a84a-8bd1d4265af5,b4d9aac5-da11-4320-84dd-a5deb09a76b1,32aae54c-4c41-4aac-a8f1-7ad450d5c182,Reclamo generado automáticamente: Retraso en la entrega,2025-06-15T02:00:26.121103,solucionado,retraso_entrega,critica,
44d2a3f8-a0e8-4027-b605-52fd424bac0a,5b265877-ca9e-4d1e-9af3-8b526a943149,64269380-ee4f-4d64-ba8d-dfc7f6b7bf44,Reclamo generado automáticamente: Retraso en la entrega,2025-06-15T02:00:26.121103,solucionado,daño_empaque,critica,
a8d6cacc-f282-4c3f-b6ef-dbedfd6a4008,450c51b0-29a2-4cc4-af11-780a5e098dd7,a40d8039-d807-44a8-94de-e9bd1d8c7c68,Reclamo generado automáticamente: Producto dañado,2025-06-15T02:00:26.121103,solucionado,otro,media,
1d1d248b-0e56-4fd7-9bd2-4644966997e6,0ed60781-1b5a-42c8-8391-7cd529ad4eb1,55903055-7cfd-4b08-937c-71d02ab562c6,Reclamo generado automáticamente: Producto dañado,2025-06-15T02:00:26.121103,solucionado,otro,critica,
0ca84436-b4fc-4799-b0f3-fa55c9dbb3ab,ae14db53-c5d6-4ca6-bf3f-d8eda0c961be,01a42953-dd6e-4aea-aa83-bb676a69cfb8,Reclamo generado automáticamente: Retraso en la entrega,2025-06-15T02:00:26.121103,solucionado,pedido_incompleto,media,
b4d2b692-3c33-4eeb-b58d-7f485101c8ef,b7a11efa-04b8-4585-b2f1-dba8b877b219,7e856126-fd5d-494a-9282-fc8fb2d90b14,Reclamo generado automáticamente: Producto dañado,2025-06-15T02:00:26.121103,solucionado,pedido_incompleto,critica,
19e49569-123b-417f-9f17-ef8144e20173,741814b5-cea4-4f1f-99bc-8700c00d04af,4a607e6f-4b86-46e1-a29d-73393d191bc3,Reclamo generado automáticamente: Retraso en la entrega,2025-06-15T02:00:26.121103,solucionado,retraso_entrega,baja,
b8ea575e-8a22-4aac-83ef-96387f03f36c,9b20346e-c3ad-45fb-ac1d-6cf98bf8b318,f8083d2b-3f83-4840-af36-ce810673eea7,Reclamo generado automáticamente: Producto dañado,2025-06-15T02:00:26.121103,rechazado,daño_empaque,critica,
86386a99-9842-41a8-914d-c50ffa500707,b0a2119d-ecec-485e-84dc-46cf7eb0c412,e1fd5b85-b84b-434e-b073-de1d9c81bf25,Reclamo generado automáticamente: Producto dañado,2025-06-15T02:00:26.121103,solucionado,daño_empaque,media,
0f225b3f-8f81-499e-aa13-30f8dc948f07,d28c4593-c702-42a2-8a8e-25787104fcec,2c498ddd-fdf6-4406-8e82-b4572a205946,Reclamo generado automáticamente: Falta de producto,2025-06-15T02:00:26.121103,solucionado,retraso_entrega,baja,
523705b0-7e7b-423c-ac60-32d1b8d00622,541ea1c4-db14-4749-aa20-e98c5c1396fa,64269380-ee4f-4d64-ba8d-dfc7f6b7bf44,Reclamo generado automáticamente: Falta de producto,2025-06-15T02:00:26.121103,solucionado,daño_empaque,alta,
956c509b-a4c9-41c3-8798-23b5bfba045b,7e5e83c2-4a7b-44f2-bde2-ab9bc91caeff,ff832fea-1ac6-4a2f-8b96-5f67d2045156,Reclamo generado automáticamente: Retraso en la entrega,2025-06-15T02:00:26.121103,solucionado,retraso_entrega,baja,
384fbdaf-c70b-416e-b84b-2f0bf0b3f3f5,668455b9-275b-4d4f-8ee1-3a235ed322c5,2540f804-8e5d-4b67-88d5-f55e4a494d55,Reclamo generado automáticamente: Producto dañado,2025-06-15T02:00:26.121103,solucionado,pedido_incompleto,critica,
0293c459-8319-446e-9376-0d79c4306227,21dd8eaa-5d73-42bb-91c4-abe0697fda1d,b18eec02-bd97-44e5-8ff6-8a14cc9e7bf6,Reclamo generado automáticamente: Otro problema,2025-06-15T02:00:26.121103,solucionado,otro,alta,
4f8f3099-12ae-4dff-8605-6f3c670636ec,0e0f0c25-ff40-4808-903d-53699c522859,27dc231e-8207-4cd0-a710-e5d138ef8bc2,Reclamo generado automáticamente: Retraso en la entrega,2025-06-15T02:00:26.121103,solucionado,pedido_incompleto,baja,
826a6901-fc85-4cd3-9f8e-f07a5716f803,208d25c9-d1cf-4e87-9265-5e38392a54e6,001cc940-183d-42ae-b139-759a448d712b,Reclamo generado automáticamente: Falta de producto,2025-06-15T02:00:26.121103,solucionado,pedido_incompleto,media,
5c83715f-50af-4386-bdbd-98ab8b376b7e,dc2b7e5b-97ef-4fb9-af8f-35a6521a801e,424d6cd7-bf50-4b26-abe6-259835f10c6e,Reclamo generado automáticamente: Producto dañado,2025-06-15T02:00:26.122104,en_revision,otro,alta,
7fe34509-0d4d-4a6a-a0ff-f197acadde44,32297f0e-a829-47ad-a18d-42b80a5a5a5a,3e9fd66d-02e4-48a1-807c-483ea7130da4,Reclamo generado automáticamente: Producto dañado,2025-06-15T02:00:26.122104,solucionado,daño_empaque,media,
4ff3f31c-6311-4b1f-bb75-5d6ff889ad73,1e3f9769-467b-4284-9cd7-f0edfb32c5aa,f547bd89-ed38-4dc6-982a-650331b66221,Reclamo generado automáticamente: Producto dañado,2025-06-15T02:00:26.122104,solucionado,otro,media,
f0333c07-2207-495c-a9c0-76cdd97e8490,ebbfa94b-0d4d-4849-ab26-a298096fb6f6,2d21d2ea-6209-4462-bba2-6da5a7aa03d4,Reclamo generado automáticamente: Retraso en la entrega,2025-06-15T02:00:26.122104,solucionado,otro,media,
74a997ab-00d9-4e57-a117-28028243af6a,f94b5103-0c85-498d-96e9-d06d44dd407c,429bd7fb-b7a0-4390-8e0a-03e3ba597a16,Reclamo generado automáticamente: Otro problema,2025-06-15T02:00:26.122104,solucionado,retraso_entrega,media,
418f56fa-872b-4a08-918d-851c45671812,a132ee3c-6b5d-44f4-be90-6f8cf32534e8,aaee9314-0d15-4d56-8eb8-232a541a2ebe,Reclamo generado automáticamente: Otro problema,2025-06-15T02:00:26.122104,solucionado,retraso_entrega,alta,
553fb4fd-1fc2-4b1e-b0cd-4704149c63f1,0a0cad06-d233-4a54-905f-c166ec07be31,a9e9110c-3214-4c9e-ba21-e5ffa54d3bab,Reclamo generado automáticamente: Retraso en la entrega,2025-06-15T02:00:26.122104,solucionado,retraso_entrega,baja,
11e91756-6a01-49f9-a638-4548e2021978,96345bee-52a0-4ffc-8b7e-26475a2e8f41,2ee70078-624c-44ff-a40d-29475f5a27bb,Reclamo generado automáticamente: Producto dañado,2025-06-15T02:00:26.122104,solucionado,pedido_incompleto,alta,
545627b7-8f4d-4a91-9b7f-49cef2e45207,7c4788ba-e64b-4604-a172-7b1ccd152c34,f69b60e3-74d4-4f0b-be06-9ff54d84a66d,Reclamo generado automáticamente: Producto dañado,2025-06-15T02:00:26.122104,rechazado,retraso_entrega,alta,
ba448ca4-36e7-4358-8d6e-048aedb193df,41c8aa90-3947-4d55-bd26-03540ec9aa3c,0675298b-f135-4b90-ac9d-1f7919b7cd93,Reclamo generado automáticamente: Falta de producto,2025-06-15T02:00:26.122104,solucionado,retraso_entrega,media,
671721b5-a5da-4a31-a56f-5a62507b57d0,6a05a60e-76a2-4924-be95-386552804ea9,8d347fcd-6150-420f-b677-55fca7d6c3be,Reclamo generado automáticamente: Falta de producto,2025-06-15T02:00:26.122104,pendiente,retraso_entrega,critica,
c242fca6-0b17-4fff-ba9f-275955d70fb3,33741c41-e0eb-48e6-9764-bc019fffb5c4,90fa6237-27cf-4b92-b774-c4c4fdb9f5e7,Reclamo generado automáticamente: Otro problema,2025-06-15T02:00:26.122104,solucionado,retraso_entrega,alta,
9f1f1fde-1d64-4a0e-947f-dc29ed8e05d9,3b541bd8-5182-403d-a242-e97032193bce,3c0c078f-a7e7-4e71-beb9-924c6bb676b5,Reclamo generado automáticamente: Retraso en la entrega,2025-06-15T02:00:26.122104,solucionado,daño_empaque,media,
e81ab5e0-82e2-4c55-8e92-ea06b6a2a455,9c33be75-b4d4-401a-a320-0bb3c152904b,1758b530-cb28-4b41-8fc5-ee8443200dd7,Reclamo generado automáticamente: Producto dañado,2025-06-15T02:00:26.122104,solucionado,retraso_entrega,critica,
00775695-71f4-44e9-a463-f95237e40455,3184d82b-6d2b-4950-98c2-d15fb51e4697,300dba2f-9e12-463f-b380-aabd716ecd3b,Reclamo generado automáticamente: Producto dañado,2025-06-15T02:00:26.122104,solucionado,retraso_entrega,critica,
9eda02ff-662e-4fe7-a0d4-4d1f47bd302f,727d917e-4239-49cc-8daf-2f27dc829561,bee4e019-ecc8-4cab-9eb1-cd4568291c53,Reclamo generado automáticamente: Otro problema,2025-06-15T02:00:26.122104,solucionado,pedido_incompleto,alta,
65781e0b-fc7e-4d65-8d6f-ac22f283a6d3,e33378a0-1f7e-43d4-9f9e-2b2180f3f6da,d6389ad0-ce17-413c-a613-6e7f80c22557,Reclamo generado automáticamente: Retraso en la entrega,2025-06-15T02:00:26.122104,rechazado,otro,critica,
70a642a5-5d38-4df5-9659-dd5c3390e6f6,e85c3732-499a-4fd8-ac42-9f6e288f0f50,445efb38-13d6-41b0-98e5-33354414c576,Reclamo generado automáticamente: Producto dañado,2025-06-15T02:00:26.122104,solucionado,daño_empaque,critica,
9c6a1d22-9e7b-44ab-a94b-0f797cbf6cc0,02bbf218-aa40-4e22-a03f-404c7d74f6b0,a40d8039-d807-44a8-94de-e9bd1d8c7c68,Reclamo generado automáticamente: Producto dañado,2025-06-15T02:00:26.122104,solucionado,otro,media,
264d98f8-477a-4898-ad54-72af849419b2,49f99403-cc2f-4d80-bc54-19acc1d289cc,424d6cd7-bf50-4b26-abe6-259835f10c6e,Reclamo generado automáticamente: Retraso en la entrega,2025-06-15T02:00:26.122104,solucionado,daño_empaque,media,
