id_vehiculo,placa,marca,modelo,año,color,tipo_vehiculo,capacidad_carga,capacidad_combustible,estado_vehiculo,numero_soat,fecha_vencimiento_soat,fecha_registro,gps_imei,gps_estado,foto_vehiculo,id_usuario
2c3d382a-a9b9-472e-81ce-da1efe820250,7154ZF,Morillo y Solan,doloremque,2012,Blanco lino,furgoneta,4245.25,110.74,True,ELL7474,2025-10-13,2025-06-05T00:08:19.561612,IMEI84518635531,False,https://dummyimage.com/640x480,2dc94ea2-f40d-4c31-a9f6-1b2858520766
d99e5ec0-6577-4b33-ab72-f4fc36041472,VI7056,Logística EM S.,occaecati,2002,Azul pizarra,furgoneta,6184.92,141.97,True,yVs4152,2025-11-15,2025-06-05T00:08:19.561612,IMEI01086169394,True,https://placekitten.com/640/480,32aae54c-4c41-4aac-a8f1-7ad450d5c182
af9224d9-056d-495a-81fc-4129a8778015,7832HR,Distribuciones ,provident,2022,Oliva,camioneta,6446.44,55.95,True,VWI2418,2025-08-18,2025-06-05T00:08:19.561612,IMEI88028590827,True,https://placekitten.com/640/480,bfa86e4a-bf2c-4657-a5a3-edb33107bccb
ab9fb72a-d0d1-44ef-9680-16ceed8baa89,6027VN,Armas y Hidalgo,nam,2018,Blanco humo,furgoneta,3343.24,132.3,True,Epa5316,2026-05-25,2025-06-05T00:08:19.562614,IMEI35659239238,True,https://placekitten.com/640/480,ac356e7f-d481-4806-8bb5-c4eb89cf58f7
290b2a83-a6fa-49d8-b47b-0f92f0fc7164,2044MY,Comercial Españ,quam,2017,Gris oscuro,camioneta,5210.67,125.61,True,GbL4143,2025-08-03,2025-06-05T00:08:19.562614,IMEI41184715890,False,https://dummyimage.com/640x480,cb75f495-50d2-462b-a62c-777370c33cc8
3aedd3e1-dd03-4696-b983-4a99a2790dba,LE9116,Almazán & Asoci,quibusdam,2004,Violeta oscuro,camion,2386.21,150.47,True,HmQ0482,2026-05-18,2025-06-05T00:08:19.562614,IMEI73508694567,True,https://placekitten.com/640/480,aaee9314-0d15-4d56-8eb8-232a541a2ebe
1a2e8708-2783-45ff-8dd5-29865d61f470,4601HG,Familia Fernand,fugiat,2021,Naranja oscuro,furgoneta,6502.69,197.92,True,PdU5107,2025-09-30,2025-06-05T00:08:19.562614,IMEI49836665199,False,https://dummyimage.com/640x480,2ecaeba2-332c-481f-9716-3b9136629b48
0d43b449-02e7-436c-ad95-cf3648d66c0b,Z4145,Compañía Castel,earum,2014,Rosa caliente,camion,2717.17,53.26,True,beR6882,2026-04-03,2025-06-05T00:08:19.562614,IMEI06137112915,False,https://placekitten.com/640/480,68c88b9a-9e4c-46c2-9a9f-f9b852b1c254
838103de-05fa-4455-9ec5-b1c1d650071f,SO1153,Esteban Lobato ,omnis,2022,Amarillo,camioneta,9806.4,144.31,True,FeO9386,2025-12-29,2025-06-05T00:08:19.562614,IMEI25181327835,True,https://picsum.photos/640/480,bcc1cb8b-7773-4848-b48e-616405d6af9e
5bd0daac-2f7e-431d-8b22-57aa7e011eee,B2921,Construcción NH,blanditiis,2014,Salmón claro,camioneta,8413.3,193.1,True,rju3378,2025-10-11,2025-06-05T00:08:19.562614,IMEI77190769595,True,https://placekitten.com/640/480,af269a52-7199-4e6e-9c24-3069044f6806
43ee3a32-eaa0-459a-aa4d-c53754d50b9b,CO0517,Hnos Alcalá S.C,voluptatem,2006,Amarillo trigo,camioneta,5927.12,177.5,False,GBk2308,2025-07-06,2025-06-05T00:08:19.562614,IMEI92378196001,True,https://placekitten.com/640/480,a193acd6-7ce0-4d77-9fc5-259d9a80c79a
5cefa32b-e135-4edb-a5da-5f2b1803da90,M4599,Lerma y asociad,ea,2013,Azul medio,camioneta,9320.65,138.14,True,wrS0167,2025-09-14,2025-06-05T00:08:19.562614,IMEI98044299828,False,https://picsum.photos/640/480,645067ab-7f47-43d9-a1fb-2fc26e734a8a
402e32fc-e429-4395-bf8f-12f1b86ea7ac,VI2204,Alimentación In,ipsam,2016,Cian,camion,7594.15,106.83,True,bWC9271,2026-05-12,2025-06-05T00:08:19.563612,IMEI74471349774,True,https://picsum.photos/640/480,69bc38d4-e4aa-4330-ad1b-8d7ac9adf282
d54d49aa-20fc-46e1-9ae4-84ce09278c56,CE6166,Inmobiliaria de,velit,2023,Azul pizarra os,camioneta,9831.03,57.77,True,uMg3393,2026-02-15,2025-06-05T00:08:19.563612,IMEI60427189406,True,https://picsum.photos/640/480,211ba499-d814-468e-aa1b-c19386da803c
d10497cf-6647-423c-8b51-b17e03f8cf56,2780XX,Hermanos Vall S,est,2021,Amarillo claro,camion,6296.37,109.22,False,lQQ8453,2025-07-09,2025-06-05T00:08:19.563612,IMEI82657135217,True,https://picsum.photos/640/480,559ef05e-2601-4858-812b-370aae7b6714
429f441f-7a52-4fd4-857a-7319675cb1e1,1291FH,Inversiones Men,qui,2024,Turquesa,camioneta,2036.32,53.66,True,yjp5374,2026-01-25,2025-06-05T00:08:19.563612,IMEI41479261505,True,https://picsum.photos/640/480,69d30068-3f2e-459c-bcc7-87b64c930d96
19a393dd-3200-4afd-862e-267bc317e344,CO3995,Hnos Llopis S.C,explicabo,2023,Púrpura,camion,5302.91,130.99,True,Crd2489,2025-08-26,2025-06-05T00:08:19.563612,IMEI32137320211,False,https://placekitten.com/640/480,90fa6237-27cf-4b92-b774-c4c4fdb9f5e7
0ff97913-ee1c-406c-9818-8033ba9900f0,2538RR,Suministros Ang,inventore,2009,Rosa profundo,furgoneta,7907.13,167.8,True,liu8101,2025-11-29,2025-06-05T00:08:19.563612,IMEI58782149371,True,https://dummyimage.com/640x480,12336382-cece-40b0-b424-74803238b7ed
c74072f5-f663-448a-95c9-8a3110a1aa7c,1529FN,Pascuala Gámez ,praesentium,2005,Azul Alicia,furgoneta,3224.63,68.01,True,lEy4308,2025-09-22,2025-06-05T00:08:19.563612,IMEI63937775723,True,https://placekitten.com/640/480,fee14ca3-08c8-4281-a84a-fa878689a885
e9d43284-509d-4709-826d-2ecc72c15f70,OU2975,Talleres YTGL S,cumque,2002,Amarillo trigo,furgoneta,7636.33,194.61,True,tYI3994,2025-11-25,2025-06-05T00:08:19.563612,IMEI50306687874,True,https://dummyimage.com/640x480,4a607e6f-4b86-46e1-a29d-73393d191bc3
04e74fcb-7886-456e-8446-7497379002f4,7765TF,Alimentación An,ullam,2009,Rojo,camion,1639.39,146.86,True,mxM5703,2025-12-02,2025-06-05T00:08:19.564612,IMEI07395019481,False,https://placekitten.com/640/480,992353e1-ce25-4061-8661-be23f7427f8b
695f9f33-42cf-4560-8452-eac3a2a71615,9395GJ,Rios y asociado,molestiae,2023,Verde lima,camioneta,5350.48,96.46,False,qXb0928,2025-09-22,2025-06-05T00:08:19.564612,IMEI44774976457,False,https://dummyimage.com/640x480,c2ffeea2-9ae1-43ec-8258-51430a479c0b
6f870442-2f1b-420d-8868-9c58af417815,PO6358,Grupo Agustí S.,unde,2011,Azul azur,camioneta,1904.16,138.82,False,GfH0568,2026-03-06,2025-06-05T00:08:19.564612,IMEI92076625499,True,https://placekitten.com/640/480,e9b31ad4-800c-40f9-a045-0dd5d6c90de7
f58b867b-1907-494c-8556-4da4690db554,6981GM,Gibert y asocia,perspiciatis,2013,Azul medio,camion,5188.31,155.86,False,Nms4776,2025-10-19,2025-06-05T00:08:19.564612,IMEI32051749524,False,https://picsum.photos/640/480,aaee9314-0d15-4d56-8eb8-232a541a2ebe
cd00d5f5-39ba-4d32-85bb-0882fdc114bf,ZA3564,Familia Vélez S,recusandae,2012,Verde claro,camion,4444.01,177.1,True,heG9754,2025-09-30,2025-06-05T00:08:19.564612,IMEI57041457266,False,https://dummyimage.com/640x480,cae72d84-2447-41d9-bd0f-c209c3d5c2be
7a2c7ae5-11d2-4f1c-88bb-63995a3ebcba,2839JC,Atilio Peña Pas,aperiam,2019,Orquídea,camioneta,8996.51,138.72,False,rfl2396,2026-06-03,2025-06-05T00:08:19.564612,IMEI92315450530,False,https://picsum.photos/640/480,37245c6f-e2e8-4fa8-9f99-f53143a4ee3d
ba7d8d5b-0632-4edf-92d9-87f003d38362,2485HK,Rosselló y Gonz,voluptates,2022,Blanco encaje,camion,933.78,118.34,True,xgY9856,2025-11-01,2025-06-05T00:08:19.564612,IMEI27111588912,True,https://dummyimage.com/640x480,3983c8a7-6165-413f-b567-7063f508c17c
8fb77f80-eb49-4698-9bed-108f66d641e3,BA3943,Distribuciones ,sunt,2022,Naranja oscuro,camion,1714.15,93.52,True,ZuO2973,2026-03-25,2025-06-05T00:08:19.564612,IMEI30451906037,True,https://placekitten.com/640/480,cae72d84-2447-41d9-bd0f-c209c3d5c2be
09c04545-76cb-4e3e-8937-37167e5d7742,CE4307,Amor Silva Marq,doloribus,2016,Marrón rojizo,furgoneta,9040.46,49.75,True,AfN8762,2026-02-25,2025-06-05T00:08:19.564612,IMEI56903255306,True,https://dummyimage.com/640x480,e1fd5b85-b84b-434e-b073-de1d9c81bf25
9a34dede-e568-435c-b639-613f8c0958e6,6943PT,Servicios Camac,dolore,2013,Rojo violeta me,camioneta,4893.44,94.1,True,OmM5133,2025-10-02,2025-06-05T00:08:19.565612,IMEI87719980360,True,https://dummyimage.com/640x480,e1c534c2-7c5c-4879-97f9-2a2227f761c8
2f65993e-f739-467f-a63d-8c2e1d2355cd,SG0382,Pelayo y Pujol ,pariatur,2017,Marfil,camion,6098.78,141.88,False,ldk2938,2026-05-09,2025-06-05T00:08:19.565612,IMEI67700675021,True,https://picsum.photos/640/480,a40d8039-d807-44a8-94de-e9bd1d8c7c68
2588fcc4-eda9-410e-a42e-4669230e89aa,MA9241,Hnos Muñoz S.L.,laborum,2019,Orquídea,furgoneta,9149.55,40.09,True,qHA3808,2025-12-20,2025-06-05T00:08:19.565612,IMEI11543184512,True,https://placekitten.com/640/480,645067ab-7f47-43d9-a1fb-2fc26e734a8a
f2b4089e-15a0-4c36-8d28-4eab34fdc71d,0771YP,Torrent y Muril,numquam,2002,Azul pizarra os,camion,9505.17,158.78,True,GSd2215,2026-03-08,2025-06-05T00:08:19.565612,IMEI05496538822,True,https://placekitten.com/640/480,8c2e21f3-658c-4d23-9285-728d9d383e78
a9458c13-ec25-479f-a5d8-ae52d1fe1ed6,CE5400,Hotel del Medit,cumque,2004,Turquesa oscuro,furgoneta,1936.14,103.49,True,rKy8534,2025-09-21,2025-06-05T00:08:19.565612,IMEI56454994244,True,https://placekitten.com/640/480,f0a163c3-7b25-4e1f-ab72-faabc5039b26
1f9ffad8-f4e6-4d45-9bd8-ba21ca16dfac,3748GW,Ribes y Cerro S,ipsam,2011,Azul marino,furgoneta,6809.04,87.17,False,HLP4695,2025-08-17,2025-06-05T00:08:19.565612,IMEI63184452568,True,https://placekitten.com/640/480,06a4b920-2d83-452e-ac4a-961ba0dc0425
391f8c5a-a828-4503-8303-d86a65697ef9,ZA9943,Tomé y asociado,debitis,2022,Caqui,camioneta,6684.05,80.59,False,jDC0218,2025-10-29,2025-06-05T00:08:19.565612,IMEI33928239583,True,https://picsum.photos/640/480,8547d8db-fc49-4612-ac0c-9d4546260149
f8861a5d-bba9-494d-bd38-ffd01cd0acba,6517TG,Farmaceútica Ib,officia,2019,Blanco nieve,camioneta,5229.7,181.72,True,Mcv6022,2026-01-14,2025-06-05T00:08:19.567614,IMEI17891742667,False,https://picsum.photos/640/480,f34b490b-ca66-4f2d-b7b3-778b86951feb
369fe0e6-116a-42f8-8573-17c0a5184548,2640TV,Inmobiliaria TD,est,2022,Beige antiguo,camioneta,3139.76,128.68,True,PdB1048,2026-05-10,2025-06-05T00:08:19.567614,IMEI86074114294,True,https://dummyimage.com/640x480,3dc74b99-91cf-4827-8c59-88a9cd9d3156
97dfc16c-6f2a-4f04-b931-95b41de48be1,7867PL,Consultoría Río,explicabo,2002,Azul medio,camioneta,899.98,199.29,True,yAQ2842,2026-02-07,2025-06-05T00:08:19.567614,IMEI46848091323,True,https://dummyimage.com/640x480,21d98432-0ba5-4855-b7e0-199d67c49934
fce2fbf0-822c-4151-86e6-52e843ccca55,7605WH,Glauco Camino F,suscipit,2018,Verde pálido,furgoneta,8399.14,172.11,True,jqv9711,2025-09-01,2025-06-05T00:08:19.568614,IMEI15741256702,True,https://picsum.photos/640/480,26a8ed80-550b-421b-92bd-450710d38016
387e53c1-4ee9-43b6-8bfa-2d68a0790bb4,5303RV,Valero & Asocia,aspernatur,2024,Verde oliva osc,camioneta,832.12,146.78,True,AOS8296,2025-11-30,2025-06-05T00:08:19.568614,IMEI27155636141,False,https://picsum.photos/640/480,70d573f4-c60d-4f10-b1bf-06c473782203
1418e66b-388d-4a77-b497-ffb99dc028a0,7844BJ,Familia Nicolau,saepe,2024,Turquesa medio,furgoneta,7188.45,65.3,True,FVZ5489,2025-11-18,2025-06-05T00:08:19.568614,IMEI48629427081,True,https://placekitten.com/640/480,51a4a869-b4d7-44c9-bd24-f818612ebff8
f743b877-5cf8-48d8-bee0-02d199cadc04,4960JX,Lucila Martí Am,dicta,2021,Plata,camioneta,9418.77,105.42,True,cOJ9516,2025-07-28,2025-06-05T00:08:19.568614,IMEI36202863294,True,https://placekitten.com/640/480,958a96fd-df1c-4b2f-af15-eee3f985ede5
657886c9-2a5f-4cce-b951-14c00f70db37,SE1593,Yéssica Vilanov,ratione,2008,Púrpura medio,furgoneta,2589.3,101.06,False,jGd4205,2025-11-13,2025-06-05T00:08:19.568614,IMEI86437654709,False,https://placekitten.com/640/480,559ef05e-2601-4858-812b-370aae7b6714
7572b82e-b64c-4e25-ac58-37899fd6fe70,5239ZS,Banco XO S.A.T.,quisquam,2000,Verde prado,camion,8737.79,120.37,False,Qhq3706,2025-07-15,2025-06-05T00:08:19.569616,IMEI47727000736,False,https://picsum.photos/640/480,300dba2f-9e12-463f-b380-aabd716ecd3b
70787eab-e164-49ba-90f8-c3190e673d65,6204RW,Logística Españ,incidunt,2006,Blanco nieve,camion,4424.14,165.9,True,NBX2804,2025-08-27,2025-06-05T00:08:19.569616,IMEI08822202594,False,https://placekitten.com/640/480,ffb79f57-ab3d-494e-88e0-0f7ee9534aa6
3d1f127c-029f-46c0-bc8d-999c114e60cc,2894XS,Consultoría EDJ,fuga,2003,Gris pizarra,camioneta,3127.46,139.6,True,whM8324,2026-02-26,2025-06-05T00:08:19.569616,IMEI66550920982,True,https://dummyimage.com/640x480,b867cc68-bc9a-461d-90ff-f39ccdff78ab
638a821d-9e2a-4f5a-a4bf-ad0da84c2095,1845MF,Bru y Lobato S.,sit,2001,Plata,camioneta,6430.02,102.33,True,Bww0392,2025-12-10,2025-06-05T00:08:19.569616,IMEI30329535191,True,https://picsum.photos/640/480,3d12d450-ab72-4396-ae4d-7b4b48ed54aa
0ed57b1c-7468-46de-997e-558d781bcf31,6482ZR,Grupo Rosado S.,quisquam,2008,Beige papaya,camioneta,981.88,185.63,True,xgG5172,2025-10-30,2025-06-05T00:08:19.569616,IMEI75460354318,False,https://placekitten.com/640/480,824658e2-b1e0-438d-9860-afb580e69ac8
98811792-98ce-4dc6-83d9-c73ec84030fc,TO0967,Talleres Iberia,earum,2000,Rojo tomate,camioneta,7126.69,145.07,True,RZi5601,2025-10-18,2025-06-05T00:08:19.569616,IMEI91774435097,True,https://dummyimage.com/640x480,d96ab3b7-7e0e-4501-b44b-31c132a34bd3
4f385c89-0de9-4567-96bb-6321d6d3af78,5706HG,Lidia Diaz Land,esse,2010,Marrón siena,camioneta,9266.51,163.37,True,lxN5938,2025-07-24,2025-06-05T00:08:19.570613,IMEI03424010452,True,https://dummyimage.com/640x480,2cadcbfb-44c2-4601-abc0-52fbb7e5a61a
57692071-4349-4572-945f-a38ee596a67a,1240NS,Español & Asoci,nostrum,2018,Caqui oscuro,camion,5446.0,146.68,True,DMT0513,2026-05-03,2025-06-05T00:08:19.570613,IMEI76498339236,True,https://placekitten.com/640/480,70d573f4-c60d-4f10-b1bf-06c473782203
dcb236fb-6e1c-40ac-9644-dd5339677ab7,4602LP,Hnos Comas S.L.,corrupti,2014,Rojo tomate,camion,4324.57,104.3,False,AEA7103,2026-04-01,2025-06-05T00:08:19.570613,IMEI41782891251,True,https://dummyimage.com/640x480,1e7189c0-a578-48f9-ae80-f5bb8bba5c66
afbb25da-159c-4e9a-bfc8-e4caa2f92c02,3771SP,Arranz y Redond,officiis,2017,Gris pizarra cl,camioneta,1699.86,146.57,True,PlN4984,2025-12-06,2025-06-05T00:08:19.570613,IMEI07583677197,True,https://picsum.photos/640/480,4fd1d128-a869-428b-b219-bfbe0f301bee
db20f0ad-d29c-4670-8b0a-528189f8c7ea,CC8549,Sanchez & Asoci,unde,2011,Verde mar oscur,camioneta,9978.4,157.65,True,aaT4042,2026-04-20,2025-06-05T00:08:19.570613,IMEI31631785403,False,https://dummyimage.com/640x480,fd29009a-1ab9-48e6-953b-188f32ca2f12
91dc7e9a-7caf-4219-9ce0-654d969b0c1b,2642JD,Isidora Garcia ,saepe,2024,Almendra blanqu,furgoneta,7954.69,96.02,True,gOq4931,2025-12-11,2025-06-05T00:08:19.570613,IMEI29159914883,True,https://dummyimage.com/640x480,824658e2-b1e0-438d-9860-afb580e69ac8
5b79be48-e3ec-47dc-970f-397181d1231b,2911JY,Xavier Pagès Sa,saepe,2017,Gris pizarra,camioneta,3739.1,142.8,False,ZmL6845,2026-02-12,2025-06-05T00:08:19.570613,IMEI37207872952,True,https://dummyimage.com/640x480,a9e9110c-3214-4c9e-ba21-e5ffa54d3bab
53a86b65-f1ff-4dbd-b9db-a90d0f4fb36b,2190DX,Supermercados W,aliquam,2017,Coral claro,camion,5835.69,69.64,True,eCf5203,2026-04-17,2025-06-05T00:08:19.570613,IMEI54214314158,True,https://picsum.photos/640/480,c27d113d-959d-4496-a042-d71fa91c3239
61333d97-5d20-4ddb-84cf-faa7beec7d05,1891PD,Sotelo y asocia,rem,2005,Orquídea púrpur,camioneta,7090.4,142.05,True,NgV0182,2025-12-28,2025-06-05T00:08:19.571611,IMEI73218057820,False,https://picsum.photos/640/480,edd15fdc-1a58-4010-ad53-fc95782a06f0
3409724b-f7af-4eb4-bdb6-0d4f7cc95e38,J1025,Almansa & Asoci,aspernatur,2023,Azul acero,furgoneta,842.53,122.5,True,jNe6570,2026-02-08,2025-06-05T00:08:19.571611,IMEI28127745178,True,https://placekitten.com/640/480,a9e9110c-3214-4c9e-ba21-e5ffa54d3bab
8a08ae2b-e425-4789-9602-de0649aafdc8,5711FJ,Candelas Sanjua,fugit,2021,Verde claro,furgoneta,8725.96,92.81,False,khs4045,2026-05-21,2025-06-05T00:08:19.571611,IMEI65275644926,False,https://dummyimage.com/640x480,77c9947a-f83f-4b23-acd5-8f184092e720
a0cb1c22-fc6e-48f5-9eae-3771b614bd5e,T0880,Suministros YRN,excepturi,2016,Ciruela,furgoneta,5619.47,72.18,True,NtE3808,2026-04-18,2025-06-05T00:08:19.571611,IMEI98156443093,True,https://dummyimage.com/640x480,2dc94ea2-f40d-4c31-a9f6-1b2858520766
3817c7ff-ec7c-4c4b-bbbe-425d30b307f7,1969JG,Banca Privada T,consequatur,2013,Negro,camioneta,3619.85,115.55,True,wRU0332,2026-01-19,2025-06-05T00:08:19.571611,IMEI21408498274,False,https://placekitten.com/640/480,d6fa77ed-3582-4e3a-83ef-85ba30dc7010
442a8148-b4d9-4ae5-bf12-c9609f327d2d,C4516,Transportes Som,veniam,2024,Violeta,camion,1971.29,168.57,True,AJq0768,2025-11-11,2025-06-05T00:08:19.571611,IMEI71608642018,False,https://picsum.photos/640/480,d26b78ad-d655-4788-8a57-6f55398dab7e
8cdc097a-2ad4-425d-a276-258edb5d96ac,ML9102,Finanzas Mirand,quod,2012,Blanco,camioneta,4751.08,168.95,False,sKi3744,2025-07-19,2025-06-05T00:08:19.571611,IMEI74461942295,True,https://dummyimage.com/640x480,d96ab3b7-7e0e-4501-b44b-31c132a34bd3
767034ec-7704-4aaf-a33c-80e470710829,MU1536,Olivera y asoci,reiciendis,2011,Marrón perú,furgoneta,4780.7,47.2,True,dPQ1293,2026-03-16,2025-06-05T00:08:19.571611,IMEI45705560640,True,https://placekitten.com/640/480,824658e2-b1e0-438d-9860-afb580e69ac8
03c39408-514d-4c7a-ab67-24d388cfe668,3440FB,Servicios Espar,corrupti,2007,Verde azulado,furgoneta,6079.78,198.58,False,zPC1588,2025-09-30,2025-06-05T00:08:19.572612,IMEI99848066205,False,https://placekitten.com/640/480,df15a814-78a1-43bf-b533-361d16931f58
1047f9b3-866f-44e4-8019-05997dc57039,GR1293,Compañía LK S.L,reiciendis,2000,Gris,camion,8617.2,131.4,False,dWj1945,2026-02-16,2025-06-05T00:08:19.572612,IMEI12944501171,True,https://dummyimage.com/640x480,c1ce271d-30ce-4197-beb0-e38ac09d0579
d9142f0c-b0ed-4013-8c93-3afcc483ff62,LE0183,Carmelo Alberto,incidunt,2010,Azul cielo prof,camioneta,9505.55,64.9,True,hjl9701,2026-04-18,2025-06-05T00:08:19.572612,IMEI14951338098,True,https://placekitten.com/640/480,c9ab4321-4ab1-4244-bbd8-f78dd68e16fa
5bcbfec3-662b-4a64-88c7-73e02f838b04,O5983,Valerio Llamas ,facilis,2012,Chocolate,camion,3068.5,102.63,False,QWW4143,2025-07-31,2025-06-05T00:08:19.572612,IMEI75764028085,True,https://picsum.photos/640/480,3983c8a7-6165-413f-b567-7063f508c17c
b6ef50d8-2c14-4b9d-80fd-25b4e5f36ad4,IB7249,Hnos Prats S.A.,molestias,2006,Amarillo dorado,furgoneta,2217.43,138.11,True,lTG2003,2026-05-13,2025-06-05T00:08:19.572612,IMEI35542533338,True,https://placekitten.com/640/480,2c931ddb-fbb2-4e1c-861c-14d3fabbac51
d4396c8a-f6cc-457d-afae-f779cd5f3b9c,NA2496,Construcción SK,laborum,2011,Verde prado,camion,5225.28,92.26,True,XrW2676,2025-11-21,2025-06-05T00:08:19.572612,IMEI60677952655,True,https://picsum.photos/640/480,0baaebef-1d25-41c2-a54b-07bda16cd83c
162c3246-682c-4a83-bf0e-40baa806990c,4283KM,María Luisa Iza,vel,2017,Salmón claro,furgoneta,3284.67,181.53,True,nsi8854,2025-08-02,2025-06-05T00:08:19.572612,IMEI42301534589,True,https://placekitten.com/640/480,37245c6f-e2e8-4fa8-9f99-f53143a4ee3d
b97f6561-98ac-461c-bd8c-43deb525cdde,5292DV,Desarrollo Pein,ipsum,2007,Rosa brumoso,camioneta,693.71,48.67,True,AIX0501,2025-12-21,2025-06-05T00:08:19.572612,IMEI67078569113,True,https://placekitten.com/640/480,6a727750-f5ec-4342-8b03-07a0df3c39b9
905b6825-a45d-4456-aae6-2f138e069ce8,LE2677,Fábrica Viñas S,explicabo,2010,Azul Alicia,camioneta,8979.48,142.94,True,GFn9556,2025-08-20,2025-06-05T00:08:19.572612,IMEI50780411314,False,https://placekitten.com/640/480,1f25e9e8-6495-45ae-9770-f152dba16582
2627a251-c083-49d5-b792-47a9be1ce9d8,SA0790,Victor Toledo S,quaerat,2010,Agua-marina,camion,5106.66,178.21,True,XdY2635,2025-11-15,2025-06-05T00:08:19.573612,IMEI35525638689,False,https://placekitten.com/640/480,559ef05e-2601-4858-812b-370aae7b6714
969c1847-c510-498e-b7b3-3450e71b574d,6110WB,Viñas y Martin ,veritatis,2005,Verde bosque,camioneta,4917.04,106.21,True,Bpf8029,2026-04-11,2025-06-05T00:08:19.573612,IMEI93780276407,False,https://picsum.photos/640/480,e1cd2056-ddc1-4203-9d6d-911eee509c13
156329f8-9647-46e8-9b44-9203303b3843,4775WF,Anastasio Casti,eos,2004,Gris pizarra cl,camioneta,2750.88,122.76,False,sXT4843,2026-02-23,2025-06-05T00:08:19.573612,IMEI17271141626,False,https://placekitten.com/640/480,2c498ddd-fdf6-4406-8e82-b4572a205946
683e3895-3a02-4b50-9a55-c92fe77c92ad,6489RZ,Inmobiliaria Gu,temporibus,2015,Verde,camioneta,6871.88,135.05,True,cXq8045,2025-08-23,2025-06-05T00:08:19.573612,IMEI38416497795,False,https://picsum.photos/640/480,1758b530-cb28-4b41-8fc5-ee8443200dd7
cc4b1889-6dae-4e96-84e0-5e2dd91d4078,OU3640,Cuéllar y asoci,dolor,2016,Gris oscuro,camion,2411.92,97.2,True,FUX6269,2026-01-30,2025-06-05T00:08:19.573612,IMEI57837675612,True,https://dummyimage.com/640x480,8c2e21f3-658c-4d23-9285-728d9d383e78
8c5e0634-5cfb-4505-a187-3cadb649ec74,NA8390,Diego Esteve Gu,perspiciatis,2000,Azul pizarra,camioneta,901.96,174.13,True,AeO5862,2026-01-31,2025-06-05T00:08:19.573612,IMEI18762327700,False,https://dummyimage.com/640x480,6a727750-f5ec-4342-8b03-07a0df3c39b9
85ecad46-c3d4-4093-a327-b36fc0e8112c,3555HM,Arregui y Navar,inventore,2013,Rojo tomate,camioneta,9174.27,185.68,False,ITV7521,2026-01-18,2025-06-05T00:08:19.573612,IMEI98045403256,True,https://picsum.photos/640/480,69bc38d4-e4aa-4330-ad1b-8d7ac9adf282
0f3b4603-4da3-44e9-a6ef-18ee517b98ba,CU5867,Supermercados I,neque,2009,Blanco menta,furgoneta,7590.74,111.77,True,oks4199,2026-05-19,2025-06-05T00:08:19.573612,IMEI11130319323,True,https://dummyimage.com/640x480,a7df93bf-13e7-48ea-bd9c-393e071ebe1f
eed7ef33-2019-4d22-8209-d1a0e5c72407,IB4536,Alimentación de,voluptate,2020,Coral,furgoneta,9246.69,126.56,True,Zxu6193,2025-07-09,2025-06-05T00:08:19.573612,IMEI16586144530,True,https://placekitten.com/640/480,54227fb2-eabe-407b-bafa-475233c6572b
e3ada860-d33d-4062-bec7-e5a5d3f8f4a7,3878FB,Peral y Briones,sunt,2013,Verde mar oscur,camioneta,5815.56,171.15,True,zgE6282,2026-02-05,2025-06-05T00:08:19.574613,IMEI54120934406,True,https://picsum.photos/640/480,f6469f46-79b4-44d4-b214-c3e1267ba3a5
5697249a-baed-4d17-8fa0-8e244997efde,S0727,Banco Españolas,deserunt,2006,Chocolate,camioneta,9971.23,71.56,True,xsJ4820,2025-11-21,2025-06-05T00:08:19.574613,IMEI18091445223,False,https://dummyimage.com/640x480,b867cc68-bc9a-461d-90ff-f39ccdff78ab
c770ef3b-b6c9-48a9-9da4-45e9a1db5474,GU4758,Grupo Canales S,laudantium,2005,Orquídea,camioneta,8561.15,183.72,True,nUF4234,2026-05-25,2025-06-05T00:08:19.574613,IMEI97715717418,False,https://placekitten.com/640/480,059ce99a-5b31-4e3c-9eee-2b56b7507bb4
b43df72f-4465-4875-9bd3-64ddc041ef2c,2780DM,Banco Tolosa S.,dolorem,2007,Rojo indio,furgoneta,1329.27,146.56,False,drR8409,2026-04-16,2025-06-05T00:08:19.574613,IMEI82555137903,False,https://dummyimage.com/640x480,4191b578-4181-4904-8aa2-91b7c9391ea8
e444a3a2-72bc-4404-8479-3c8cc163b692,OR0198,Orozco y Iglesi,quas,2016,Marrón caqui,furgoneta,3646.67,147.08,True,erL2876,2025-10-07,2025-06-05T00:08:19.574613,IMEI24793036153,True,https://picsum.photos/640/480,84b4dec3-2fdf-478c-ad7c-34917663b6e9
38de9935-9c1e-4523-938b-6f105d31d04d,0306CT,Logística del L,doloremque,2007,Blanco floral,camioneta,5168.68,52.25,True,hph4960,2025-10-24,2025-06-05T00:08:19.574613,IMEI08727606248,True,https://picsum.photos/640/480,2dc94ea2-f40d-4c31-a9f6-1b2858520766
1137dbf6-d770-4f21-8695-bb118e35e5c2,8978KV,Distribuciones ,natus,2009,Gris claro,camioneta,3017.96,84.61,True,mBn0470,2026-04-18,2025-06-05T00:08:19.574613,IMEI12309745841,False,https://dummyimage.com/640x480,aaee9314-0d15-4d56-8eb8-232a541a2ebe
db4678a4-c07c-4caa-8b92-54cd65b05081,MA3556,Fernández y aso,nemo,2021,Gris pizarra,camioneta,6468.96,64.87,False,ETc4838,2025-11-13,2025-06-05T00:08:19.574613,IMEI15104705916,True,https://placekitten.com/640/480,4dcbc702-28ad-4e13-8757-f39a37af0157
4e0f56aa-5e3a-483a-9527-9ef0ad0548ce,BI0482,Andrés y Puig S,tempora,2022,Azul,camion,9450.39,143.01,True,PkF1429,2025-11-11,2025-06-05T00:08:19.574613,IMEI43466636759,True,https://dummyimage.com/640x480,992353e1-ce25-4061-8661-be23f7427f8b
d5a11a40-aed8-42f8-ad71-ab80885264fd,PO3186,Miranda & Asoci,facilis,2009,Violeta cardo,camion,5692.29,188.58,True,zuI5715,2025-07-22,2025-06-05T00:08:19.575612,IMEI67041695091,False,https://dummyimage.com/640x480,64f27c09-ab72-4f96-bf71-2327f2662475
74ef3693-000b-4d56-a49b-43dd46802824,1279PW,Promociones JIZ,saepe,2012,Turquesa oscuro,camioneta,7502.47,61.01,False,LNV3265,2026-04-21,2025-06-05T00:08:19.575612,IMEI78354628559,True,https://placekitten.com/640/480,27702c58-284b-462d-ae22-11354d2fc9cd
104c5de5-cad1-40c5-a868-7e52acc0bb5d,8171SK,Tecnologías Lun,voluptate,2002,Azul pizarra os,furgoneta,9018.01,74.38,True,cnW9375,2026-01-21,2025-06-05T00:08:19.575612,IMEI51380908944,True,https://placekitten.com/640/480,8638df49-1364-41a7-ba79-e6643e912ca4
fe22337c-dfa6-4d72-a8e4-6100ce04834a,S2689,Hermanos Téllez,temporibus,2014,Caqui oscuro,camion,5448.39,129.98,True,DsY2481,2025-08-21,2025-06-05T00:08:19.575612,IMEI27723503095,True,https://dummyimage.com/640x480,1fca5c1c-cbb4-4814-ad2b-df104ce54956
7f4d0cdc-77b8-48b2-90bf-363a61fe3af2,9184GF,Blanca & Asocia,temporibus,2000,Cian clarto,camion,8669.03,59.58,True,XJB0382,2025-10-17,2025-06-05T00:08:19.575612,IMEI05901639257,True,https://placekitten.com/640/480,0baaebef-1d25-41c2-a54b-07bda16cd83c
0d75cdbd-d0ab-41df-8bc7-c690b06ce573,A7128,Villa y asociad,eius,2002,Marrón perú,camion,6422.77,67.72,True,iiI2857,2026-03-22,2025-06-05T00:08:19.575612,IMEI66548902199,False,https://dummyimage.com/640x480,88e3af56-9a14-438b-87dd-80de1c662fbf
93e36b7e-8f42-4046-8090-eeddf06edb49,6758RK,Consultoría Int,tenetur,2000,Azul violeta,camioneta,752.01,148.16,True,iPW3481,2026-01-30,2025-06-05T00:08:19.575612,IMEI34653106925,True,https://dummyimage.com/640x480,7973dee7-9028-4b3d-b98c-59e62727629d
7264eb67-1d6a-487c-b71e-bbea55e05a99,TO4157,Salgado y Soto ,est,2000,Azul pizarra,camion,7436.77,189.41,True,WEY3113,2025-11-04,2025-06-05T00:08:19.575612,IMEI46971108817,True,https://dummyimage.com/640x480,a7df93bf-13e7-48ea-bd9c-393e071ebe1f
ae1fb781-4814-44ac-9587-e685efab53ae,6680GN,Despacho Integr,voluptatem,2023,Verde azulado,camion,5915.89,192.04,True,rVQ3810,2026-02-24,2025-06-05T00:08:19.576612,IMEI99789551344,True,https://dummyimage.com/640x480,c3cd6440-2169-4e9a-9ccc-62674641248e
f21c2b2d-2dcc-41c2-9a2d-ecd620e3a5f8,2068HZ,Instalaciones L,unde,2018,Coral claro,camioneta,9157.01,138.12,True,dXn3797,2025-10-29,2025-06-05T00:08:19.576612,IMEI64434991694,False,https://picsum.photos/640/480,fc11d5a3-7248-430f-a92d-a910a251e68e
bad9ef58-39c3-431a-bfc9-e9e1c7464105,1810MH,Matas y asociad,occaecati,2011,Turquesa oscuro,camion,8318.29,97.92,False,Ofh6559,2025-10-03,2025-06-05T00:08:19.576612,IMEI79453759075,True,https://dummyimage.com/640x480,e1cd2056-ddc1-4203-9d6d-911eee509c13
a1095b30-5bc8-40df-b7ed-8485425e85c5,9936VH,Consultoría del,quibusdam,2023,Verde pálido,camioneta,2523.3,108.69,True,qmA8890,2025-12-31,2025-06-05T00:08:19.576612,IMEI72956354728,True,https://placekitten.com/640/480,424d6cd7-bf50-4b26-abe6-259835f10c6e
ff6cce38-ce74-45b8-9aaa-0ee89ac9bcbc,7193FK,Instalaciones C,reprehenderit,2013,Verde bosque,furgoneta,1854.6,105.08,True,QSn5667,2026-04-19,2025-06-05T00:08:19.576612,IMEI46424884646,False,https://picsum.photos/640/480,9b6d1931-2d3a-45bd-8bec-40d3afd2f115
e3cf6595-aa71-4f67-a327-33889dd6e84c,AL5270,Distribuciones ,qui,2014,Marrón rojizo,furgoneta,4602.11,117.26,True,YRH4875,2025-09-28,2025-06-05T00:08:19.576612,IMEI04783621308,True,https://placekitten.com/640/480,424d6cd7-bf50-4b26-abe6-259835f10c6e
680d1306-89b4-4cec-9045-9a08156eb34e,6130SD,Fábrica del Lev,tempore,2011,Azul marino,camion,5227.6,161.06,True,ZTQ0780,2026-05-17,2025-06-05T00:08:19.576612,IMEI92661106920,False,https://dummyimage.com/640x480,424d6cd7-bf50-4b26-abe6-259835f10c6e
29c456b8-c57f-4a3b-a73b-c7e5dc70855d,A2023,Familia Piñeiro,culpa,2020,Índigo,camioneta,4456.37,109.42,False,YFd1330,2025-11-07,2025-06-05T00:08:19.577614,IMEI67017140702,True,https://picsum.photos/640/480,27dc231e-8207-4cd0-a710-e5d138ef8bc2
0ef726e4-c0aa-4f52-ada7-623d785504c7,CU4290,Comercializador,cum,2002,Blanco humo,furgoneta,8763.12,121.92,True,VRC2754,2026-02-05,2025-06-05T00:08:19.577614,IMEI19978154726,False,https://picsum.photos/640/480,fdafe91c-3460-4edf-828e-c6e65fa44856
59beb44f-4f1c-4cdc-92ef-ac256e01836f,6501DY,Instalaciones V,sapiente,2012,Rojo indio,camion,567.3,77.36,True,kKB7138,2025-10-08,2025-06-05T00:08:19.577614,IMEI77563098602,True,https://placekitten.com/640/480,01a42953-dd6e-4aea-aa83-bb676a69cfb8
e17cdc11-9566-4f7b-9604-822613d67ed9,M7477,Restauración YL,in,2016,Bisque,furgoneta,9283.86,190.38,True,zNl8870,2026-02-01,2025-06-05T00:08:19.577614,IMEI33338645690,True,https://placekitten.com/640/480,ec2ea81f-e84b-4bf2-a0d4-d5e9a6bd0b03
7ac22d34-13b6-4958-94c0-8e44053672ed,4704LL,Industrias Barb,ipsam,2008,Rojo tomate,camion,8356.28,69.92,True,XsH5942,2025-11-04,2025-06-05T00:08:19.577614,IMEI81425469876,True,https://placekitten.com/640/480,c87f54ff-704a-484f-aa8d-36b3309d6743
eae1fe8c-8b31-44e1-b2b9-72292de4eb81,V1244,Hnos Linares S.,maxime,2003,Caqui oscuro,camion,7934.84,58.02,False,xFA4908,2026-05-09,2025-06-05T00:08:19.577614,IMEI97987998204,True,https://dummyimage.com/640x480,60d7a539-4cba-4024-978f-1f385bbccd4d
be3fa13a-81d7-4771-9457-7667f08a3ab3,9191PL,Pedro Osuna Sol,molestias,2016,Violeta,furgoneta,5070.12,102.62,True,jQu6483,2025-11-26,2025-06-05T00:08:19.577614,IMEI03417434116,False,https://placekitten.com/640/480,f34b490b-ca66-4f2d-b7b3-778b86951feb
a511e121-1aea-48e9-9895-fae1c1812e4d,7733ST,Hermanos Marqué,mollitia,2011,Marrón madera r,camioneta,9433.45,56.6,True,IkI3824,2026-05-11,2025-06-05T00:08:19.577614,IMEI10158515649,True,https://placekitten.com/640/480,29de6c13-2913-4b40-965f-bda09a4fc4d9
64a08fc0-85cf-4052-8244-a15f5f8ea5e1,3932LM,Hotel Ibérica S,nesciunt,2022,Turquesa medio,camion,2757.73,91.25,True,mZN0679,2025-11-08,2025-06-05T00:08:19.577614,IMEI03689900602,True,https://picsum.photos/640/480,497349d1-0102-47bf-8a33-25c239530ea5
7c6a7038-eef9-4970-a486-9d423961508d,9584SD,Hnos Fortuny S.,incidunt,2003,Rosa,camioneta,3715.98,102.47,True,NQz2726,2025-07-08,2025-06-05T00:08:19.578614,IMEI97666946931,True,https://picsum.photos/640/480,d123b1eb-a154-49a8-9983-3134533db388
92775499-59af-436f-89bf-7cb3ae0d19a3,2085GR,Grupo Dominguez,minus,2003,Violeta cardo,camion,1422.52,101.31,True,VaU1860,2026-03-22,2025-06-05T00:08:19.578614,IMEI80554935696,False,https://picsum.photos/640/480,f2e1c665-ea6e-46cc-a41e-ebd49fa13e0b
83fa69d6-39bd-46bb-89d9-a9e9bacefc5e,PO0515,Eliseo Prado Pe,distinctio,2008,Rojo carmesí,camioneta,7612.45,66.35,True,fTy3356,2026-05-28,2025-06-05T00:08:19.578614,IMEI34632276543,True,https://placekitten.com/640/480,c3cd6440-2169-4e9a-9ccc-62674641248e
39b99b6a-5fe9-4283-8f5c-5f2ae35edfe5,T7992,Talleres Mascar,hic,2009,Beige mocasín,camioneta,1197.9,189.27,False,dbN0116,2026-02-22,2025-06-05T00:08:19.578614,IMEI52634853997,False,https://dummyimage.com/640x480,47fa3bb8-3dba-4f84-b70d-5511ea7a51b5
90812f23-647e-4a90-bebe-ed36dff86fb5,S6760,Inmobiliaria Al,tempore,2020,Oliva,furgoneta,8228.55,60.59,True,LLs6161,2025-08-21,2025-06-05T00:08:19.578614,IMEI21915320901,True,https://placekitten.com/640/480,50f85fc1-e16f-487f-aae8-36521406ff81
bc4be571-8241-47ab-a508-a9118b5031b4,7126NW,Inmobiliaria Ne,ullam,2007,Rojo,camion,9178.5,166.79,True,VBO0831,2025-07-15,2025-06-05T00:08:19.578614,IMEI28262221911,True,https://dummyimage.com/640x480,d96ab3b7-7e0e-4501-b44b-31c132a34bd3
5064bdeb-8904-4a5b-b761-5948504675dd,BI2004,Inversiones WH ,hic,2017,Naranja,furgoneta,3375.35,76.39,True,djS9888,2026-04-03,2025-06-05T00:08:19.578614,IMEI80606300335,True,https://picsum.photos/640/480,37245c6f-e2e8-4fa8-9f99-f53143a4ee3d
2252f667-8ff6-4439-a572-7b7dada51ab0,VI0592,Dionisia Santia,mollitia,2016,Púrpura medio,furgoneta,1855.63,116.71,False,wiq2319,2025-12-22,2025-06-05T00:08:19.578614,IMEI49781563072,True,https://dummyimage.com/640x480,697683ef-a377-4ad4-bdfd-6ec8268a58af
9dd8d26f-36cc-4092-a04d-578c222306b6,T2720,Instalaciones L,minus,2005,Verde bosque,furgoneta,714.29,56.89,False,Lgy4562,2026-04-30,2025-06-05T00:08:19.579615,IMEI54730842758,True,https://dummyimage.com/640x480,e1082cf1-0930-40d9-8249-a861364bdac4
269517ac-f859-4897-8077-c2d9f97ac855,PO9077,Vall y asociado,molestias,2012,Azul violeta,furgoneta,7564.66,88.08,True,HAc2552,2025-07-11,2025-06-05T00:08:19.579615,IMEI85968204300,False,https://dummyimage.com/640x480,4a3bdf88-e320-49f7-af29-07e528ac40fe
6f2a9c0b-0545-41c2-858d-7ddb974d8f58,P8734,Puig y Marqués ,eius,2020,Naranja oscuro,camion,5485.47,114.16,True,HzA6957,2026-03-08,2025-06-05T00:08:19.579615,IMEI23737327166,False,https://picsum.photos/640/480,04a1bbe3-2a6f-4eb4-b969-edc86d0e31b3
4a33c6dc-fc67-4a48-a61e-974b8e07414a,3938RN,Banca Privada K,labore,2006,Beige,camion,4774.08,65.08,False,DbV0289,2025-09-05,2025-06-05T00:08:19.579615,IMEI20874955192,True,https://dummyimage.com/640x480,e9b31ad4-800c-40f9-a045-0dd5d6c90de7
dd25a360-1035-4d7c-9d3a-c8529509b80e,2456HH,Luisa Gras Alca,ducimus,2023,Turquesa medio,furgoneta,5877.47,87.84,True,GAT0582,2025-09-07,2025-06-05T00:08:19.579615,IMEI68655675161,False,https://placekitten.com/640/480,1716753f-d415-4fd2-9897-c1db99f7ee6b
a6ff7029-7585-4491-bb12-2d7f6bdb3114,GC1881,Infraestructura,doloremque,2008,Amarillo dorado,furgoneta,6593.88,161.86,True,ADr3137,2026-05-29,2025-06-05T00:08:19.579615,IMEI24375328845,True,https://picsum.photos/640/480,ec2ea81f-e84b-4bf2-a0d4-d5e9a6bd0b03
5cd2199d-2bbb-4864-946a-b9321f2ffaa3,5643BD,Sáenz y asociad,perferendis,2025,Rosa caliente,camion,7647.62,183.88,True,wwh1576,2026-04-05,2025-06-05T00:08:19.579615,IMEI45195907150,False,https://placekitten.com/640/480,d26b78ad-d655-4788-8a57-6f55398dab7e
8791038e-c519-4f58-9b97-366cb134b4e8,CR2239,Farmaceútica RU,molestiae,2006,Marrón siena,furgoneta,1340.79,90.96,False,FsO1406,2025-09-26,2025-06-05T00:08:19.579615,IMEI73446187568,True,https://picsum.photos/640/480,30cb274b-af31-4613-bc4d-f42d1979f794
5352545f-dcbd-4c47-95df-d73e5a9cfa4c,1660LZ,Compañía DMH S.,fugit,2010,Verde mar oscur,camion,8154.51,91.1,True,BuZ1906,2026-05-15,2025-06-05T00:08:19.579615,IMEI37153241399,True,https://picsum.photos/640/480,ed69d931-8fca-4f34-815f-8e109f42c782
2d6881ff-d2b6-44ad-9685-41a133f8bfce,SE4064,Gómez y asociad,quos,2020,Chartreuse,camioneta,2217.89,56.54,True,NkE3723,2025-09-01,2025-06-05T00:08:19.580614,IMEI72417082492,True,https://placekitten.com/640/480,89aa59de-c742-4c9d-b70b-9d84775118ef
a486262a-b415-42ed-b7e5-c69f331e415b,1568BB,Castell & Asoci,numquam,2009,Caqui,furgoneta,6879.16,180.47,False,xzT0098,2025-11-20,2025-06-05T00:08:19.580614,IMEI75502053064,False,https://placekitten.com/640/480,b18eec02-bd97-44e5-8ff6-8a14cc9e7bf6
a4c911e0-a2a6-4e95-a0e4-b354c1e1f8d1,CE6909,Farmaceútica QJ,nulla,2007,Verde mar oscur,camioneta,7333.34,114.45,False,FSt8762,2025-12-01,2025-06-05T00:08:19.580614,IMEI20360752202,True,https://picsum.photos/640/480,c2ffeea2-9ae1-43ec-8258-51430a479c0b
6ccca75e-616c-4586-b89a-dc78ff6b3879,9055SF,Elías Bernat Ba,iusto,2023,Marrón caqui,furgoneta,4379.67,62.88,True,gZF2199,2026-02-09,2025-06-05T00:08:19.580614,IMEI24473376602,True,https://picsum.photos/640/480,1e7189c0-a578-48f9-ae80-f5bb8bba5c66
b9d1ca20-ef02-4c76-8ea3-6ba2e3a853d4,8192JP,Pascual Luís Oc,est,2018,Púrpura,camion,730.41,124.6,True,kuq4119,2025-10-04,2025-06-05T00:08:19.580614,IMEI34415968646,True,https://dummyimage.com/640x480,82aac3de-6993-4729-8536-b25c73367ef4
f82b87fc-1676-4d6d-a799-8aee33215844,GI5734,Alimentación Pi,a,2013,Salmón oscuro,furgoneta,6397.17,177.25,True,zKm9663,2025-10-26,2025-06-05T00:08:19.580614,IMEI23163033934,True,https://picsum.photos/640/480,4a3bdf88-e320-49f7-af29-07e528ac40fe
6980aaba-5002-4d2c-ad07-736403409a3b,4939DK,Hnos Bastida S.,excepturi,2013,Azul claro,camioneta,8784.32,132.69,True,Pth1453,2025-07-08,2025-06-05T00:08:19.580614,IMEI10110038796,True,https://picsum.photos/640/480,d7c0d5a3-9e87-4ef7-a649-565a79d22fc1
3c1b96ca-9c2b-40c4-b8f4-320887f13bef,CO3204,Suministros YN ,quod,2014,Beige papaya,furgoneta,9084.1,199.73,True,eAM2353,2025-12-17,2025-06-05T00:08:19.580614,IMEI29874879319,True,https://picsum.photos/640/480,fc11d5a3-7248-430f-a92d-a910a251e68e
12a48240-f5fd-416c-a4f1-eb941acb0ca9,O6709,Familia Rius S.,eius,2006,Amarillo dorado,camion,6052.81,130.49,True,WnF0935,2025-10-31,2025-06-05T00:08:19.580614,IMEI56610590487,True,https://dummyimage.com/640x480,ec2ea81f-e84b-4bf2-a0d4-d5e9a6bd0b03
0c6d6ad3-3354-41d0-9313-c1c66b89f134,9508PX,Supermercados B,iste,2008,Amarillo maíz d,furgoneta,4626.83,162.75,True,UQO0417,2025-09-28,2025-06-05T00:08:19.581612,IMEI16821203355,True,https://dummyimage.com/640x480,824658e2-b1e0-438d-9860-afb580e69ac8
89899a4a-e0a8-40ea-85d7-a82d56b07d8a,9848XG,Calvo y Sánchez,aliquam,2014,Caqui oscuro,furgoneta,5273.21,63.6,True,lZX4263,2026-01-15,2025-06-05T00:08:19.581612,IMEI93475998544,False,https://placekitten.com/640/480,aaee9314-0d15-4d56-8eb8-232a541a2ebe
5bf48360-8368-45f5-b8bd-66b5a25a6367,2650BT,Instalaciones I,maiores,2025,Almendra blanqu,furgoneta,989.15,120.22,False,vHH9114,2026-03-23,2025-06-05T00:08:19.581612,IMEI71188492211,True,https://placekitten.com/640/480,d123b1eb-a154-49a8-9983-3134533db388
1ae36919-97a6-4c5f-bc78-43455f8910a2,4247PG,Distribuciones ,facilis,2012,Gris pizarra cl,camioneta,1940.13,96.4,True,NXj5253,2026-04-11,2025-06-05T00:08:19.581612,IMEI74003469496,True,https://placekitten.com/640/480,b6491079-787c-4e13-b909-2ab7303d55cc
bc9b2754-b7e8-46c3-968b-f7b03060be5d,4750YS,Construcción Ar,neque,2019,Rojo carmesí,camioneta,9166.99,197.6,True,rzP5689,2025-07-06,2025-06-05T00:08:19.581612,IMEI45710240645,True,https://dummyimage.com/640x480,e1cd2056-ddc1-4203-9d6d-911eee509c13
6547b1c3-7cfb-492d-9714-820de3e68b3b,SO8110,Hermanos Martí ,perferendis,2018,Gris pizarra os,camion,5592.02,68.34,True,vyW7375,2026-01-19,2025-06-05T00:08:19.581612,IMEI67230351542,True,https://dummyimage.com/640x480,1e7189c0-a578-48f9-ae80-f5bb8bba5c66
76861665-44a8-48d3-ae8a-bda275d9efcf,LU0730,Vigil y Fernand,officia,2020,Azul marino,furgoneta,3659.46,176.08,True,Nai5738,2026-05-07,2025-06-05T00:08:19.581612,IMEI41143894523,True,https://placekitten.com/640/480,26713abd-588f-49e4-83bb-c4be8c50c518
469ef209-b631-495a-bf8a-169f057f503e,6461YN,Servicios Mur S,provident,2006,Orquídea medio,camion,6667.01,51.0,True,uMJ8657,2025-11-24,2025-06-05T00:08:19.581612,IMEI46335399578,True,https://placekitten.com/640/480,a7df93bf-13e7-48ea-bd9c-393e071ebe1f
84469d03-1525-4305-aaa7-52dda945a572,Z4814,Servicios VB S.,ipsa,2005,Marrón rojizo,camioneta,6157.74,154.94,False,DpP4157,2026-05-12,2025-06-05T00:08:19.582614,IMEI21398681028,True,https://picsum.photos/640/480,8b14115f-904b-436a-bc8d-60a2276d3d70
ad8159c0-2524-434a-8c33-bf537f9f4c47,TE4370,Roig y Roldán S,sint,2009,Azul cielo prof,camioneta,9257.88,140.08,True,XOx1415,2025-12-25,2025-06-05T00:08:19.582614,IMEI89120438764,True,https://dummyimage.com/640x480,edd15fdc-1a58-4010-ad53-fc95782a06f0
33ef6a6c-e89e-4b82-bb89-e129998d6748,BA6593,Hotel Ibéricos ,aliquid,2006,Verde bosque,furgoneta,4746.74,46.0,False,xzv8265,2025-10-21,2025-06-05T00:08:19.582614,IMEI63696157977,True,https://picsum.photos/640/480,89727002-13c5-4dcd-9082-bec29c92e697
1fd751b2-26b2-4a78-87b2-5f88e4bc3349,9412YD,Banco Crespi y ,dignissimos,2017,Púrpura medio,furgoneta,5308.85,49.77,False,nUk1984,2025-08-25,2025-06-05T00:08:19.582614,IMEI64914144898,True,https://placekitten.com/640/480,43b471cb-71e8-42ad-8ef5-6c0501933f44
83ac7f92-da84-4f2d-8d78-7e689478bba2,TE9971,Aroca y Jerez S,quasi,2008,Púrpura medio,camioneta,7212.79,193.28,True,iTo6627,2025-10-27,2025-06-05T00:08:19.582614,IMEI72987821660,True,https://placekitten.com/640/480,4c127780-0df5-4b8d-b03c-b0ef3885b3bf
c2362b7f-50d4-41a9-94e7-bb1cb5520725,LE8768,Transportes Piq,facilis,2022,Blanco navajo,camion,7204.53,194.08,True,YfG6196,2026-05-06,2025-06-05T00:08:19.582614,IMEI20850446920,False,https://placekitten.com/640/480,221bac78-7ec4-4166-972a-6ed942a63279
25516bb1-7d37-4895-9309-582908238370,MA4983,Adoración Vallé,excepturi,2021,Violeta oscuro,camioneta,5139.68,129.28,False,Lih3823,2026-04-28,2025-06-05T00:08:19.582614,IMEI11898284669,True,https://picsum.photos/640/480,54227fb2-eabe-407b-bafa-475233c6572b
5bb9ae29-dc29-4dd9-a553-f12ea1cf34f3,LO1931,Aguirre y Suare,excepturi,2004,Rojo anaranjado,camion,6937.01,55.67,False,plI3795,2026-01-16,2025-06-05T00:08:19.582614,IMEI15426759243,True,https://dummyimage.com/640x480,b11aadbd-d90f-474c-8787-6343c89975c1
5b44c513-3f16-419f-935a-60e9fd1ba32e,4598PK,Servicios Intel,porro,2006,Plata,camion,8914.63,162.82,True,uNc9881,2025-11-26,2025-06-05T00:08:19.582614,IMEI31494280284,False,https://placekitten.com/640/480,2c498ddd-fdf6-4406-8e82-b4572a205946
3ee2620d-10f2-4c1d-8665-f29f64b501f3,0444CT,Francisco Jose ,maiores,2010,Caqui oscuro,camion,6684.34,85.41,True,pHD5079,2026-03-21,2025-06-05T00:08:19.583614,IMEI63993292260,True,https://picsum.photos/640/480,1d5c27b1-9adb-45ad-b89b-742e10afc1ab
adde0f30-55e8-41d1-a7e0-d13cf9630aad,9936RM,Silvestre Barón,esse,2008,Verde primavera,camion,5584.13,119.86,True,uWT7705,2025-11-07,2025-06-05T00:08:19.583614,IMEI72166211811,True,https://dummyimage.com/640x480,c850b468-b051-48a3-8b0a-798e21169f83
2854ce8d-9591-4c07-a68c-9e2f96bd980d,MA6281,Moraleda y asoc,minima,2001,Rojo,camioneta,2337.5,104.14,False,Zpx1449,2025-11-23,2025-06-05T00:08:19.583614,IMEI51451307844,False,https://picsum.photos/640/480,87f986b1-7d73-4432-8ef7-8c8af8710785
8383eac6-e96a-4c59-96d7-778d4fbb3d03,7269SR,Banco Inteligen,possimus,2014,Rojo,camion,4228.98,132.73,True,FGi2517,2025-08-27,2025-06-05T00:08:19.583614,IMEI88569299443,True,https://placekitten.com/640/480,d5674a35-da4f-4590-996e-99e6736260d3
1c0648a0-33f6-4bd6-97ae-d3ffa8c56d1b,TE8699,Familia Quintan,quis,2005,Azul oscuro,camioneta,7516.94,199.44,True,bOj2170,2026-03-10,2025-06-05T00:08:19.583614,IMEI93509309817,True,https://dummyimage.com/640x480,61c01d60-89cc-4372-9151-fc7820a42a08
084c1579-259d-4588-9d38-a4cfad15a568,Z9819,Desarrollo Esca,nihil,2024,Azul cielo clar,camioneta,5165.73,197.59,True,lzl2457,2026-02-27,2025-06-05T00:08:19.583614,IMEI00967497949,False,https://picsum.photos/640/480,a2bf5123-c769-4f09-b2a6-dea036a87357
dd58c739-e461-4fb7-86a9-d812562cba50,9190NL,Consultoría Roc,quae,2013,Beige melocotón,camion,8894.38,130.71,True,HuW8077,2026-03-23,2025-06-05T00:08:19.583614,IMEI14287376499,True,https://picsum.photos/640/480,313e74c9-c15f-48ce-9c3c-8fe0bab3dade
ca270b40-df72-45cd-af92-a12ff4680d38,V5483,Desarrollo Inte,veniam,2017,Marrón rojizo,camioneta,4834.1,65.87,False,KZQ0992,2026-01-25,2025-06-05T00:08:19.583614,IMEI77991796023,True,https://placekitten.com/640/480,78fc512d-a1ea-4d3f-b107-4e302ac4187d
4c376d6c-064e-4320-ad18-9f097d143ec9,IB6962,Grau y Barral S,occaecati,2011,Caqui,camion,8541.25,73.39,True,RQZ1082,2025-08-27,2025-06-05T00:08:19.584615,IMEI44418803961,False,https://dummyimage.com/640x480,4191b578-4181-4904-8aa2-91b7c9391ea8
800fbcba-378a-4d58-936c-7b31f38c7008,2591BM,Hnos Cabañas S.,nisi,2013,Blanco encaje,camion,9068.75,149.69,True,dCD2564,2025-07-19,2025-06-05T00:08:19.584615,IMEI90258490378,True,https://dummyimage.com/640x480,fd29009a-1ab9-48e6-953b-188f32ca2f12
7b87a041-ea45-47d4-948d-1a89707c7f89,4287MR,Cabello y Rodrí,soluta,2002,Blanco concha,camioneta,8452.72,57.11,True,FcC2047,2025-08-27,2025-06-05T00:08:19.584615,IMEI03649949216,True,https://placekitten.com/640/480,71ac6874-0963-450f-9c9f-44d865459c3e
3bc3c86c-c754-4998-a78e-6941da692cbb,TO5329,León & Asociado,dolorum,2005,Azul anciano,camion,8582.84,162.32,False,AaO1147,2025-12-08,2025-06-05T00:08:19.584615,IMEI26150146535,True,https://placekitten.com/640/480,6c729ce4-2484-4722-b114-cd862cb6e2f2
d51ef234-4673-4b93-810e-21efb654faa6,O5896,Chamorro y Rico,fugit,2017,Amarillo dorado,camioneta,4131.17,68.3,False,cDW2915,2025-12-04,2025-06-05T00:08:19.584615,IMEI64758207735,True,https://placekitten.com/640/480,e1fd5b85-b84b-434e-b073-de1d9c81bf25
8cedda43-e916-4e15-848e-9b7d1f008bac,8882VW,Desarrollo YGQH,laborum,2011,Turquesa medio,camion,4780.4,118.1,True,SEs9142,2026-04-09,2025-06-05T00:08:19.584615,IMEI80441611857,False,https://dummyimage.com/640x480,1d5c27b1-9adb-45ad-b89b-742e10afc1ab
86c00e43-0496-4cf5-9a8c-60519d74b88f,NA8841,Farmaceútica Do,eaque,2005,Violeta oscuro,furgoneta,2716.76,43.92,False,UCG1254,2025-07-26,2025-06-05T00:08:19.584615,IMEI83216997948,True,https://dummyimage.com/640x480,8a8da460-8a01-41a1-a04e-38dd75dd3085
5be20dca-9f64-4819-9ad2-b5ffd633fbaf,7104YD,Supermercados B,ipsam,2023,Blanco menta,furgoneta,6660.39,188.33,True,cOq5009,2026-02-27,2025-06-05T00:08:19.585614,IMEI48535932128,True,https://placekitten.com/640/480,3d12d450-ab72-4396-ae4d-7b4b48ed54aa
6bf9cff0-7fe8-46d4-a0af-09c29dd3dc64,8540XW,Suministros Bay,dolor,2005,Amarillo verde,furgoneta,1336.66,80.59,False,URY4809,2026-04-14,2025-06-05T00:08:19.585614,IMEI09948866666,True,https://picsum.photos/640/480,b14ea5f3-7d91-4262-aff6-6b8f19576ae3
5709e1ac-8a8b-439b-9cb0-841bf9309f85,B0851,Elorza & Asocia,dolore,2012,Verde mar,camion,7287.5,175.49,True,XOd8423,2026-05-20,2025-06-05T00:08:19.585614,IMEI43804240077,True,https://dummyimage.com/640x480,635e34cf-a03e-4725-8dd7-ecbcf1809c09
91910b89-554f-4ee8-b108-6bb14f892abf,CS1024,Marcelino Rocha,odio,2007,Cian,furgoneta,947.51,114.27,True,bSR3966,2025-12-01,2025-06-05T00:08:19.585614,IMEI19536289855,True,https://placekitten.com/640/480,429bd7fb-b7a0-4390-8e0a-03e3ba597a16
aa3762c4-b093-44fd-9c7b-3d96e832ad77,4804CR,Hermanos Cabell,numquam,2005,Verde mar oscur,camion,2044.61,175.26,True,tSZ1815,2026-03-13,2025-06-05T00:08:19.585614,IMEI44015730922,True,https://dummyimage.com/640x480,a13993ab-45d5-4e46-9abd-83b5714ea344
fde6e873-67a1-448f-afb9-c60c08be55b8,V9298,Restauración Ib,soluta,2010,Índigo,furgoneta,9738.3,148.98,True,UBb5849,2025-11-28,2025-06-05T00:08:19.585614,IMEI76203687188,False,https://dummyimage.com/640x480,8235396e-34cc-4f97-9ad0-be60ffa29aaf
c598e70a-78b4-469f-9f76-9cd9125b681f,1572HD,Sosimo Caballer,quod,2007,Verde bosque,camion,7784.67,55.74,True,NAI3597,2025-08-22,2025-06-05T00:08:19.585614,IMEI08645015544,False,https://picsum.photos/640/480,3e9fd66d-02e4-48a1-807c-483ea7130da4
8a5baea7-2f58-4914-8627-4a75c6b8aed0,8446DS,Restauración Di,ipsum,2019,Rosa brumoso,camion,1690.62,138.99,True,Ses9649,2026-05-01,2025-06-05T00:08:19.586613,IMEI31328985985,True,https://picsum.photos/640/480,a3664404-7477-48da-af98-1cb70e871d18
c37b6718-9cc4-4c76-b58b-1b924abec47f,0847CF,Finanzas del No,a,2018,Marrón arena,camion,7406.24,163.53,True,nRf3490,2026-04-14,2025-06-05T00:08:19.586613,IMEI25108039145,False,https://dummyimage.com/640x480,8d538381-f8e7-4966-9a7d-75a053b64e03
9d14b93a-95d8-4798-9d51-45680a91905b,CO4271,Farmaceútica No,architecto,2007,Gris pizarra,camion,9865.14,171.33,False,MmA3216,2025-09-02,2025-06-05T00:08:19.586613,IMEI91631438456,True,https://picsum.photos/640/480,bee4e019-ecc8-4cab-9eb1-cd4568291c53
c70e5bb1-5dda-48e9-8211-250b24ab57ae,VA3464,Coca & Asociado,magnam,2001,Amarillo dorado,furgoneta,976.04,103.14,True,koM8279,2026-01-19,2025-06-05T00:08:19.586613,IMEI90384638519,True,https://dummyimage.com/640x480,1881e4cd-7c8d-4a25-a4eb-2574558dc79f
83edb97e-50e4-46ad-b426-6dcaa386829d,TO1359,Valentín y Vall,nostrum,2021,Salmón oscuro,furgoneta,8645.32,115.92,True,Gvh5861,2026-04-01,2025-06-05T00:08:19.586613,IMEI11687580541,True,https://dummyimage.com/640x480,8d538381-f8e7-4966-9a7d-75a053b64e03
cfb30780-45cc-4c02-a94d-aec26d208c2b,ZA8824,Servicios DRK S,quam,2016,Rojo oscuro,camioneta,2269.96,188.17,True,eWD5463,2025-12-04,2025-06-05T00:08:19.587614,IMEI52703192042,True,https://dummyimage.com/640x480,2cadcbfb-44c2-4601-abc0-52fbb7e5a61a
e7437871-27ec-4518-95ce-e41ef5eacb9d,0165MD,Lloret & Asocia,laboriosam,2007,Gris pizarra os,camion,6490.0,52.65,False,SUB1044,2025-08-30,2025-06-05T00:08:19.587614,IMEI39974307348,True,https://placekitten.com/640/480,fd85d3ac-6ad5-42fb-9fd3-77eabfe52bd3
647ce7c1-9c35-4c1d-ac01-4a2abcf211f8,Z5914,Navarro y Franc,autem,2025,Blanco humo,furgoneta,5849.05,159.15,True,KUA5282,2025-07-21,2025-06-05T00:08:19.587614,IMEI71808934287,False,https://picsum.photos/640/480,fee75ce3-2840-4715-ad14-73aa3be68876
ce599d7b-40de-4ecc-8ef2-8e4d6f263817,4369JL,Barros y Lledó ,impedit,2004,Gris pizarra,camioneta,2252.13,116.81,True,Gaf1034,2025-09-24,2025-06-05T00:08:19.587614,IMEI84944587325,True,https://picsum.photos/640/480,d6f70c95-2281-4d1b-86ce-29ba140bc93c
a5819e71-62e5-419f-acfc-91fad02e8298,4201ZJ,Inmobiliaria Me,tempore,2013,Amarillo trigo,furgoneta,1094.18,152.73,True,wqP3041,2026-02-18,2025-06-05T00:08:19.587614,IMEI62681397513,False,https://dummyimage.com/640x480,6a74a7e0-9486-495f-a5bb-1cc7de4e769e
c0d05c6a-9c6e-4aa0-82f9-93a33559047d,9295PX,Suministros Daz,minima,2018,Amarillo,camioneta,6724.57,159.76,True,Eeu8205,2026-05-16,2025-06-05T00:08:19.587614,IMEI04110953215,False,https://placekitten.com/640/480,fe0ed0da-2411-450b-85a1-dd7ef077564c
04426d5c-f707-43df-9410-7caca35a08e1,0394LP,Margarita Marín,et,2016,Gris oscuro,camion,6898.5,139.86,True,sSi6831,2026-05-04,2025-06-05T00:08:19.587614,IMEI65818312285,False,https://placekitten.com/640/480,84b4dec3-2fdf-478c-ad7c-34917663b6e9
1c2c4005-f0cd-421a-92e8-e5274afb8165,BA4099,Calderón y Carb,ut,2022,Índigo,camion,5501.9,83.83,False,nhN7716,2025-08-27,2025-06-05T00:08:19.588614,IMEI68953462388,False,https://placekitten.com/640/480,1c3f563c-6146-4feb-bd76-4d93225a2ce7
09a52650-86b5-48d4-9812-1c4f5408b2fd,5351LC,Banco GD S.Com.,modi,2024,Rosa caliente,furgoneta,5245.1,79.63,False,wNr6437,2025-12-22,2025-06-05T00:08:19.588614,IMEI15910913083,False,https://dummyimage.com/640x480,91f65af7-bbd9-4494-8c3d-a3b8bcdf9e19
a73aa916-729b-4d63-b870-1d91f05f00f2,GE5448,Cámara & Asocia,delectus,2023,Púrpura medio,furgoneta,1699.87,184.98,True,wzz8902,2025-08-01,2025-06-05T00:08:19.588614,IMEI25823018185,True,https://picsum.photos/640/480,69d30068-3f2e-459c-bcc7-87b64c930d96
45a9aa12-4964-4419-8b52-477ea3802fff,1943GB,Arregui y Boix ,deleniti,2018,Verde oscuro,furgoneta,7669.72,83.64,False,fHM9134,2025-12-28,2025-06-05T00:08:19.588614,IMEI27362970554,True,https://dummyimage.com/640x480,b36f37d4-27bf-456a-b435-c0092e868660
8534c038-d184-4bdf-bd8b-474669a06e0f,BU7008,Roma & Asociado,culpa,2012,Marrón madera r,camioneta,9090.37,180.75,True,qsk1211,2026-01-17,2025-06-05T00:08:19.588614,IMEI70406307441,True,https://placekitten.com/640/480,2c931ddb-fbb2-4e1c-861c-14d3fabbac51
23273906-d88d-4c82-b861-9f4f43403ad9,0853MG,Fábrica EBLS S.,voluptatem,2016,Rosa,furgoneta,7695.46,41.94,False,Mxc4920,2026-02-23,2025-06-05T00:08:19.588614,IMEI72407396633,True,https://picsum.photos/640/480,4191b578-4181-4904-8aa2-91b7c9391ea8
49769ec9-ed65-4c31-89b3-6b6222d52641,0674HC,Rubio y Miranda,architecto,2013,Azul oscuro,furgoneta,6673.0,74.64,True,EUg1080,2026-06-03,2025-06-05T00:08:19.588614,IMEI92299992193,False,https://dummyimage.com/640x480,d5674a35-da4f-4590-996e-99e6736260d3
9dfa1982-edeb-4838-97f9-8510775f7190,A3423,José María Tur ,itaque,2024,Lavanda,furgoneta,3875.87,187.77,True,mnB2722,2025-12-14,2025-06-05T00:08:19.588614,IMEI92408979418,True,https://placekitten.com/640/480,87f986b1-7d73-4432-8ef7-8c8af8710785
b0905b5d-1a96-4ca6-bd1e-2669ba43e39b,1824TY,Transportes SD ,cupiditate,2003,Agua-marina,camion,7108.56,64.89,True,wIZ9258,2025-10-13,2025-06-05T00:08:19.589615,IMEI37704145983,False,https://dummyimage.com/640x480,78fc512d-a1ea-4d3f-b107-4e302ac4187d
123a486f-a952-4e57-b49f-d5f0ed70e8e7,6365CK,Comercializador,omnis,2017,Orquídea,furgoneta,4646.13,89.32,True,cxo7703,2025-11-26,2025-06-05T00:08:19.589615,IMEI07566165600,True,https://picsum.photos/640/480,98e6f282-ee6f-4552-b926-8bedc9277e14
b1eeddee-6396-4c78-a227-e8df2ab8d085,SO0087,Suministros del,doloribus,2015,Azul azur,furgoneta,4115.85,79.0,False,oBF3561,2026-02-21,2025-06-05T00:08:19.589615,IMEI68743507230,False,https://placekitten.com/640/480,f34b490b-ca66-4f2d-b7b3-778b86951feb
b1254b11-5882-4df9-b3ca-ac01487cd0eb,3472JL,Celia Posada Yu,est,2024,Marrón perú,furgoneta,6635.68,167.51,True,gKw8421,2026-01-08,2025-06-05T00:08:19.589615,IMEI96077366885,True,https://dummyimage.com/640x480,3dc74b99-91cf-4827-8c59-88a9cd9d3156
0c988521-1875-447a-abc9-300635651d49,CR3579,Promociones PBR,ut,2018,Gris gainsboro ,camion,9110.31,74.48,True,FIB4820,2026-06-03,2025-06-05T00:08:19.589615,IMEI08394225072,False,https://dummyimage.com/640x480,ed69d931-8fca-4f34-815f-8e109f42c782
61b14514-f9f7-4a7f-95e5-092623e4ef0b,9455TR,Familia Pardo S,culpa,2019,Blanco floral,furgoneta,3141.73,94.9,True,jqp7233,2026-04-03,2025-06-05T00:08:19.590612,IMEI77286193033,True,https://picsum.photos/640/480,d2a4a449-9a1c-43ea-8f0e-89fd2177d4a5
a234362a-4cfa-4f33-8777-cdeb86016591,5937PF,Tecnologías Cer,unde,2007,Salmón oscuro,camioneta,4463.65,71.89,True,fEA3086,2026-05-09,2025-06-05T00:08:19.590612,IMEI22734186681,True,https://dummyimage.com/640x480,5cdcecb1-1af7-4552-b8d4-2a41db2f8372
cccb9799-13aa-4381-b3e4-d27ba2c1b191,BI5478,Supermercados C,atque,2003,Marrón rosado,camion,7233.41,81.13,True,VuE1560,2026-01-19,2025-06-05T00:08:19.590612,IMEI08715503969,True,https://placekitten.com/640/480,d6f70c95-2281-4d1b-86ce-29ba140bc93c
bdeedcaf-c9ed-49ff-9862-b78bd430672a,HU4186,Minería Mayol &,libero,2020,Azul real,camion,2045.44,60.42,False,raH5634,2026-03-23,2025-06-05T00:08:19.590612,IMEI99740488688,True,https://placekitten.com/640/480,26a8ed80-550b-421b-92bd-450710d38016
67a282e1-cfce-4c21-b03d-8b33cfe58f12,3826LV,Minería Quinter,labore,2004,Salmón claro,furgoneta,4350.49,103.29,False,JFH2759,2025-10-09,2025-06-05T00:08:19.590612,IMEI13256779980,True,https://dummyimage.com/640x480,fd29009a-1ab9-48e6-953b-188f32ca2f12
49885509-e722-4375-97e8-7dc42ea9a967,7118ML,Elías & Asociad,laudantium,2008,Azul claro,camioneta,3311.96,69.49,True,dHk5198,2025-07-14,2025-06-05T00:08:19.590612,IMEI28093115706,False,https://placekitten.com/640/480,2c498ddd-fdf6-4406-8e82-b4572a205946
c4e7e763-890c-4e4f-8f73-782f189f7424,0839VH,Fábrica MIP S.A,culpa,2025,Rojo tomate,furgoneta,4978.1,170.78,True,lEr4687,2026-02-27,2025-06-05T00:08:19.590612,IMEI41377666884,True,https://picsum.photos/640/480,4a3bdf88-e320-49f7-af29-07e528ac40fe
4fa1750f-ad99-4a56-9145-56e05aade3d7,9919JY,Juan Manuel Tor,quod,2001,Violeta oscuro,camioneta,1788.47,198.6,False,ezg4576,2025-08-17,2025-06-05T00:08:19.591612,IMEI28071475231,False,https://dummyimage.com/640x480,fc11d5a3-7248-430f-a92d-a910a251e68e
7899c098-8db0-4205-8f46-c380646350b1,6387NY,Soluciones del ,possimus,2002,Bisque,furgoneta,4585.16,127.03,False,TbU2637,2025-07-15,2025-06-05T00:08:19.591612,IMEI85734264033,True,https://placekitten.com/640/480,eac44f58-fbd2-4042-bb9d-b6a317f538e7
59619cf2-2f7e-446b-bcb3-5f6b4644a51f,SE3427,Che Vallejo Gel,asperiores,2001,Agua-marina,furgoneta,4264.19,177.16,False,qhq8368,2026-05-09,2025-06-05T00:08:19.591612,IMEI57963743140,False,https://picsum.photos/640/480,1afa0825-eae0-43c0-8b60-0473732076c8
5847f8ed-a07f-4aea-9715-2736efce36b5,CS7967,Roma & Asociado,optio,2023,Agua-marina,camioneta,8844.72,106.93,True,Yil5249,2025-09-12,2025-06-05T00:08:19.591612,IMEI41184102499,True,https://dummyimage.com/640x480,2c931ddb-fbb2-4e1c-861c-14d3fabbac51
6b493256-10e3-498a-831c-813df9514d3a,7093ZN,Escobar y Rodri,harum,2002,Azul oscuro,camion,579.67,65.46,False,vnG2090,2025-12-26,2025-06-05T00:08:19.591612,IMEI11252527822,True,https://placekitten.com/640/480,1d5c27b1-9adb-45ad-b89b-742e10afc1ab
5575628b-8aea-4370-a063-f112acd0e196,AV5671,Soluciones GMPK,praesentium,2010,Cyan oscuro,camion,5006.13,103.84,True,FSb0110,2025-11-23,2025-06-05T00:08:19.591612,IMEI70881223091,True,https://placekitten.com/640/480,c2a7be29-5088-4402-a4ce-9a1b2bbf7ff5
60a17d73-7933-498d-a77a-3014afb0c999,8777DJ,Luís y asociado,maxime,2015,Amarillo dorado,furgoneta,8386.22,85.24,True,Tez6609,2025-12-01,2025-06-05T00:08:19.591612,IMEI85105976828,True,https://placekitten.com/640/480,fd29009a-1ab9-48e6-953b-188f32ca2f12
55822977-feac-46b3-a2ae-533ef3b38f2d,1569RG,Tomas y asociad,impedit,2001,Violeta,furgoneta,2196.92,131.1,True,MXX9706,2025-07-05,2025-06-05T00:08:19.591612,IMEI93008656031,True,https://picsum.photos/640/480,c8db3472-d99c-4518-9438-c7b78456ac5e
027a4ad1-6be1-4810-9dc3-274a55bef4f1,AB6020,Farmaceútica de,quo,2023,Rojo tomate,furgoneta,5534.95,139.1,False,IFK0947,2025-10-05,2025-06-05T00:08:19.591612,IMEI31630413889,True,https://placekitten.com/640/480,45473c0d-fd92-4c53-8362-41e73a7101d4
12363a1f-fee6-423d-84c4-5bbc9ddb0399,0165RF,Manufacturas Ri,quam,2016,Cian,camion,5192.21,60.34,True,nDv9820,2026-03-23,2025-06-05T00:08:19.592613,IMEI35045712985,True,https://dummyimage.com/640x480,fdafe91c-3460-4edf-828e-c6e65fa44856
c431572e-b75a-4a11-8386-4c35bf5c1833,2376WL,Restauración Án,nulla,2001,Amarillo dorado,camion,5722.73,130.92,True,Del7418,2026-03-17,2025-06-05T00:08:19.592613,IMEI39063873588,True,https://picsum.photos/640/480,992353e1-ce25-4061-8661-be23f7427f8b
bca5d268-1b51-4649-b513-b83bf5ed2e4f,2167NL,Restauración LL,similique,2009,Gris oscuro,furgoneta,5732.45,131.86,True,kcv8404,2026-04-02,2025-06-05T00:08:19.592613,IMEI64534494752,False,https://dummyimage.com/640x480,8d347fcd-6150-420f-b677-55fca7d6c3be
cecd3237-dcbf-4521-92ae-b4d22fb654ab,CU5217,Eutropio Cerdá ,iste,2008,Rojo carmesí,furgoneta,9558.35,187.68,True,dpT1483,2025-10-18,2025-06-05T00:08:19.592613,IMEI88181579912,True,https://picsum.photos/640/480,1c3f563c-6146-4feb-bd76-4d93225a2ce7
f6af6009-7a52-478d-8a45-074927291bee,SA3305,Supermercados C,eveniet,2001,Gris,camion,3354.65,169.09,True,Fvg9115,2026-05-09,2025-06-05T00:08:19.592613,IMEI01080755126,False,https://placekitten.com/640/480,82aac3de-6993-4729-8536-b25c73367ef4
1cc73dce-5611-4e6f-9a99-ad86f51617e9,3782LZ,Hermanos Cortes,corrupti,2025,Rojo carmesí,camioneta,9681.98,40.69,False,vDX2299,2026-01-26,2025-06-05T00:08:19.592613,IMEI02933075330,True,https://dummyimage.com/640x480,e1cd2056-ddc1-4203-9d6d-911eee509c13
42f744b2-9e3d-4211-a075-e6bb70f853a4,PO3507,Casares y asoci,ipsa,2012,Blanco lavanda,furgoneta,8759.91,77.43,True,Byt1309,2025-09-18,2025-06-05T00:08:19.592613,IMEI15803775782,False,https://placekitten.com/640/480,8d538381-f8e7-4966-9a7d-75a053b64e03
427db1d8-bf06-46a2-83e3-3d4369c3dc16,5153DD,Manufacturas de,eius,2014,Púrpura,camioneta,2311.0,180.4,True,FqS4120,2025-12-30,2025-06-05T00:08:19.592613,IMEI92679872869,True,https://placekitten.com/640/480,54227fb2-eabe-407b-bafa-475233c6572b
0bd91331-80eb-457f-9be0-99a1e8469613,SA8542,Hermanos Arias ,possimus,2001,Verde oliva osc,camion,8184.93,93.22,True,wrG9074,2025-07-05,2025-06-05T00:08:19.593613,IMEI40027832076,True,https://dummyimage.com/640x480,26a8ed80-550b-421b-92bd-450710d38016
a15ef59c-ea71-46f9-a8d7-464e16c73190,H2445,Farmaceútica Ll,qui,2017,Violeta sonroja,camion,9828.77,124.82,False,LWE1476,2026-03-06,2025-06-05T00:08:19.593613,IMEI19975951833,True,https://placekitten.com/640/480,786cdb53-b307-4b3e-b14e-10de302c3b70
777e05b4-45fb-45ce-b4df-d21c92f88836,5931LY,Grupo Morera S.,impedit,2007,Naranja,furgoneta,5153.79,161.83,True,dET3052,2025-08-19,2025-06-05T00:08:19.593613,IMEI40835709092,True,https://picsum.photos/640/480,91f65af7-bbd9-4494-8c3d-a3b8bcdf9e19
0c4845d5-03fc-4de4-bb77-da0977b5eba4,0928PP,Talleres Gaya S,nemo,2015,Amarillo verde,camion,1408.28,103.68,True,bql1396,2026-03-19,2025-06-05T00:08:19.593613,IMEI07449461564,True,https://placekitten.com/640/480,2eee8c70-7ac2-4109-856f-9e5698f13794
92be7649-dc6b-4afe-944f-2fd1186e80d0,T7085,Albero y Amorós,porro,2020,Cian clarto,furgoneta,3426.16,156.2,False,MkW5096,2026-03-14,2025-06-05T00:08:19.593613,IMEI81089589148,True,https://placekitten.com/640/480,6a727750-f5ec-4342-8b03-07a0df3c39b9
e53d227e-6ab4-4699-aa05-230dddc6628b,A2062,Finanzas UUJO S,sed,2018,Azul cielo,camion,7448.19,96.37,True,Vwk5361,2026-05-30,2025-06-05T00:08:19.593613,IMEI35990336735,True,https://dummyimage.com/640x480,e39b5846-e8cf-4d74-811a-04f5d5e9c89d
a002ba7a-1686-435c-b88e-c5fe276f288b,2322ZH,Grupo Barrera S,sequi,2020,Azul Alicia,camion,7820.18,107.91,True,CyL7066,2026-04-06,2025-06-05T00:08:19.593613,IMEI81262471551,True,https://dummyimage.com/640x480,a059aa7d-5870-447e-85a5-a962d1ef0176
9d5f2555-d120-40ad-b3ef-e009ed5b975d,SS7458,Hnos Baquero S.,facilis,2025,Azul marino,furgoneta,1012.01,171.31,True,tNR6216,2025-12-06,2025-06-05T00:08:19.593613,IMEI08806426138,False,https://placekitten.com/640/480,cb75f495-50d2-462b-a62c-777370c33cc8
176a9493-2971-47bb-8470-65a9a49f0a78,TF4840,Suministros Pei,maiores,2005,Blanco nieve,camioneta,5705.66,198.97,True,OKz0435,2025-10-31,2025-06-05T00:08:19.593613,IMEI79704333751,True,https://picsum.photos/640/480,22fe8ba1-a6e4-417b-9240-ac3db7e09d78
bf29009c-46ef-44be-89ec-9bef437e5474,GU3291,Supermercados C,vel,2020,Turquesa oscuro,camioneta,3474.67,198.44,True,tRw0088,2025-07-28,2025-06-05T00:08:19.594613,IMEI40202986001,True,https://picsum.photos/640/480,497349d1-0102-47bf-8a33-25c239530ea5
e899fa46-73d5-4305-b8f9-481d5405471c,3300VL,Hnos Santiago S,corporis,2010,Lavanda,camioneta,5950.98,44.79,True,Tjh8857,2025-10-19,2025-06-05T00:08:19.594613,IMEI44737019014,True,https://placekitten.com/640/480,b961b5f3-df31-4687-8da8-c4fd9f5c15f5
4324c4e4-0e64-4b08-ae2a-a90ef202c7fb,8733XP,Soluciones Avan,quisquam,2008,Gris oscuro,camioneta,9534.07,174.91,True,tJW5404,2026-04-11,2025-06-05T00:08:19.594613,IMEI98940894588,True,https://placekitten.com/640/480,6a74a7e0-9486-495f-a5bb-1cc7de4e769e
36773b42-7abf-493e-b3f2-41c641b56eb0,4154HD,Rodríguez y Mor,totam,2005,Blanco nieve,camioneta,7946.61,164.45,True,EeT1308,2025-10-08,2025-06-05T00:08:19.594613,IMEI13990743560,False,https://picsum.photos/640/480,97334f1d-e559-45c4-ae39-a75e2f055687
ee0f9789-51e9-4365-9248-269661fe7e9a,P2018,Despacho FJBX S,assumenda,2000,Rosa,furgoneta,1885.63,77.39,True,UMw3398,2026-06-01,2025-06-05T00:08:19.594613,IMEI27293058238,False,https://placekitten.com/640/480,a13993ab-45d5-4e46-9abd-83b5714ea344
7ca0b080-944c-43f6-ad0a-fb83cf259208,VA3172,Supermercados O,maiores,2002,Verde claro,camion,9735.18,132.63,True,RyU8184,2025-08-09,2025-06-05T00:08:19.594613,IMEI70063673677,True,https://placekitten.com/640/480,12336382-cece-40b0-b424-74803238b7ed
2a8f1a21-9540-4816-a726-ef196376fd2a,CC5973,Verdú y Pellice,aperiam,2015,Gris mate,camioneta,6830.72,194.19,True,AzL7099,2025-11-04,2025-06-05T00:08:19.594613,IMEI35912875920,False,https://dummyimage.com/640x480,3d3ea4c7-d4cd-4afa-a416-bbb8ebefe34b
55ee2338-233f-4471-adf8-7bc366c954c0,OR4782,Hnos Estevez S.,occaecati,2001,Amarillo dorado,camion,6695.39,169.72,True,pEQ9597,2025-12-03,2025-06-05T00:08:19.594613,IMEI27946706518,False,https://dummyimage.com/640x480,1afa0825-eae0-43c0-8b60-0473732076c8
3bba2508-7296-43bc-b6c4-a1596db6f23f,3573TT,Hotel Vilalta S,totam,2018,Chartreuse,camion,997.11,84.45,False,KpU9854,2025-09-24,2025-06-05T00:08:19.594613,IMEI24031466452,False,https://dummyimage.com/640x480,d7c0d5a3-9e87-4ef7-a649-565a79d22fc1
932bd911-2445-40b8-97f1-e959d0083a6d,LE2636,Comercial Arnai,explicabo,2022,Beige papaya,camioneta,3262.8,61.84,True,AGX8246,2026-05-06,2025-06-05T00:08:19.595613,IMEI64923319186,True,https://placekitten.com/640/480,8c2e21f3-658c-4d23-9285-728d9d383e78
5f174359-9c61-476d-8236-26d78538d859,CR8336,Despacho Fábreg,totam,2017,Azul polvo,camioneta,5219.77,82.99,True,tEm2681,2026-04-21,2025-06-05T00:08:19.595613,IMEI38650829990,False,https://picsum.photos/640/480,73509ad7-c973-4e87-a1a0-7d7cb22e1cbb
ab184c5f-8110-4fab-8434-fedf69f666a7,GR0444,María Ángeles V,dolor,2012,Turquesa,camioneta,8425.09,125.53,True,yoE9784,2026-01-27,2025-06-05T00:08:19.595613,IMEI44732896582,True,https://placekitten.com/640/480,9672bd1d-ca59-4099-8c8a-d0eb84334b04
47e6d554-3d2d-4ec0-be8f-f58f040d39de,PO0499,Familia Peiró S,qui,2010,Azul acero clar,camion,9279.22,43.12,True,vfH7669,2026-06-05,2025-06-05T00:08:19.595613,IMEI13317281321,True,https://dummyimage.com/640x480,345ec977-4bf5-47dd-886e-0fb2cc1e7acc
c3eb04b6-db3a-4971-b47d-3eeb0ac3a52e,5034PC,Grupo Blázquez ,cum,2019,Chartreuse,camioneta,6464.28,176.38,True,jNB5080,2025-12-07,2025-06-05T00:08:19.595613,IMEI17545062030,True,https://dummyimage.com/640x480,26358019-2575-4fa2-9887-6fb4f7774e47
fead680c-5cb4-4042-8bfc-7e68c9ccc2d4,3730SN,Comercializador,vero,2008,Coral claro,camioneta,5964.64,77.69,True,SoP7986,2025-09-02,2025-06-05T00:08:19.595613,IMEI63466643221,False,https://picsum.photos/640/480,f1b27759-9dbc-473c-a6ab-8d4c2e132b11
fc60c6bb-207e-4946-ad3d-74b37bbf8dda,ZA2008,Supermercados H,impedit,2017,Azul cielo clar,furgoneta,3656.02,145.48,False,Lwn4980,2025-09-29,2025-06-05T00:08:19.595613,IMEI34880239825,True,https://dummyimage.com/640x480,eac44f58-fbd2-4042-bb9d-b6a317f538e7
8733046e-08ac-489d-a1d7-9fb026473a7e,LO7530,Casanova y Here,voluptate,2012,Marrón arena,furgoneta,3375.89,57.57,True,KJc0586,2026-05-30,2025-06-05T00:08:19.595613,IMEI46356951798,True,https://dummyimage.com/640x480,fdafe91c-3460-4edf-828e-c6e65fa44856
dfa2c894-4523-4528-8acb-c5f9410eb17b,5125WX,Calleja y Alber,reiciendis,2004,Marrón rojizo,camion,9739.54,80.11,False,gcj0478,2025-07-28,2025-06-05T00:08:19.596613,IMEI50519870648,True,https://placekitten.com/640/480,f6469f46-79b4-44d4-b214-c3e1267ba3a5
e02f02e1-9a5b-4475-88eb-da0155fa0b0f,AL7831,Cuadrado y Colo,perspiciatis,2023,Azul acero,camion,8620.24,50.25,False,ViK6525,2026-05-14,2025-06-05T00:08:19.596613,IMEI84664009368,True,https://dummyimage.com/640x480,fd65324e-77e0-4b17-a69d-dfc55b4c13c5
5f0cfb93-e231-499d-8578-6d7e67f33f17,6603KJ,Querol y Vidal ,a,2005,Blanco fantasma,camioneta,4450.47,94.62,True,vmg4449,2026-05-10,2025-06-05T00:08:19.596613,IMEI61473143166,True,https://picsum.photos/640/480,c1ce271d-30ce-4197-beb0-e38ac09d0579
9330cd21-32b0-4acd-a7dc-62231d5dbd14,6422MM,Cabeza y Navas ,reiciendis,2021,Amarillo maíz d,furgoneta,6995.96,112.13,True,VER6025,2025-11-11,2025-06-05T00:08:19.596613,IMEI30456835303,False,https://picsum.photos/640/480,6f81cdce-f444-48ad-bcc0-b987e28e38e8
e713e29b-1a97-4cd8-aa3a-ef76f8280a4a,3159TP,Paz Barral Sure,officiis,2017,Violeta,camioneta,7566.69,139.79,True,Ljb0290,2026-03-17,2025-06-05T00:08:19.596613,IMEI53329190193,True,https://picsum.photos/640/480,a9ecb8c3-40d0-4761-8773-93f5fa62ab9e
7ca73679-3eb7-4ce8-9ded-b7c82dd059a3,SO9387,Poza & Asociado,ducimus,2015,Verde bosque,camion,3196.92,142.26,False,wsl6659,2026-03-03,2025-06-05T00:08:19.597614,IMEI72455661668,True,https://placekitten.com/640/480,af241b4e-fcc3-4c96-8119-8c4119ace35e
fb4ed2c4-3133-4441-825f-19926f6def5d,A2098,Consultoría Aya,neque,2008,Azul Alicia,camion,2183.06,147.1,True,aih2788,2026-02-13,2025-06-05T00:08:19.597614,IMEI30455877021,True,https://placekitten.com/640/480,c2ffeea2-9ae1-43ec-8258-51430a479c0b
2f0eb02c-76c4-41ed-8d24-d83872f07d8e,LU1403,Suministros BSN,nulla,2023,Azul acero,camioneta,1411.58,119.84,True,kPl7307,2025-11-23,2025-06-05T00:08:19.597614,IMEI82351714352,True,https://placekitten.com/640/480,2d21d2ea-6209-4462-bba2-6da5a7aa03d4
e3bb85c8-1ca8-4240-9a14-6e3c892365fe,2209WJ,Rodrigo Portill,doloribus,2018,Azul acero clar,camioneta,8846.98,130.05,True,Syc4473,2026-03-26,2025-06-05T00:08:19.597614,IMEI42630403525,True,https://placekitten.com/640/480,8369ee32-a457-47c4-bcd0-7134c02e0993
d8d2ef2a-e259-45a7-b64e-4147dde7cfe0,7377CX,Consultoría Gab,assumenda,2025,Coral,camioneta,6208.56,80.34,True,VFs1443,2026-05-04,2025-06-05T00:08:19.597614,IMEI34415951168,False,https://placekitten.com/640/480,e1e13edc-4276-4517-9cb2-c60e686f9bac
8d84875d-973a-4c22-9160-b9e72f920cb0,GI9203,Banco LPC S.A.T,voluptatum,2021,Azul polvo,furgoneta,5353.14,67.46,True,lDk9215,2025-12-24,2025-06-05T00:08:19.597614,IMEI03293557625,True,https://placekitten.com/640/480,70e33cf5-b109-4662-9262-4cbd45a4d0cd
5c60571a-dd49-4e8b-b9ee-dab53120d700,6631PC,Suministros Ara,blanditiis,2011,Oro,camioneta,1850.42,152.33,True,nGC1482,2026-01-31,2025-06-05T00:08:19.597614,IMEI42371927509,True,https://dummyimage.com/640x480,c2a7be29-5088-4402-a4ce-9a1b2bbf7ff5
f9d90b5d-a287-4269-ac5d-88b3971f920c,3778MW,Mayoral & Asoci,enim,2015,Cian,camioneta,6678.99,163.04,True,NLN1304,2026-02-24,2025-06-05T00:08:19.598614,IMEI58729929108,True,https://dummyimage.com/640x480,22fe8ba1-a6e4-417b-9240-ac3db7e09d78
3acab395-4b18-4f38-8a8d-5b097793542c,MU3017,Grupo Marti S.C,tenetur,2013,Blanco fantasma,camion,4278.0,108.45,True,BFl8060,2026-01-12,2025-06-05T00:08:19.598614,IMEI43821252016,True,https://dummyimage.com/640x480,d06cd773-f809-4449-a156-3ca4fa358775
e8fff06c-8520-403a-87a3-c401b101f0b5,6740RT,Despacho Castel,molestias,2011,Rojo oscuro,camioneta,7793.62,60.32,True,VOJ2964,2026-05-03,2025-06-05T00:08:19.598614,IMEI55283339690,False,https://dummyimage.com/640x480,b14ea5f3-7d91-4262-aff6-6b8f19576ae3
f97785c7-d62b-42f2-9084-a6850dc0fbf8,IB5337,Pérez & Asociad,ex,2011,Azul marino,furgoneta,4356.63,171.06,True,HSm4527,2025-08-14,2025-06-05T00:08:19.598614,IMEI48169556704,True,https://picsum.photos/640/480,d7c0d5a3-9e87-4ef7-a649-565a79d22fc1
f1204811-859c-414a-b7e0-1f65757613ad,6071WJ,Consultoría Arr,unde,2006,Orquídea medio,camion,8753.4,96.8,True,OHx8135,2026-02-14,2025-06-05T00:08:19.598614,IMEI73757188759,True,https://placekitten.com/640/480,176b87d7-0bf5-464c-9de4-4c795f0ef336
27843cab-3a1e-429c-92af-cc2e831198e6,BA3289,Comercializador,non,2024,Amarillo claro,camioneta,9964.54,56.18,True,XIK8111,2025-08-05,2025-06-05T00:08:19.598614,IMEI83736960335,False,https://dummyimage.com/640x480,e39b5846-e8cf-4d74-811a-04f5d5e9c89d
ec8e0108-436c-4571-a78a-3a387865ace9,B1155,Pinedo y Valle ,similique,2000,Rojo indio,furgoneta,2859.24,58.54,True,kAx5418,2026-02-22,2025-06-05T00:08:19.598614,IMEI53235358825,True,https://placekitten.com/640/480,345ec977-4bf5-47dd-886e-0fb2cc1e7acc
47272590-3dd2-425d-a4d3-4ca3cc3d6947,S2666,Servicios Gámez,eveniet,2017,Cyan oscuro,furgoneta,8440.88,95.43,True,lHj2445,2025-11-03,2025-06-05T00:08:19.598614,IMEI44980229062,True,https://placekitten.com/640/480,cae72d84-2447-41d9-bd0f-c209c3d5c2be
c1a3904a-a01d-4c62-b2f9-05ac28abb6fe,PO7066,Minería Rojas S,tempora,2001,Rojo oscuro,camion,2883.29,150.82,True,kbr1542,2026-04-12,2025-06-05T00:08:19.599613,IMEI65182302688,False,https://picsum.photos/640/480,fd29009a-1ab9-48e6-953b-188f32ca2f12
9cc2678c-eb06-4f40-aeb4-0cf20927fe9e,0945PZ,Grupo Sola S.Co,iusto,2007,Blanco humo,furgoneta,9859.64,101.66,True,Cpy0940,2026-05-22,2025-06-05T00:08:19.599613,IMEI51018555183,False,https://dummyimage.com/640x480,73509ad7-c973-4e87-a1a0-7d7cb22e1cbb
d3c2091c-94e5-419e-b2f7-3e63b55ea14a,5833CT,Manufacturas Be,autem,2009,Gris pizarra os,camioneta,5041.75,155.33,True,zlP0954,2025-08-12,2025-06-05T00:08:19.599613,IMEI65759714777,True,https://picsum.photos/640/480,3dc74b99-91cf-4827-8c59-88a9cd9d3156
f5166867-6682-4217-a498-025ccebcf8d9,8846XW,Grupo Chacón S.,neque,2000,Verde,camioneta,7944.95,164.64,True,dGq2550,2025-08-21,2025-06-05T00:08:19.599613,IMEI06901535760,True,https://picsum.photos/640/480,7e856126-fd5d-494a-9282-fc8fb2d90b14
09c5fc1d-780e-44b0-95de-1408eb345430,GR7587,Hnos Tur S.L.,omnis,2019,Marrón perú,camioneta,7617.43,69.92,True,nDQ5515,2026-02-15,2025-06-05T00:08:19.599613,IMEI20524354605,True,https://dummyimage.com/640x480,97324d1f-aa3b-4f3e-8119-87e005f7deba
3e27d6be-dae2-41e9-85f4-cf97125f76cd,3608LG,Fernandez y Gir,corporis,2014,Púrpura medio,camioneta,1743.65,153.47,False,KVa2031,2025-10-02,2025-06-05T00:08:19.599613,IMEI09663552568,True,https://picsum.photos/640/480,1753ae81-2aef-4944-aa85-27ba436b3c6e
2d2c1fd8-6912-4049-befe-3fdb76ad1f04,VI7996,Hernández y Gal,ipsa,2006,Gris claro,camion,2144.68,132.92,False,LKK4098,2025-09-03,2025-06-05T00:08:19.599613,IMEI18406109009,True,https://placekitten.com/640/480,c1ce271d-30ce-4197-beb0-e38ac09d0579
094ccf8f-9443-4dc5-b7e3-5a0d3e631f04,MA0599,Marianela Carra,enim,2022,Rosa caliente,furgoneta,6086.86,171.47,False,bjU9688,2026-04-27,2025-06-05T00:08:19.600613,IMEI37384189755,True,https://dummyimage.com/640x480,9284e405-8ea7-43c1-bcef-fd0e9de64b0e
534fa43f-8de0-4924-b25c-0da3e52ae6da,5316VR,Hotel Iñiguez &,eos,2021,Azul cielo,camion,9287.1,107.87,True,XfV9922,2026-04-20,2025-06-05T00:08:19.600613,IMEI13682218728,False,https://placekitten.com/640/480,d30579d5-1f8a-4e65-b826-72b797b2492a
de3eba0b-55fb-437d-9abd-6075187cb5d8,PO9350,Luna Jara Cabo ,temporibus,2005,Azul,camion,6411.82,159.13,True,zKQ0529,2025-11-23,2025-06-05T00:08:19.600613,IMEI76177753192,False,https://picsum.photos/640/480,bfb25689-14f7-4d4c-9ab0-22f1b7c2ece5
6c01ac2c-8040-43a4-9b7e-a6f1c4975145,SG2011,Distribuciones ,suscipit,2011,Blanco lino,furgoneta,6730.35,81.47,True,pmK6297,2026-03-03,2025-06-05T00:08:19.600613,IMEI79992598390,True,https://dummyimage.com/640x480,a40d8039-d807-44a8-94de-e9bd1d8c7c68
c10af4b6-919e-47c0-8910-1006c664c295,OU3428,Roda y Duarte S,nesciunt,2001,Azul pizarra os,camion,2676.22,83.66,True,zMg8839,2025-10-02,2025-06-05T00:08:19.600613,IMEI56267733798,True,https://dummyimage.com/640x480,51a4a869-b4d7-44c9-bd24-f818612ebff8
e6e514bd-ac88-4209-bf75-9bdb6576f336,5402KW,Emelina Barrio ,accusamus,2022,Verde azulado,furgoneta,9607.97,132.82,True,SQf1688,2026-03-01,2025-06-05T00:08:19.600613,IMEI13535129875,True,https://picsum.photos/640/480,bcf3e07b-2e21-41be-9af7-d2e5f486165f
f32b7ee5-aa57-4bce-9f61-8a821d0ec305,MU7173,Amores y asocia,repellendus,2017,Naranja oscuro,camion,7571.0,131.32,True,Leu7522,2025-08-16,2025-06-05T00:08:19.600613,IMEI60856991526,False,https://placekitten.com/640/480,1716753f-d415-4fd2-9897-c1db99f7ee6b
2f308795-32ad-4bcd-a687-c92b0925b3f8,9185VK,Farmaceútica To,esse,2018,Amarillo dorado,furgoneta,7043.98,67.63,True,kaZ2205,2025-12-24,2025-06-05T00:08:19.600613,IMEI77910707380,False,https://picsum.photos/640/480,5791569d-38d9-4030-ad40-aa8b9fbd15cc
9f1c8cc0-fa38-45d0-8db6-ac6d284a3293,CS3500,Juan Bautista P,fugiat,2001,Blanco fantasma,camion,5069.4,42.82,True,LzO3097,2025-08-06,2025-06-05T00:08:19.601612,IMEI53677605172,False,https://placekitten.com/640/480,e1fd5b85-b84b-434e-b073-de1d9c81bf25
e70cce06-4209-48b6-be10-580b8d4c3688,3380ZS,Minería Tudela ,excepturi,2022,Verde bosque,camioneta,5286.58,46.74,False,zaV0848,2025-07-18,2025-06-05T00:08:19.601612,IMEI63315472275,True,https://dummyimage.com/640x480,f8e77acc-0671-43f6-a97a-203d592f9d13
ad71ec91-6609-4ea4-aa6f-4084ad5d888e,AL1797,Ibán Estévez As,minima,2002,Amarillo claro,camion,6851.42,58.14,True,NZn4355,2025-07-28,2025-06-05T00:08:19.601612,IMEI79240421885,True,https://placekitten.com/640/480,7e856126-fd5d-494a-9282-fc8fb2d90b14
ff07690c-2b31-4712-a902-d92f5ef5a6ea,2097DG,Talleres Carpio,similique,2021,Púrpura,camion,3961.69,185.86,True,WVC4517,2026-05-10,2025-06-05T00:08:19.601612,IMEI71136432565,True,https://placekitten.com/640/480,82aac3de-6993-4729-8536-b25c73367ef4
abce16e8-84c6-40b3-8389-907ac565efd9,8327YT,Petrona Alcalá ,ipsa,2005,Gris pizarra,furgoneta,7831.73,69.59,True,gkw4778,2025-07-06,2025-06-05T00:08:19.601612,IMEI98027256577,False,https://picsum.photos/640/480,9cbb24cd-cecd-4a85-ae6b-d3bbee01570f
341143d5-2e82-4ddd-a19e-911b7af091ac,8208CJ,Inmobiliaria AX,odit,2001,Amarillo trigo,furgoneta,2434.15,78.03,True,nul3355,2025-12-22,2025-06-05T00:08:19.601612,IMEI39537702010,False,https://picsum.photos/640/480,f8083d2b-3f83-4840-af36-ce810673eea7
d6c8018a-b671-4a55-bb24-afaee3e055b7,T9803,Ferrando y asoc,repellat,2013,Azul,camion,9521.08,51.39,True,sAa4267,2025-10-08,2025-06-05T00:08:19.601612,IMEI60494694181,False,https://placekitten.com/640/480,645067ab-7f47-43d9-a1fb-2fc26e734a8a
4395fe5e-50ee-47b9-855e-f1d2986851cf,LO0241,Compañía Ibéric,excepturi,2017,Azul violeta,furgoneta,3873.96,60.6,False,uJW9147,2025-09-12,2025-06-05T00:08:19.601612,IMEI67541882704,False,https://picsum.photos/640/480,fee14ca3-08c8-4281-a84a-fa878689a885
